ISO-10303-21;
HEADER;
/* Generated by software containing ST-Developer
 * from STEP Tools, Inc. (www.steptools.com) 
 */
/* OPTION: using custom renumber hook */

FILE_DESCRIPTION(
/* description */ ('STEP AP242 Edition 2',
'CAx-IF Rec.Pracs.---Representation and Presentation of Product Manufa
cturing Information (PMI)---4.0---2014-10-13',
'CAx-IF Rec.Pracs.---3D Tessellated Geometry---0.4---2014-09-14','2;1',
'CAx-IF Rec.Pracs.---User Defined Attributes---1.5---2016-08-15'),
/* implementation_level */ '2;1');

FILE_NAME(
/* name */ 'Launcher',
/* time_stamp */ '2026-05-18T09:54:26Z',
/* author */ (''),
/* organization */ (''),
/* preprocessor_version */ 'ST-DEVELOPER v20',
/* originating_system */ 'ONSHAPE BY PTC INC, 1.215',
/* authorisation */ '  ');

FILE_SCHEMA (('AP242_MANAGED_MODEL_BASED_3D_ENGINEERING_MIM_LF { 1 0 10303 442 3 1 4 }'));
ENDSEC;

DATA;
#10=SPHERICAL_SURFACE('',#9786,34.925);
#11=SPHERICAL_SURFACE('',#9788,37.465);
#12=ELLIPSE('',#9484,41792.8454122166,43.18);
#13=ELLIPSE('',#9485,41792.8454122166,43.18);
#14=ELLIPSE('',#9506,36876.0400696029,38.1);
#15=ELLIPSE('',#9507,36876.0400696029,38.1);
#16=ELLIPSE('',#9671,41792.8454122166,43.18);
#17=ELLIPSE('',#9672,41792.8454122166,43.18);
#18=ELLIPSE('',#9687,36876.0400696029,38.1);
#19=ELLIPSE('',#9688,36876.0400696029,38.1);
#20=B_SPLINE_CURVE_WITH_KNOTS('',3,(#13767,#13768,#13769,#13770,#13771,
#13772,#13773),.UNSPECIFIED.,.F.,.F.,(4,1,1,1,4),(0.,0.00273031237315519,
0.00546062474631039,0.00819093711946558,0.0109212494926208),
 .UNSPECIFIED.);
#21=B_SPLINE_CURVE_WITH_KNOTS('',3,(#13787,#13788,#13789,#13790,#13791,
#13792,#13793),.UNSPECIFIED.,.F.,.F.,(4,1,1,1,4),(0.,0.0032839948226166,
0.0065679896452332,0.0098519844678498,0.0131359792904664),.UNSPECIFIED.);
#22=B_SPLINE_CURVE_WITH_KNOTS('',3,(#13811,#13812,#13813,#13814,#13815,
#13816,#13817),.UNSPECIFIED.,.F.,.F.,(4,1,1,1,4),(0.,0.00273031237315519,
0.00546062474631038,0.00819093711946557,0.0109212494926208),
 .UNSPECIFIED.);
#23=B_SPLINE_CURVE_WITH_KNOTS('',3,(#13874,#13875,#13876,#13877,#13878,
#13879,#13880),.UNSPECIFIED.,.F.,.F.,(4,1,1,1,4),(0.,0.00273062198178806,
0.00546124396357611,0.00819186594536417,0.0109224879271522),
 .UNSPECIFIED.);
#24=B_SPLINE_CURVE_WITH_KNOTS('',3,(#13898,#13899,#13900,#13901,#13902,
#13903,#13904),.UNSPECIFIED.,.F.,.F.,(4,1,1,1,4),(0.,0.0032845346783291,
0.0065690693566582,0.00985360403498731,0.0131381387133164),
 .UNSPECIFIED.);
#25=B_SPLINE_CURVE_WITH_KNOTS('',3,(#13918,#13919,#13920,#13921,#13922,
#13923,#13924),.UNSPECIFIED.,.F.,.F.,(4,1,1,1,4),(0.,0.00273062198178806,
0.00546124396357611,0.00819186594536417,0.0109224879271522),
 .UNSPECIFIED.);
#26=B_SPLINE_CURVE_WITH_KNOTS('',3,(#14385,#14386,#14387,#14388,#14389,
#14390,#14391),.UNSPECIFIED.,.F.,.F.,(4,1,1,1,4),(0.,0.0027303123731552,
0.0054606247463104,0.00819093711946561,0.0109212494926208),
 .UNSPECIFIED.);
#27=B_SPLINE_CURVE_WITH_KNOTS('',3,(#14415,#14416,#14417,#14418,#14419,
#14420,#14421),.UNSPECIFIED.,.F.,.F.,(4,1,1,1,4),(0.,0.00328402804496487,
0.00656805608992975,0.00985208413489462,0.0131361121798595),
 .UNSPECIFIED.);
#28=B_SPLINE_CURVE_WITH_KNOTS('',3,(#14441,#14442,#14443,#14444,#14445,
#14446,#14447),.UNSPECIFIED.,.F.,.F.,(4,1,1,1,4),(0.,0.00273031237315521,
0.00546062474631041,0.00819093711946562,0.0109212494926208),
 .UNSPECIFIED.);
#29=B_SPLINE_CURVE_WITH_KNOTS('',3,(#14486,#14487,#14488,#14489,#14490,
#14491,#14492),.UNSPECIFIED.,.F.,.F.,(4,1,1,1,4),(0.,0.00328457756648044,
0.00656915513296087,0.00985373269944131,0.0131383102659217),
 .UNSPECIFIED.);
#30=B_SPLINE_CURVE_WITH_KNOTS('',3,(#14516,#14517,#14518,#14519,#14520,
#14521,#14522),.UNSPECIFIED.,.F.,.F.,(4,1,1,1,4),(0.,0.00273062198178806,
0.00546124396357611,0.00819186594536417,0.0109224879271522),
 .UNSPECIFIED.);
#31=B_SPLINE_CURVE_WITH_KNOTS('',3,(#14540,#14541,#14542,#14543,#14544,
#14545,#14546),.UNSPECIFIED.,.F.,.F.,(4,1,1,1,4),(0.,0.00273062198178806,
0.00546124396357612,0.00819186594536418,0.0109224879271522),
 .UNSPECIFIED.);
#32=CYLINDRICAL_SURFACE('',#9467,43.18);
#33=CYLINDRICAL_SURFACE('',#9489,38.1);
#34=CYLINDRICAL_SURFACE('',#9517,3.4925);
#35=CYLINDRICAL_SURFACE('',#9520,3.4925);
#36=CYLINDRICAL_SURFACE('',#9524,4.2);
#37=CYLINDRICAL_SURFACE('',#9582,43.18);
#38=CYLINDRICAL_SURFACE('',#9587,43.18);
#39=CYLINDRICAL_SURFACE('',#9592,38.1);
#40=CYLINDRICAL_SURFACE('',#9627,1.27);
#41=CYLINDRICAL_SURFACE('',#9630,1.27);
#42=CYLINDRICAL_SURFACE('',#9633,1.27);
#43=CYLINDRICAL_SURFACE('',#9636,1.27);
#44=CYLINDRICAL_SURFACE('',#9639,1.27);
#45=CYLINDRICAL_SURFACE('',#9642,1.27);
#46=CYLINDRICAL_SURFACE('',#9662,43.18);
#47=CYLINDRICAL_SURFACE('',#9683,38.1);
#48=CYLINDRICAL_SURFACE('',#9718,3.4925);
#49=CYLINDRICAL_SURFACE('',#9719,3.4925);
#50=CYLINDRICAL_SURFACE('',#9720,4.2);
#51=CYLINDRICAL_SURFACE('',#9757,36.195);
#52=CYLINDRICAL_SURFACE('',#9764,36.195);
#53=CYLINDRICAL_SURFACE('',#9774,36.195);
#54=CYLINDRICAL_SURFACE('',#9805,3.302);
#55=CYLINDRICAL_SURFACE('',#9811,40.005);
#56=CYLINDRICAL_SURFACE('',#9820,36.195);
#57=CYLINDRICAL_SURFACE('',#9844,3.175);
#58=CIRCLE('',#9450,38.1);
#59=CIRCLE('',#9451,43.18);
#60=CIRCLE('',#9453,38.1);
#61=CIRCLE('',#9454,43.18);
#62=CIRCLE('',#9456,38.1);
#63=CIRCLE('',#9457,43.18);
#64=CIRCLE('',#9459,38.1);
#65=CIRCLE('',#9460,43.18);
#66=CIRCLE('',#9462,38.1);
#67=CIRCLE('',#9463,43.18);
#68=CIRCLE('',#9465,38.1);
#69=CIRCLE('',#9466,43.18);
#70=CIRCLE('',#9468,43.18);
#71=CIRCLE('',#9469,43.18);
#72=CIRCLE('',#9470,43.18);
#73=CIRCLE('',#9471,43.18);
#74=CIRCLE('',#9472,43.18);
#75=CIRCLE('',#9473,43.18);
#76=CIRCLE('',#9474,43.18);
#77=CIRCLE('',#9475,43.18);
#78=CIRCLE('',#9476,43.18);
#79=CIRCLE('',#9477,43.18);
#80=CIRCLE('',#9478,43.18);
#81=CIRCLE('',#9479,43.18);
#82=CIRCLE('',#9480,43.18);
#83=CIRCLE('',#9481,43.18);
#84=CIRCLE('',#9482,43.18);
#85=CIRCLE('',#9483,43.18);
#86=CIRCLE('',#9486,43.18);
#87=CIRCLE('',#9487,43.1800000000005);
#88=CIRCLE('',#9488,43.18);
#89=CIRCLE('',#9490,38.1);
#90=CIRCLE('',#9491,38.1);
#91=CIRCLE('',#9492,38.1);
#92=CIRCLE('',#9493,38.1);
#93=CIRCLE('',#9494,38.1);
#94=CIRCLE('',#9495,38.1);
#95=CIRCLE('',#9496,38.1);
#96=CIRCLE('',#9497,38.1);
#97=CIRCLE('',#9498,38.1);
#98=CIRCLE('',#9499,38.1);
#99=CIRCLE('',#9500,38.1);
#100=CIRCLE('',#9501,38.1);
#101=CIRCLE('',#9502,38.1);
#102=CIRCLE('',#9503,38.1);
#103=CIRCLE('',#9504,38.1);
#104=CIRCLE('',#9505,38.1);
#105=CIRCLE('',#9508,38.1);
#106=CIRCLE('',#9509,38.1);
#107=CIRCLE('',#9510,38.1000000000006);
#108=CIRCLE('',#9563,38.1);
#109=CIRCLE('',#9564,43.18);
#110=CIRCLE('',#9566,38.1);
#111=CIRCLE('',#9567,43.18);
#112=CIRCLE('',#9568,43.18);
#113=CIRCLE('',#9570,38.1);
#114=CIRCLE('',#9571,43.18);
#115=CIRCLE('',#9573,38.1);
#116=CIRCLE('',#9574,43.18);
#117=CIRCLE('',#9576,38.1);
#118=CIRCLE('',#9577,43.18);
#119=CIRCLE('',#9578,43.18);
#120=CIRCLE('',#9580,38.1);
#121=CIRCLE('',#9581,43.18);
#122=CIRCLE('',#9583,43.18);
#123=CIRCLE('',#9584,43.18);
#124=CIRCLE('',#9585,43.18);
#125=CIRCLE('',#9586,43.18);
#126=CIRCLE('',#9588,43.18);
#127=CIRCLE('',#9589,43.18);
#128=CIRCLE('',#9590,43.18);
#129=CIRCLE('',#9591,43.18);
#130=CIRCLE('',#9593,38.1);
#131=CIRCLE('',#9594,38.1);
#132=CIRCLE('',#9595,38.1);
#133=CIRCLE('',#9596,38.1);
#134=CIRCLE('',#9597,38.1);
#135=CIRCLE('',#9598,38.1);
#136=CIRCLE('',#9599,38.1);
#137=CIRCLE('',#9607,1.27);
#138=CIRCLE('',#9608,1.27);
#139=CIRCLE('',#9609,1.27);
#140=CIRCLE('',#9611,1.27);
#141=CIRCLE('',#9612,1.27);
#142=CIRCLE('',#9613,1.27);
#143=CIRCLE('',#9616,1.27);
#144=CIRCLE('',#9617,1.27);
#145=CIRCLE('',#9618,1.27);
#146=CIRCLE('',#9620,1.27);
#147=CIRCLE('',#9621,1.27);
#148=CIRCLE('',#9622,1.27);
#149=CIRCLE('',#9663,43.18);
#150=CIRCLE('',#9664,43.18);
#151=CIRCLE('',#9665,43.18);
#152=CIRCLE('',#9666,43.18);
#153=CIRCLE('',#9667,43.18);
#154=CIRCLE('',#9668,43.18);
#155=CIRCLE('',#9669,43.1800000000005);
#156=CIRCLE('',#9670,43.18);
#157=CIRCLE('',#9673,43.18);
#158=CIRCLE('',#9674,43.18);
#159=CIRCLE('',#9675,43.18);
#160=CIRCLE('',#9676,43.18);
#161=CIRCLE('',#9677,43.18);
#162=CIRCLE('',#9678,43.18);
#163=CIRCLE('',#9679,43.18);
#164=CIRCLE('',#9680,43.18);
#165=CIRCLE('',#9681,43.18);
#166=CIRCLE('',#9682,43.18);
#167=CIRCLE('',#9684,38.1);
#168=CIRCLE('',#9685,38.1);
#169=CIRCLE('',#9686,38.1);
#170=CIRCLE('',#9689,38.1);
#171=CIRCLE('',#9690,38.1);
#172=CIRCLE('',#9691,38.1);
#173=CIRCLE('',#9692,38.1);
#174=CIRCLE('',#9693,38.1);
#175=CIRCLE('',#9694,38.1);
#176=CIRCLE('',#9695,38.1);
#177=CIRCLE('',#9696,38.1);
#178=CIRCLE('',#9697,38.1);
#179=CIRCLE('',#9698,38.1);
#180=CIRCLE('',#9699,38.1);
#181=CIRCLE('',#9700,38.1);
#182=CIRCLE('',#9701,38.1);
#183=CIRCLE('',#9702,38.1);
#184=CIRCLE('',#9703,38.1);
#185=CIRCLE('',#9704,38.1);
#186=CIRCLE('',#9705,38.1);
#187=CIRCLE('',#9706,38.1);
#188=CIRCLE('',#9758,36.195);
#189=CIRCLE('',#9759,36.195);
#190=CIRCLE('',#9765,36.195);
#191=CIRCLE('',#9766,36.195);
#192=CIRCLE('',#9775,36.195);
#193=CIRCLE('',#9776,36.195);
#194=CIRCLE('',#9787,34.925);
#195=CIRCLE('',#9789,36.2339702489253);
#196=CIRCLE('',#9790,36.9247984798198);
#197=CIRCLE('',#9791,36.2339702489253);
#198=CIRCLE('',#9792,36.9210844102914);
#199=CIRCLE('',#9793,37.465);
#200=CIRCLE('',#9794,37.3302236800156);
#201=CIRCLE('',#9795,36.9229430706709);
#202=CIRCLE('',#9796,37.3302236800156);
#203=CIRCLE('',#9800,3.302);
#204=CIRCLE('',#9802,3.302);
#205=CIRCLE('',#9812,40.005);
#206=CIRCLE('',#9813,40.005);
#207=CIRCLE('',#9814,40.005);
#208=CIRCLE('',#9815,40.005);
#209=CIRCLE('',#9816,40.005);
#210=CIRCLE('',#9817,40.005);
#211=CIRCLE('',#9818,40.005);
#212=CIRCLE('',#9819,40.005);
#213=CIRCLE('',#9821,36.195);
#214=CIRCLE('',#9822,36.195);
#215=CIRCLE('',#9823,36.195);
#216=CIRCLE('',#9824,36.195);
#217=CIRCLE('',#9825,36.195);
#218=CIRCLE('',#9826,36.195);
#219=CIRCLE('',#9827,36.195);
#220=CIRCLE('',#9828,36.195);
#221=CIRCLE('',#9845,3.175);
#222=CIRCLE('',#9846,3.175);
#223=SHAPE_REPRESENTATION_RELATIONSHIP('','',#9204,#230);
#224=SHAPE_REPRESENTATION_RELATIONSHIP('','',#9205,#231);
#225=SHAPE_REPRESENTATION_RELATIONSHIP('','',#9206,#232);
#226=SHAPE_REPRESENTATION_RELATIONSHIP('','',#9207,#233);
#227=SHAPE_REPRESENTATION_RELATIONSHIP('','',#9208,#234);
#228=SHAPE_REPRESENTATION_RELATIONSHIP('','',#9209,#235);
#229=SHAPE_REPRESENTATION_RELATIONSHIP('','',#9210,#236);
#230=ADVANCED_BREP_SHAPE_REPRESENTATION('',(#9190),#14967);
#231=ADVANCED_BREP_SHAPE_REPRESENTATION('',(#9191),#14968);
#232=ADVANCED_BREP_SHAPE_REPRESENTATION('',(#9192),#14969);
#233=ADVANCED_BREP_SHAPE_REPRESENTATION('',(#9193),#14970);
#234=ADVANCED_BREP_SHAPE_REPRESENTATION('',(#9194),#14971);
#235=ADVANCED_BREP_SHAPE_REPRESENTATION('',(#9195),#14972);
#236=ADVANCED_BREP_SHAPE_REPRESENTATION('',(#9196),#14973);
#237=ORIENTED_EDGE('',*,*,#2847,.F.);
#238=ORIENTED_EDGE('',*,*,#2848,.F.);
#239=ORIENTED_EDGE('',*,*,#2849,.T.);
#240=ORIENTED_EDGE('',*,*,#2850,.T.);
#241=ORIENTED_EDGE('',*,*,#2851,.F.);
#242=ORIENTED_EDGE('',*,*,#2852,.T.);
#243=ORIENTED_EDGE('',*,*,#2853,.T.);
#244=ORIENTED_EDGE('',*,*,#2849,.F.);
#245=ORIENTED_EDGE('',*,*,#2854,.F.);
#246=ORIENTED_EDGE('',*,*,#2855,.T.);
#247=ORIENTED_EDGE('',*,*,#2856,.T.);
#248=ORIENTED_EDGE('',*,*,#2857,.F.);
#249=ORIENTED_EDGE('',*,*,#2858,.F.);
#250=ORIENTED_EDGE('',*,*,#2859,.T.);
#251=ORIENTED_EDGE('',*,*,#2860,.F.);
#252=ORIENTED_EDGE('',*,*,#2861,.F.);
#253=ORIENTED_EDGE('',*,*,#2858,.T.);
#254=ORIENTED_EDGE('',*,*,#2862,.T.);
#255=ORIENTED_EDGE('',*,*,#2863,.F.);
#256=ORIENTED_EDGE('',*,*,#2864,.F.);
#257=ORIENTED_EDGE('',*,*,#2854,.T.);
#258=ORIENTED_EDGE('',*,*,#2848,.T.);
#259=ORIENTED_EDGE('',*,*,#2865,.F.);
#260=ORIENTED_EDGE('',*,*,#2862,.F.);
#261=ORIENTED_EDGE('',*,*,#2857,.T.);
#262=ORIENTED_EDGE('',*,*,#2866,.T.);
#263=ORIENTED_EDGE('',*,*,#2855,.F.);
#264=ORIENTED_EDGE('',*,*,#2864,.T.);
#265=ORIENTED_EDGE('',*,*,#2867,.F.);
#266=ORIENTED_EDGE('',*,*,#2868,.F.);
#267=ORIENTED_EDGE('',*,*,#2869,.T.);
#268=ORIENTED_EDGE('',*,*,#2870,.T.);
#269=ORIENTED_EDGE('',*,*,#2859,.F.);
#270=ORIENTED_EDGE('',*,*,#2861,.T.);
#271=ORIENTED_EDGE('',*,*,#2871,.T.);
#272=ORIENTED_EDGE('',*,*,#2869,.F.);
#273=ORIENTED_EDGE('',*,*,#2872,.F.);
#274=ORIENTED_EDGE('',*,*,#2873,.T.);
#275=ORIENTED_EDGE('',*,*,#2874,.T.);
#276=ORIENTED_EDGE('',*,*,#2875,.F.);
#277=ORIENTED_EDGE('',*,*,#2876,.F.);
#278=ORIENTED_EDGE('',*,*,#2877,.T.);
#279=ORIENTED_EDGE('',*,*,#2878,.F.);
#280=ORIENTED_EDGE('',*,*,#2879,.F.);
#281=ORIENTED_EDGE('',*,*,#2876,.T.);
#282=ORIENTED_EDGE('',*,*,#2880,.T.);
#283=ORIENTED_EDGE('',*,*,#2881,.F.);
#284=ORIENTED_EDGE('',*,*,#2882,.F.);
#285=ORIENTED_EDGE('',*,*,#2872,.T.);
#286=ORIENTED_EDGE('',*,*,#2868,.T.);
#287=ORIENTED_EDGE('',*,*,#2883,.F.);
#288=ORIENTED_EDGE('',*,*,#2880,.F.);
#289=ORIENTED_EDGE('',*,*,#2875,.T.);
#290=ORIENTED_EDGE('',*,*,#2884,.T.);
#291=ORIENTED_EDGE('',*,*,#2873,.F.);
#292=ORIENTED_EDGE('',*,*,#2882,.T.);
#293=ORIENTED_EDGE('',*,*,#2885,.F.);
#294=ORIENTED_EDGE('',*,*,#2886,.F.);
#295=ORIENTED_EDGE('',*,*,#2887,.T.);
#296=ORIENTED_EDGE('',*,*,#2888,.T.);
#297=ORIENTED_EDGE('',*,*,#2877,.F.);
#298=ORIENTED_EDGE('',*,*,#2879,.T.);
#299=ORIENTED_EDGE('',*,*,#2889,.T.);
#300=ORIENTED_EDGE('',*,*,#2887,.F.);
#301=ORIENTED_EDGE('',*,*,#2890,.F.);
#302=ORIENTED_EDGE('',*,*,#2891,.T.);
#303=ORIENTED_EDGE('',*,*,#2892,.T.);
#304=ORIENTED_EDGE('',*,*,#2893,.F.);
#305=ORIENTED_EDGE('',*,*,#2894,.F.);
#306=ORIENTED_EDGE('',*,*,#2895,.T.);
#307=ORIENTED_EDGE('',*,*,#2896,.F.);
#308=ORIENTED_EDGE('',*,*,#2897,.F.);
#309=ORIENTED_EDGE('',*,*,#2894,.T.);
#310=ORIENTED_EDGE('',*,*,#2898,.T.);
#311=ORIENTED_EDGE('',*,*,#2899,.F.);
#312=ORIENTED_EDGE('',*,*,#2900,.F.);
#313=ORIENTED_EDGE('',*,*,#2890,.T.);
#314=ORIENTED_EDGE('',*,*,#2886,.T.);
#315=ORIENTED_EDGE('',*,*,#2901,.F.);
#316=ORIENTED_EDGE('',*,*,#2898,.F.);
#317=ORIENTED_EDGE('',*,*,#2893,.T.);
#318=ORIENTED_EDGE('',*,*,#2902,.T.);
#319=ORIENTED_EDGE('',*,*,#2891,.F.);
#320=ORIENTED_EDGE('',*,*,#2900,.T.);
#321=ORIENTED_EDGE('',*,*,#2903,.F.);
#322=ORIENTED_EDGE('',*,*,#2904,.F.);
#323=ORIENTED_EDGE('',*,*,#2905,.T.);
#324=ORIENTED_EDGE('',*,*,#2906,.T.);
#325=ORIENTED_EDGE('',*,*,#2895,.F.);
#326=ORIENTED_EDGE('',*,*,#2897,.T.);
#327=ORIENTED_EDGE('',*,*,#2907,.T.);
#328=ORIENTED_EDGE('',*,*,#2905,.F.);
#329=ORIENTED_EDGE('',*,*,#2908,.F.);
#330=ORIENTED_EDGE('',*,*,#2909,.T.);
#331=ORIENTED_EDGE('',*,*,#2910,.T.);
#332=ORIENTED_EDGE('',*,*,#2911,.F.);
#333=ORIENTED_EDGE('',*,*,#2912,.F.);
#334=ORIENTED_EDGE('',*,*,#2913,.T.);
#335=ORIENTED_EDGE('',*,*,#2914,.F.);
#336=ORIENTED_EDGE('',*,*,#2915,.F.);
#337=ORIENTED_EDGE('',*,*,#2912,.T.);
#338=ORIENTED_EDGE('',*,*,#2916,.T.);
#339=ORIENTED_EDGE('',*,*,#2917,.F.);
#340=ORIENTED_EDGE('',*,*,#2918,.F.);
#341=ORIENTED_EDGE('',*,*,#2908,.T.);
#342=ORIENTED_EDGE('',*,*,#2904,.T.);
#343=ORIENTED_EDGE('',*,*,#2919,.F.);
#344=ORIENTED_EDGE('',*,*,#2916,.F.);
#345=ORIENTED_EDGE('',*,*,#2911,.T.);
#346=ORIENTED_EDGE('',*,*,#2920,.T.);
#347=ORIENTED_EDGE('',*,*,#2909,.F.);
#348=ORIENTED_EDGE('',*,*,#2918,.T.);
#349=ORIENTED_EDGE('',*,*,#2921,.F.);
#350=ORIENTED_EDGE('',*,*,#2922,.F.);
#351=ORIENTED_EDGE('',*,*,#2923,.T.);
#352=ORIENTED_EDGE('',*,*,#2924,.T.);
#353=ORIENTED_EDGE('',*,*,#2913,.F.);
#354=ORIENTED_EDGE('',*,*,#2915,.T.);
#355=ORIENTED_EDGE('',*,*,#2925,.T.);
#356=ORIENTED_EDGE('',*,*,#2923,.F.);
#357=ORIENTED_EDGE('',*,*,#2926,.F.);
#358=ORIENTED_EDGE('',*,*,#2927,.T.);
#359=ORIENTED_EDGE('',*,*,#2928,.T.);
#360=ORIENTED_EDGE('',*,*,#2929,.F.);
#361=ORIENTED_EDGE('',*,*,#2930,.F.);
#362=ORIENTED_EDGE('',*,*,#2931,.T.);
#363=ORIENTED_EDGE('',*,*,#2932,.F.);
#364=ORIENTED_EDGE('',*,*,#2933,.F.);
#365=ORIENTED_EDGE('',*,*,#2930,.T.);
#366=ORIENTED_EDGE('',*,*,#2934,.T.);
#367=ORIENTED_EDGE('',*,*,#2935,.F.);
#368=ORIENTED_EDGE('',*,*,#2936,.F.);
#369=ORIENTED_EDGE('',*,*,#2926,.T.);
#370=ORIENTED_EDGE('',*,*,#2922,.T.);
#371=ORIENTED_EDGE('',*,*,#2937,.F.);
#372=ORIENTED_EDGE('',*,*,#2934,.F.);
#373=ORIENTED_EDGE('',*,*,#2929,.T.);
#374=ORIENTED_EDGE('',*,*,#2938,.T.);
#375=ORIENTED_EDGE('',*,*,#2927,.F.);
#376=ORIENTED_EDGE('',*,*,#2936,.T.);
#377=ORIENTED_EDGE('',*,*,#2939,.F.);
#378=ORIENTED_EDGE('',*,*,#2940,.F.);
#379=ORIENTED_EDGE('',*,*,#2941,.T.);
#380=ORIENTED_EDGE('',*,*,#2942,.T.);
#381=ORIENTED_EDGE('',*,*,#2931,.F.);
#382=ORIENTED_EDGE('',*,*,#2933,.T.);
#383=ORIENTED_EDGE('',*,*,#2943,.T.);
#384=ORIENTED_EDGE('',*,*,#2941,.F.);
#385=ORIENTED_EDGE('',*,*,#2944,.F.);
#386=ORIENTED_EDGE('',*,*,#2945,.T.);
#387=ORIENTED_EDGE('',*,*,#2946,.T.);
#388=ORIENTED_EDGE('',*,*,#2947,.F.);
#389=ORIENTED_EDGE('',*,*,#2948,.F.);
#390=ORIENTED_EDGE('',*,*,#2949,.T.);
#391=ORIENTED_EDGE('',*,*,#2950,.F.);
#392=ORIENTED_EDGE('',*,*,#2951,.F.);
#393=ORIENTED_EDGE('',*,*,#2948,.T.);
#394=ORIENTED_EDGE('',*,*,#2952,.T.);
#395=ORIENTED_EDGE('',*,*,#2953,.F.);
#396=ORIENTED_EDGE('',*,*,#2954,.F.);
#397=ORIENTED_EDGE('',*,*,#2944,.T.);
#398=ORIENTED_EDGE('',*,*,#2940,.T.);
#399=ORIENTED_EDGE('',*,*,#2955,.F.);
#400=ORIENTED_EDGE('',*,*,#2952,.F.);
#401=ORIENTED_EDGE('',*,*,#2947,.T.);
#402=ORIENTED_EDGE('',*,*,#2956,.T.);
#403=ORIENTED_EDGE('',*,*,#2945,.F.);
#404=ORIENTED_EDGE('',*,*,#2954,.T.);
#405=ORIENTED_EDGE('',*,*,#2957,.F.);
#406=ORIENTED_EDGE('',*,*,#2958,.F.);
#407=ORIENTED_EDGE('',*,*,#2959,.T.);
#408=ORIENTED_EDGE('',*,*,#2960,.T.);
#409=ORIENTED_EDGE('',*,*,#2949,.F.);
#410=ORIENTED_EDGE('',*,*,#2951,.T.);
#411=ORIENTED_EDGE('',*,*,#2961,.T.);
#412=ORIENTED_EDGE('',*,*,#2959,.F.);
#413=ORIENTED_EDGE('',*,*,#2962,.F.);
#414=ORIENTED_EDGE('',*,*,#2963,.T.);
#415=ORIENTED_EDGE('',*,*,#2964,.T.);
#416=ORIENTED_EDGE('',*,*,#2965,.F.);
#417=ORIENTED_EDGE('',*,*,#2966,.F.);
#418=ORIENTED_EDGE('',*,*,#2967,.T.);
#419=ORIENTED_EDGE('',*,*,#2968,.F.);
#420=ORIENTED_EDGE('',*,*,#2969,.F.);
#421=ORIENTED_EDGE('',*,*,#2966,.T.);
#422=ORIENTED_EDGE('',*,*,#2970,.T.);
#423=ORIENTED_EDGE('',*,*,#2971,.F.);
#424=ORIENTED_EDGE('',*,*,#2972,.F.);
#425=ORIENTED_EDGE('',*,*,#2962,.T.);
#426=ORIENTED_EDGE('',*,*,#2958,.T.);
#427=ORIENTED_EDGE('',*,*,#2973,.F.);
#428=ORIENTED_EDGE('',*,*,#2970,.F.);
#429=ORIENTED_EDGE('',*,*,#2965,.T.);
#430=ORIENTED_EDGE('',*,*,#2974,.T.);
#431=ORIENTED_EDGE('',*,*,#2963,.F.);
#432=ORIENTED_EDGE('',*,*,#2972,.T.);
#433=ORIENTED_EDGE('',*,*,#2975,.F.);
#434=ORIENTED_EDGE('',*,*,#2976,.F.);
#435=ORIENTED_EDGE('',*,*,#2977,.T.);
#436=ORIENTED_EDGE('',*,*,#2978,.T.);
#437=ORIENTED_EDGE('',*,*,#2967,.F.);
#438=ORIENTED_EDGE('',*,*,#2969,.T.);
#439=ORIENTED_EDGE('',*,*,#2979,.T.);
#440=ORIENTED_EDGE('',*,*,#2977,.F.);
#441=ORIENTED_EDGE('',*,*,#2980,.F.);
#442=ORIENTED_EDGE('',*,*,#2981,.T.);
#443=ORIENTED_EDGE('',*,*,#2982,.T.);
#444=ORIENTED_EDGE('',*,*,#2983,.F.);
#445=ORIENTED_EDGE('',*,*,#2984,.F.);
#446=ORIENTED_EDGE('',*,*,#2985,.T.);
#447=ORIENTED_EDGE('',*,*,#2986,.F.);
#448=ORIENTED_EDGE('',*,*,#2987,.F.);
#449=ORIENTED_EDGE('',*,*,#2984,.T.);
#450=ORIENTED_EDGE('',*,*,#2988,.T.);
#451=ORIENTED_EDGE('',*,*,#2989,.F.);
#452=ORIENTED_EDGE('',*,*,#2990,.F.);
#453=ORIENTED_EDGE('',*,*,#2980,.T.);
#454=ORIENTED_EDGE('',*,*,#2976,.T.);
#455=ORIENTED_EDGE('',*,*,#2991,.F.);
#456=ORIENTED_EDGE('',*,*,#2988,.F.);
#457=ORIENTED_EDGE('',*,*,#2983,.T.);
#458=ORIENTED_EDGE('',*,*,#2992,.T.);
#459=ORIENTED_EDGE('',*,*,#2981,.F.);
#460=ORIENTED_EDGE('',*,*,#2990,.T.);
#461=ORIENTED_EDGE('',*,*,#2993,.F.);
#462=ORIENTED_EDGE('',*,*,#2994,.F.);
#463=ORIENTED_EDGE('',*,*,#2995,.T.);
#464=ORIENTED_EDGE('',*,*,#2996,.T.);
#465=ORIENTED_EDGE('',*,*,#2985,.F.);
#466=ORIENTED_EDGE('',*,*,#2987,.T.);
#467=ORIENTED_EDGE('',*,*,#2997,.T.);
#468=ORIENTED_EDGE('',*,*,#2995,.F.);
#469=ORIENTED_EDGE('',*,*,#2998,.F.);
#470=ORIENTED_EDGE('',*,*,#2999,.T.);
#471=ORIENTED_EDGE('',*,*,#3000,.T.);
#472=ORIENTED_EDGE('',*,*,#3001,.F.);
#473=ORIENTED_EDGE('',*,*,#3002,.F.);
#474=ORIENTED_EDGE('',*,*,#3003,.T.);
#475=ORIENTED_EDGE('',*,*,#3004,.F.);
#476=ORIENTED_EDGE('',*,*,#3005,.F.);
#477=ORIENTED_EDGE('',*,*,#3002,.T.);
#478=ORIENTED_EDGE('',*,*,#3006,.T.);
#479=ORIENTED_EDGE('',*,*,#3007,.F.);
#480=ORIENTED_EDGE('',*,*,#3008,.F.);
#481=ORIENTED_EDGE('',*,*,#2998,.T.);
#482=ORIENTED_EDGE('',*,*,#2994,.T.);
#483=ORIENTED_EDGE('',*,*,#3009,.F.);
#484=ORIENTED_EDGE('',*,*,#3006,.F.);
#485=ORIENTED_EDGE('',*,*,#3001,.T.);
#486=ORIENTED_EDGE('',*,*,#3010,.T.);
#487=ORIENTED_EDGE('',*,*,#2999,.F.);
#488=ORIENTED_EDGE('',*,*,#3008,.T.);
#489=ORIENTED_EDGE('',*,*,#3011,.F.);
#490=ORIENTED_EDGE('',*,*,#3012,.F.);
#491=ORIENTED_EDGE('',*,*,#3013,.T.);
#492=ORIENTED_EDGE('',*,*,#3014,.T.);
#493=ORIENTED_EDGE('',*,*,#3003,.F.);
#494=ORIENTED_EDGE('',*,*,#3005,.T.);
#495=ORIENTED_EDGE('',*,*,#3015,.T.);
#496=ORIENTED_EDGE('',*,*,#3013,.F.);
#497=ORIENTED_EDGE('',*,*,#3016,.F.);
#498=ORIENTED_EDGE('',*,*,#3017,.T.);
#499=ORIENTED_EDGE('',*,*,#3018,.T.);
#500=ORIENTED_EDGE('',*,*,#3019,.F.);
#501=ORIENTED_EDGE('',*,*,#3020,.F.);
#502=ORIENTED_EDGE('',*,*,#3021,.T.);
#503=ORIENTED_EDGE('',*,*,#3022,.F.);
#504=ORIENTED_EDGE('',*,*,#3023,.F.);
#505=ORIENTED_EDGE('',*,*,#3020,.T.);
#506=ORIENTED_EDGE('',*,*,#3024,.T.);
#507=ORIENTED_EDGE('',*,*,#3025,.F.);
#508=ORIENTED_EDGE('',*,*,#3026,.F.);
#509=ORIENTED_EDGE('',*,*,#3016,.T.);
#510=ORIENTED_EDGE('',*,*,#3012,.T.);
#511=ORIENTED_EDGE('',*,*,#3027,.F.);
#512=ORIENTED_EDGE('',*,*,#3024,.F.);
#513=ORIENTED_EDGE('',*,*,#3019,.T.);
#514=ORIENTED_EDGE('',*,*,#3028,.T.);
#515=ORIENTED_EDGE('',*,*,#3017,.F.);
#516=ORIENTED_EDGE('',*,*,#3026,.T.);
#517=ORIENTED_EDGE('',*,*,#3029,.F.);
#518=ORIENTED_EDGE('',*,*,#3030,.F.);
#519=ORIENTED_EDGE('',*,*,#3031,.T.);
#520=ORIENTED_EDGE('',*,*,#3032,.T.);
#521=ORIENTED_EDGE('',*,*,#3021,.F.);
#522=ORIENTED_EDGE('',*,*,#3023,.T.);
#523=ORIENTED_EDGE('',*,*,#3033,.T.);
#524=ORIENTED_EDGE('',*,*,#3031,.F.);
#525=ORIENTED_EDGE('',*,*,#3034,.F.);
#526=ORIENTED_EDGE('',*,*,#3035,.T.);
#527=ORIENTED_EDGE('',*,*,#3036,.T.);
#528=ORIENTED_EDGE('',*,*,#3037,.F.);
#529=ORIENTED_EDGE('',*,*,#3038,.F.);
#530=ORIENTED_EDGE('',*,*,#3039,.T.);
#531=ORIENTED_EDGE('',*,*,#3040,.F.);
#532=ORIENTED_EDGE('',*,*,#3041,.F.);
#533=ORIENTED_EDGE('',*,*,#3038,.T.);
#534=ORIENTED_EDGE('',*,*,#3042,.T.);
#535=ORIENTED_EDGE('',*,*,#3043,.F.);
#536=ORIENTED_EDGE('',*,*,#3044,.F.);
#537=ORIENTED_EDGE('',*,*,#3034,.T.);
#538=ORIENTED_EDGE('',*,*,#3030,.T.);
#539=ORIENTED_EDGE('',*,*,#3045,.F.);
#540=ORIENTED_EDGE('',*,*,#3042,.F.);
#541=ORIENTED_EDGE('',*,*,#3037,.T.);
#542=ORIENTED_EDGE('',*,*,#3046,.T.);
#543=ORIENTED_EDGE('',*,*,#3035,.F.);
#544=ORIENTED_EDGE('',*,*,#3044,.T.);
#545=ORIENTED_EDGE('',*,*,#3047,.F.);
#546=ORIENTED_EDGE('',*,*,#3048,.F.);
#547=ORIENTED_EDGE('',*,*,#3049,.T.);
#548=ORIENTED_EDGE('',*,*,#3050,.T.);
#549=ORIENTED_EDGE('',*,*,#3039,.F.);
#550=ORIENTED_EDGE('',*,*,#3041,.T.);
#551=ORIENTED_EDGE('',*,*,#3051,.T.);
#552=ORIENTED_EDGE('',*,*,#3049,.F.);
#553=ORIENTED_EDGE('',*,*,#3052,.F.);
#554=ORIENTED_EDGE('',*,*,#3053,.T.);
#555=ORIENTED_EDGE('',*,*,#3054,.T.);
#556=ORIENTED_EDGE('',*,*,#3055,.F.);
#557=ORIENTED_EDGE('',*,*,#3056,.F.);
#558=ORIENTED_EDGE('',*,*,#3057,.T.);
#559=ORIENTED_EDGE('',*,*,#3058,.F.);
#560=ORIENTED_EDGE('',*,*,#3059,.F.);
#561=ORIENTED_EDGE('',*,*,#3056,.T.);
#562=ORIENTED_EDGE('',*,*,#3060,.T.);
#563=ORIENTED_EDGE('',*,*,#3061,.F.);
#564=ORIENTED_EDGE('',*,*,#3062,.F.);
#565=ORIENTED_EDGE('',*,*,#3052,.T.);
#566=ORIENTED_EDGE('',*,*,#3048,.T.);
#567=ORIENTED_EDGE('',*,*,#3063,.F.);
#568=ORIENTED_EDGE('',*,*,#3060,.F.);
#569=ORIENTED_EDGE('',*,*,#3055,.T.);
#570=ORIENTED_EDGE('',*,*,#3064,.T.);
#571=ORIENTED_EDGE('',*,*,#3053,.F.);
#572=ORIENTED_EDGE('',*,*,#3062,.T.);
#573=ORIENTED_EDGE('',*,*,#3065,.F.);
#574=ORIENTED_EDGE('',*,*,#3066,.F.);
#575=ORIENTED_EDGE('',*,*,#3067,.T.);
#576=ORIENTED_EDGE('',*,*,#3068,.T.);
#577=ORIENTED_EDGE('',*,*,#3057,.F.);
#578=ORIENTED_EDGE('',*,*,#3059,.T.);
#579=ORIENTED_EDGE('',*,*,#3069,.T.);
#580=ORIENTED_EDGE('',*,*,#3067,.F.);
#581=ORIENTED_EDGE('',*,*,#3070,.F.);
#582=ORIENTED_EDGE('',*,*,#3071,.T.);
#583=ORIENTED_EDGE('',*,*,#3072,.T.);
#584=ORIENTED_EDGE('',*,*,#3073,.F.);
#585=ORIENTED_EDGE('',*,*,#3074,.F.);
#586=ORIENTED_EDGE('',*,*,#3075,.T.);
#587=ORIENTED_EDGE('',*,*,#3076,.F.);
#588=ORIENTED_EDGE('',*,*,#3077,.F.);
#589=ORIENTED_EDGE('',*,*,#3074,.T.);
#590=ORIENTED_EDGE('',*,*,#3078,.T.);
#591=ORIENTED_EDGE('',*,*,#3079,.F.);
#592=ORIENTED_EDGE('',*,*,#3080,.F.);
#593=ORIENTED_EDGE('',*,*,#3070,.T.);
#594=ORIENTED_EDGE('',*,*,#3066,.T.);
#595=ORIENTED_EDGE('',*,*,#3081,.F.);
#596=ORIENTED_EDGE('',*,*,#3078,.F.);
#597=ORIENTED_EDGE('',*,*,#3073,.T.);
#598=ORIENTED_EDGE('',*,*,#3082,.T.);
#599=ORIENTED_EDGE('',*,*,#3071,.F.);
#600=ORIENTED_EDGE('',*,*,#3080,.T.);
#601=ORIENTED_EDGE('',*,*,#3083,.F.);
#602=ORIENTED_EDGE('',*,*,#3084,.F.);
#603=ORIENTED_EDGE('',*,*,#3085,.T.);
#604=ORIENTED_EDGE('',*,*,#3086,.T.);
#605=ORIENTED_EDGE('',*,*,#3075,.F.);
#606=ORIENTED_EDGE('',*,*,#3077,.T.);
#607=ORIENTED_EDGE('',*,*,#3087,.T.);
#608=ORIENTED_EDGE('',*,*,#3085,.F.);
#609=ORIENTED_EDGE('',*,*,#3088,.F.);
#610=ORIENTED_EDGE('',*,*,#3089,.T.);
#611=ORIENTED_EDGE('',*,*,#3090,.T.);
#612=ORIENTED_EDGE('',*,*,#3091,.F.);
#613=ORIENTED_EDGE('',*,*,#3092,.F.);
#614=ORIENTED_EDGE('',*,*,#3093,.T.);
#615=ORIENTED_EDGE('',*,*,#3094,.F.);
#616=ORIENTED_EDGE('',*,*,#3095,.F.);
#617=ORIENTED_EDGE('',*,*,#3092,.T.);
#618=ORIENTED_EDGE('',*,*,#3096,.T.);
#619=ORIENTED_EDGE('',*,*,#3097,.F.);
#620=ORIENTED_EDGE('',*,*,#3098,.F.);
#621=ORIENTED_EDGE('',*,*,#3088,.T.);
#622=ORIENTED_EDGE('',*,*,#3084,.T.);
#623=ORIENTED_EDGE('',*,*,#3099,.F.);
#624=ORIENTED_EDGE('',*,*,#3096,.F.);
#625=ORIENTED_EDGE('',*,*,#3091,.T.);
#626=ORIENTED_EDGE('',*,*,#3100,.T.);
#627=ORIENTED_EDGE('',*,*,#3089,.F.);
#628=ORIENTED_EDGE('',*,*,#3098,.T.);
#629=ORIENTED_EDGE('',*,*,#3101,.F.);
#630=ORIENTED_EDGE('',*,*,#3102,.F.);
#631=ORIENTED_EDGE('',*,*,#3103,.T.);
#632=ORIENTED_EDGE('',*,*,#3104,.T.);
#633=ORIENTED_EDGE('',*,*,#3093,.F.);
#634=ORIENTED_EDGE('',*,*,#3095,.T.);
#635=ORIENTED_EDGE('',*,*,#3105,.T.);
#636=ORIENTED_EDGE('',*,*,#3103,.F.);
#637=ORIENTED_EDGE('',*,*,#3106,.F.);
#638=ORIENTED_EDGE('',*,*,#3107,.T.);
#639=ORIENTED_EDGE('',*,*,#3108,.T.);
#640=ORIENTED_EDGE('',*,*,#3109,.F.);
#641=ORIENTED_EDGE('',*,*,#3110,.F.);
#642=ORIENTED_EDGE('',*,*,#3111,.T.);
#643=ORIENTED_EDGE('',*,*,#3112,.F.);
#644=ORIENTED_EDGE('',*,*,#3113,.F.);
#645=ORIENTED_EDGE('',*,*,#3110,.T.);
#646=ORIENTED_EDGE('',*,*,#3114,.T.);
#647=ORIENTED_EDGE('',*,*,#3115,.F.);
#648=ORIENTED_EDGE('',*,*,#3116,.F.);
#649=ORIENTED_EDGE('',*,*,#3106,.T.);
#650=ORIENTED_EDGE('',*,*,#3102,.T.);
#651=ORIENTED_EDGE('',*,*,#3117,.F.);
#652=ORIENTED_EDGE('',*,*,#3114,.F.);
#653=ORIENTED_EDGE('',*,*,#3109,.T.);
#654=ORIENTED_EDGE('',*,*,#3118,.T.);
#655=ORIENTED_EDGE('',*,*,#3107,.F.);
#656=ORIENTED_EDGE('',*,*,#3116,.T.);
#657=ORIENTED_EDGE('',*,*,#3119,.F.);
#658=ORIENTED_EDGE('',*,*,#3120,.F.);
#659=ORIENTED_EDGE('',*,*,#3121,.T.);
#660=ORIENTED_EDGE('',*,*,#3122,.T.);
#661=ORIENTED_EDGE('',*,*,#3111,.F.);
#662=ORIENTED_EDGE('',*,*,#3113,.T.);
#663=ORIENTED_EDGE('',*,*,#3123,.T.);
#664=ORIENTED_EDGE('',*,*,#3121,.F.);
#665=ORIENTED_EDGE('',*,*,#3124,.F.);
#666=ORIENTED_EDGE('',*,*,#3125,.T.);
#667=ORIENTED_EDGE('',*,*,#3126,.T.);
#668=ORIENTED_EDGE('',*,*,#3127,.F.);
#669=ORIENTED_EDGE('',*,*,#3128,.F.);
#670=ORIENTED_EDGE('',*,*,#3129,.T.);
#671=ORIENTED_EDGE('',*,*,#3130,.F.);
#672=ORIENTED_EDGE('',*,*,#3131,.F.);
#673=ORIENTED_EDGE('',*,*,#3128,.T.);
#674=ORIENTED_EDGE('',*,*,#3132,.T.);
#675=ORIENTED_EDGE('',*,*,#3133,.F.);
#676=ORIENTED_EDGE('',*,*,#3134,.F.);
#677=ORIENTED_EDGE('',*,*,#3124,.T.);
#678=ORIENTED_EDGE('',*,*,#3120,.T.);
#679=ORIENTED_EDGE('',*,*,#3135,.F.);
#680=ORIENTED_EDGE('',*,*,#3132,.F.);
#681=ORIENTED_EDGE('',*,*,#3127,.T.);
#682=ORIENTED_EDGE('',*,*,#3136,.T.);
#683=ORIENTED_EDGE('',*,*,#3125,.F.);
#684=ORIENTED_EDGE('',*,*,#3134,.T.);
#685=ORIENTED_EDGE('',*,*,#3137,.F.);
#686=ORIENTED_EDGE('',*,*,#3138,.F.);
#687=ORIENTED_EDGE('',*,*,#3139,.T.);
#688=ORIENTED_EDGE('',*,*,#3140,.T.);
#689=ORIENTED_EDGE('',*,*,#3129,.F.);
#690=ORIENTED_EDGE('',*,*,#3131,.T.);
#691=ORIENTED_EDGE('',*,*,#3141,.T.);
#692=ORIENTED_EDGE('',*,*,#3139,.F.);
#693=ORIENTED_EDGE('',*,*,#3142,.F.);
#694=ORIENTED_EDGE('',*,*,#3143,.T.);
#695=ORIENTED_EDGE('',*,*,#3144,.T.);
#696=ORIENTED_EDGE('',*,*,#3145,.F.);
#697=ORIENTED_EDGE('',*,*,#3146,.F.);
#698=ORIENTED_EDGE('',*,*,#3147,.T.);
#699=ORIENTED_EDGE('',*,*,#3148,.F.);
#700=ORIENTED_EDGE('',*,*,#3149,.F.);
#701=ORIENTED_EDGE('',*,*,#3146,.T.);
#702=ORIENTED_EDGE('',*,*,#3150,.T.);
#703=ORIENTED_EDGE('',*,*,#3151,.F.);
#704=ORIENTED_EDGE('',*,*,#3152,.F.);
#705=ORIENTED_EDGE('',*,*,#3142,.T.);
#706=ORIENTED_EDGE('',*,*,#3138,.T.);
#707=ORIENTED_EDGE('',*,*,#3153,.F.);
#708=ORIENTED_EDGE('',*,*,#3150,.F.);
#709=ORIENTED_EDGE('',*,*,#3145,.T.);
#710=ORIENTED_EDGE('',*,*,#3154,.T.);
#711=ORIENTED_EDGE('',*,*,#3143,.F.);
#712=ORIENTED_EDGE('',*,*,#3152,.T.);
#713=ORIENTED_EDGE('',*,*,#3155,.F.);
#714=ORIENTED_EDGE('',*,*,#3156,.F.);
#715=ORIENTED_EDGE('',*,*,#3157,.T.);
#716=ORIENTED_EDGE('',*,*,#3158,.T.);
#717=ORIENTED_EDGE('',*,*,#3147,.F.);
#718=ORIENTED_EDGE('',*,*,#3149,.T.);
#719=ORIENTED_EDGE('',*,*,#3159,.T.);
#720=ORIENTED_EDGE('',*,*,#3157,.F.);
#721=ORIENTED_EDGE('',*,*,#3160,.F.);
#722=ORIENTED_EDGE('',*,*,#3161,.T.);
#723=ORIENTED_EDGE('',*,*,#3162,.T.);
#724=ORIENTED_EDGE('',*,*,#3163,.F.);
#725=ORIENTED_EDGE('',*,*,#3164,.F.);
#726=ORIENTED_EDGE('',*,*,#3165,.T.);
#727=ORIENTED_EDGE('',*,*,#3166,.F.);
#728=ORIENTED_EDGE('',*,*,#3167,.F.);
#729=ORIENTED_EDGE('',*,*,#3164,.T.);
#730=ORIENTED_EDGE('',*,*,#3168,.T.);
#731=ORIENTED_EDGE('',*,*,#3169,.F.);
#732=ORIENTED_EDGE('',*,*,#3170,.F.);
#733=ORIENTED_EDGE('',*,*,#3160,.T.);
#734=ORIENTED_EDGE('',*,*,#3156,.T.);
#735=ORIENTED_EDGE('',*,*,#3171,.F.);
#736=ORIENTED_EDGE('',*,*,#3168,.F.);
#737=ORIENTED_EDGE('',*,*,#3163,.T.);
#738=ORIENTED_EDGE('',*,*,#3172,.T.);
#739=ORIENTED_EDGE('',*,*,#3161,.F.);
#740=ORIENTED_EDGE('',*,*,#3170,.T.);
#741=ORIENTED_EDGE('',*,*,#3173,.F.);
#742=ORIENTED_EDGE('',*,*,#3174,.F.);
#743=ORIENTED_EDGE('',*,*,#3175,.T.);
#744=ORIENTED_EDGE('',*,*,#3176,.T.);
#745=ORIENTED_EDGE('',*,*,#3165,.F.);
#746=ORIENTED_EDGE('',*,*,#3167,.T.);
#747=ORIENTED_EDGE('',*,*,#3177,.T.);
#748=ORIENTED_EDGE('',*,*,#3175,.F.);
#749=ORIENTED_EDGE('',*,*,#3178,.F.);
#750=ORIENTED_EDGE('',*,*,#3179,.T.);
#751=ORIENTED_EDGE('',*,*,#3180,.T.);
#752=ORIENTED_EDGE('',*,*,#3181,.F.);
#753=ORIENTED_EDGE('',*,*,#3182,.F.);
#754=ORIENTED_EDGE('',*,*,#3183,.T.);
#755=ORIENTED_EDGE('',*,*,#3184,.F.);
#756=ORIENTED_EDGE('',*,*,#3185,.F.);
#757=ORIENTED_EDGE('',*,*,#3182,.T.);
#758=ORIENTED_EDGE('',*,*,#3186,.T.);
#759=ORIENTED_EDGE('',*,*,#3187,.F.);
#760=ORIENTED_EDGE('',*,*,#3188,.F.);
#761=ORIENTED_EDGE('',*,*,#3178,.T.);
#762=ORIENTED_EDGE('',*,*,#3174,.T.);
#763=ORIENTED_EDGE('',*,*,#3189,.F.);
#764=ORIENTED_EDGE('',*,*,#3186,.F.);
#765=ORIENTED_EDGE('',*,*,#3181,.T.);
#766=ORIENTED_EDGE('',*,*,#3190,.T.);
#767=ORIENTED_EDGE('',*,*,#3179,.F.);
#768=ORIENTED_EDGE('',*,*,#3188,.T.);
#769=ORIENTED_EDGE('',*,*,#3191,.F.);
#770=ORIENTED_EDGE('',*,*,#3192,.F.);
#771=ORIENTED_EDGE('',*,*,#3193,.T.);
#772=ORIENTED_EDGE('',*,*,#3194,.T.);
#773=ORIENTED_EDGE('',*,*,#3183,.F.);
#774=ORIENTED_EDGE('',*,*,#3185,.T.);
#775=ORIENTED_EDGE('',*,*,#3195,.T.);
#776=ORIENTED_EDGE('',*,*,#3193,.F.);
#777=ORIENTED_EDGE('',*,*,#3196,.F.);
#778=ORIENTED_EDGE('',*,*,#3197,.T.);
#779=ORIENTED_EDGE('',*,*,#3198,.T.);
#780=ORIENTED_EDGE('',*,*,#3199,.F.);
#781=ORIENTED_EDGE('',*,*,#3200,.F.);
#782=ORIENTED_EDGE('',*,*,#3201,.T.);
#783=ORIENTED_EDGE('',*,*,#3202,.F.);
#784=ORIENTED_EDGE('',*,*,#3203,.F.);
#785=ORIENTED_EDGE('',*,*,#3200,.T.);
#786=ORIENTED_EDGE('',*,*,#3204,.T.);
#787=ORIENTED_EDGE('',*,*,#3205,.F.);
#788=ORIENTED_EDGE('',*,*,#3206,.F.);
#789=ORIENTED_EDGE('',*,*,#3196,.T.);
#790=ORIENTED_EDGE('',*,*,#3192,.T.);
#791=ORIENTED_EDGE('',*,*,#3207,.F.);
#792=ORIENTED_EDGE('',*,*,#3204,.F.);
#793=ORIENTED_EDGE('',*,*,#3199,.T.);
#794=ORIENTED_EDGE('',*,*,#3208,.T.);
#795=ORIENTED_EDGE('',*,*,#3197,.F.);
#796=ORIENTED_EDGE('',*,*,#3206,.T.);
#797=ORIENTED_EDGE('',*,*,#3209,.F.);
#798=ORIENTED_EDGE('',*,*,#3210,.F.);
#799=ORIENTED_EDGE('',*,*,#3211,.T.);
#800=ORIENTED_EDGE('',*,*,#3212,.T.);
#801=ORIENTED_EDGE('',*,*,#3201,.F.);
#802=ORIENTED_EDGE('',*,*,#3203,.T.);
#803=ORIENTED_EDGE('',*,*,#3213,.T.);
#804=ORIENTED_EDGE('',*,*,#3211,.F.);
#805=ORIENTED_EDGE('',*,*,#3214,.F.);
#806=ORIENTED_EDGE('',*,*,#3215,.T.);
#807=ORIENTED_EDGE('',*,*,#3216,.T.);
#808=ORIENTED_EDGE('',*,*,#3217,.F.);
#809=ORIENTED_EDGE('',*,*,#3218,.F.);
#810=ORIENTED_EDGE('',*,*,#3219,.T.);
#811=ORIENTED_EDGE('',*,*,#3220,.F.);
#812=ORIENTED_EDGE('',*,*,#3221,.F.);
#813=ORIENTED_EDGE('',*,*,#3218,.T.);
#814=ORIENTED_EDGE('',*,*,#3222,.T.);
#815=ORIENTED_EDGE('',*,*,#3223,.F.);
#816=ORIENTED_EDGE('',*,*,#3224,.F.);
#817=ORIENTED_EDGE('',*,*,#3214,.T.);
#818=ORIENTED_EDGE('',*,*,#3210,.T.);
#819=ORIENTED_EDGE('',*,*,#3225,.F.);
#820=ORIENTED_EDGE('',*,*,#3222,.F.);
#821=ORIENTED_EDGE('',*,*,#3217,.T.);
#822=ORIENTED_EDGE('',*,*,#3226,.T.);
#823=ORIENTED_EDGE('',*,*,#3215,.F.);
#824=ORIENTED_EDGE('',*,*,#3224,.T.);
#825=ORIENTED_EDGE('',*,*,#3227,.F.);
#826=ORIENTED_EDGE('',*,*,#3228,.F.);
#827=ORIENTED_EDGE('',*,*,#3229,.T.);
#828=ORIENTED_EDGE('',*,*,#3230,.T.);
#829=ORIENTED_EDGE('',*,*,#3219,.F.);
#830=ORIENTED_EDGE('',*,*,#3221,.T.);
#831=ORIENTED_EDGE('',*,*,#3231,.T.);
#832=ORIENTED_EDGE('',*,*,#3229,.F.);
#833=ORIENTED_EDGE('',*,*,#3232,.F.);
#834=ORIENTED_EDGE('',*,*,#3233,.T.);
#835=ORIENTED_EDGE('',*,*,#3234,.T.);
#836=ORIENTED_EDGE('',*,*,#3235,.F.);
#837=ORIENTED_EDGE('',*,*,#3236,.F.);
#838=ORIENTED_EDGE('',*,*,#3237,.T.);
#839=ORIENTED_EDGE('',*,*,#3238,.F.);
#840=ORIENTED_EDGE('',*,*,#3239,.F.);
#841=ORIENTED_EDGE('',*,*,#3236,.T.);
#842=ORIENTED_EDGE('',*,*,#3240,.T.);
#843=ORIENTED_EDGE('',*,*,#3241,.F.);
#844=ORIENTED_EDGE('',*,*,#3242,.F.);
#845=ORIENTED_EDGE('',*,*,#3232,.T.);
#846=ORIENTED_EDGE('',*,*,#3228,.T.);
#847=ORIENTED_EDGE('',*,*,#3243,.F.);
#848=ORIENTED_EDGE('',*,*,#3240,.F.);
#849=ORIENTED_EDGE('',*,*,#3235,.T.);
#850=ORIENTED_EDGE('',*,*,#3244,.T.);
#851=ORIENTED_EDGE('',*,*,#3233,.F.);
#852=ORIENTED_EDGE('',*,*,#3242,.T.);
#853=ORIENTED_EDGE('',*,*,#3245,.F.);
#854=ORIENTED_EDGE('',*,*,#3246,.F.);
#855=ORIENTED_EDGE('',*,*,#3247,.T.);
#856=ORIENTED_EDGE('',*,*,#3248,.T.);
#857=ORIENTED_EDGE('',*,*,#3237,.F.);
#858=ORIENTED_EDGE('',*,*,#3239,.T.);
#859=ORIENTED_EDGE('',*,*,#3249,.T.);
#860=ORIENTED_EDGE('',*,*,#3247,.F.);
#861=ORIENTED_EDGE('',*,*,#3250,.F.);
#862=ORIENTED_EDGE('',*,*,#3251,.T.);
#863=ORIENTED_EDGE('',*,*,#3252,.T.);
#864=ORIENTED_EDGE('',*,*,#3253,.F.);
#865=ORIENTED_EDGE('',*,*,#3254,.F.);
#866=ORIENTED_EDGE('',*,*,#3255,.T.);
#867=ORIENTED_EDGE('',*,*,#3256,.F.);
#868=ORIENTED_EDGE('',*,*,#3257,.F.);
#869=ORIENTED_EDGE('',*,*,#3254,.T.);
#870=ORIENTED_EDGE('',*,*,#3258,.T.);
#871=ORIENTED_EDGE('',*,*,#3259,.F.);
#872=ORIENTED_EDGE('',*,*,#3260,.F.);
#873=ORIENTED_EDGE('',*,*,#3250,.T.);
#874=ORIENTED_EDGE('',*,*,#3246,.T.);
#875=ORIENTED_EDGE('',*,*,#3261,.F.);
#876=ORIENTED_EDGE('',*,*,#3258,.F.);
#877=ORIENTED_EDGE('',*,*,#3253,.T.);
#878=ORIENTED_EDGE('',*,*,#3262,.T.);
#879=ORIENTED_EDGE('',*,*,#3251,.F.);
#880=ORIENTED_EDGE('',*,*,#3260,.T.);
#881=ORIENTED_EDGE('',*,*,#3263,.F.);
#882=ORIENTED_EDGE('',*,*,#3264,.F.);
#883=ORIENTED_EDGE('',*,*,#3265,.T.);
#884=ORIENTED_EDGE('',*,*,#3266,.T.);
#885=ORIENTED_EDGE('',*,*,#3255,.F.);
#886=ORIENTED_EDGE('',*,*,#3257,.T.);
#887=ORIENTED_EDGE('',*,*,#3267,.T.);
#888=ORIENTED_EDGE('',*,*,#3265,.F.);
#889=ORIENTED_EDGE('',*,*,#3268,.F.);
#890=ORIENTED_EDGE('',*,*,#3269,.T.);
#891=ORIENTED_EDGE('',*,*,#3270,.T.);
#892=ORIENTED_EDGE('',*,*,#3271,.F.);
#893=ORIENTED_EDGE('',*,*,#3272,.F.);
#894=ORIENTED_EDGE('',*,*,#3273,.T.);
#895=ORIENTED_EDGE('',*,*,#3274,.F.);
#896=ORIENTED_EDGE('',*,*,#3275,.F.);
#897=ORIENTED_EDGE('',*,*,#3272,.T.);
#898=ORIENTED_EDGE('',*,*,#3276,.T.);
#899=ORIENTED_EDGE('',*,*,#3277,.F.);
#900=ORIENTED_EDGE('',*,*,#3278,.F.);
#901=ORIENTED_EDGE('',*,*,#3268,.T.);
#902=ORIENTED_EDGE('',*,*,#3264,.T.);
#903=ORIENTED_EDGE('',*,*,#3279,.F.);
#904=ORIENTED_EDGE('',*,*,#3276,.F.);
#905=ORIENTED_EDGE('',*,*,#3271,.T.);
#906=ORIENTED_EDGE('',*,*,#3280,.T.);
#907=ORIENTED_EDGE('',*,*,#3269,.F.);
#908=ORIENTED_EDGE('',*,*,#3278,.T.);
#909=ORIENTED_EDGE('',*,*,#3281,.F.);
#910=ORIENTED_EDGE('',*,*,#3282,.F.);
#911=ORIENTED_EDGE('',*,*,#3283,.T.);
#912=ORIENTED_EDGE('',*,*,#3284,.T.);
#913=ORIENTED_EDGE('',*,*,#3273,.F.);
#914=ORIENTED_EDGE('',*,*,#3275,.T.);
#915=ORIENTED_EDGE('',*,*,#3285,.T.);
#916=ORIENTED_EDGE('',*,*,#3283,.F.);
#917=ORIENTED_EDGE('',*,*,#3286,.F.);
#918=ORIENTED_EDGE('',*,*,#3287,.T.);
#919=ORIENTED_EDGE('',*,*,#3288,.T.);
#920=ORIENTED_EDGE('',*,*,#3289,.F.);
#921=ORIENTED_EDGE('',*,*,#3290,.F.);
#922=ORIENTED_EDGE('',*,*,#3291,.T.);
#923=ORIENTED_EDGE('',*,*,#3292,.F.);
#924=ORIENTED_EDGE('',*,*,#3293,.F.);
#925=ORIENTED_EDGE('',*,*,#3290,.T.);
#926=ORIENTED_EDGE('',*,*,#3294,.T.);
#927=ORIENTED_EDGE('',*,*,#3295,.F.);
#928=ORIENTED_EDGE('',*,*,#3296,.F.);
#929=ORIENTED_EDGE('',*,*,#3286,.T.);
#930=ORIENTED_EDGE('',*,*,#3282,.T.);
#931=ORIENTED_EDGE('',*,*,#3297,.F.);
#932=ORIENTED_EDGE('',*,*,#3294,.F.);
#933=ORIENTED_EDGE('',*,*,#3289,.T.);
#934=ORIENTED_EDGE('',*,*,#3298,.T.);
#935=ORIENTED_EDGE('',*,*,#3287,.F.);
#936=ORIENTED_EDGE('',*,*,#3296,.T.);
#937=ORIENTED_EDGE('',*,*,#3299,.F.);
#938=ORIENTED_EDGE('',*,*,#3300,.F.);
#939=ORIENTED_EDGE('',*,*,#3301,.T.);
#940=ORIENTED_EDGE('',*,*,#3302,.T.);
#941=ORIENTED_EDGE('',*,*,#3291,.F.);
#942=ORIENTED_EDGE('',*,*,#3293,.T.);
#943=ORIENTED_EDGE('',*,*,#3303,.T.);
#944=ORIENTED_EDGE('',*,*,#3301,.F.);
#945=ORIENTED_EDGE('',*,*,#3304,.F.);
#946=ORIENTED_EDGE('',*,*,#3305,.T.);
#947=ORIENTED_EDGE('',*,*,#3306,.T.);
#948=ORIENTED_EDGE('',*,*,#3307,.F.);
#949=ORIENTED_EDGE('',*,*,#3308,.F.);
#950=ORIENTED_EDGE('',*,*,#3309,.T.);
#951=ORIENTED_EDGE('',*,*,#3310,.F.);
#952=ORIENTED_EDGE('',*,*,#3311,.F.);
#953=ORIENTED_EDGE('',*,*,#3308,.T.);
#954=ORIENTED_EDGE('',*,*,#3312,.T.);
#955=ORIENTED_EDGE('',*,*,#3313,.F.);
#956=ORIENTED_EDGE('',*,*,#3314,.F.);
#957=ORIENTED_EDGE('',*,*,#3304,.T.);
#958=ORIENTED_EDGE('',*,*,#3300,.T.);
#959=ORIENTED_EDGE('',*,*,#3315,.F.);
#960=ORIENTED_EDGE('',*,*,#3312,.F.);
#961=ORIENTED_EDGE('',*,*,#3307,.T.);
#962=ORIENTED_EDGE('',*,*,#3316,.T.);
#963=ORIENTED_EDGE('',*,*,#3305,.F.);
#964=ORIENTED_EDGE('',*,*,#3314,.T.);
#965=ORIENTED_EDGE('',*,*,#3317,.F.);
#966=ORIENTED_EDGE('',*,*,#3318,.F.);
#967=ORIENTED_EDGE('',*,*,#3319,.T.);
#968=ORIENTED_EDGE('',*,*,#3320,.T.);
#969=ORIENTED_EDGE('',*,*,#3309,.F.);
#970=ORIENTED_EDGE('',*,*,#3311,.T.);
#971=ORIENTED_EDGE('',*,*,#3321,.T.);
#972=ORIENTED_EDGE('',*,*,#3319,.F.);
#973=ORIENTED_EDGE('',*,*,#3322,.F.);
#974=ORIENTED_EDGE('',*,*,#3323,.T.);
#975=ORIENTED_EDGE('',*,*,#3324,.T.);
#976=ORIENTED_EDGE('',*,*,#3325,.F.);
#977=ORIENTED_EDGE('',*,*,#3326,.F.);
#978=ORIENTED_EDGE('',*,*,#3327,.T.);
#979=ORIENTED_EDGE('',*,*,#3328,.F.);
#980=ORIENTED_EDGE('',*,*,#3329,.F.);
#981=ORIENTED_EDGE('',*,*,#3326,.T.);
#982=ORIENTED_EDGE('',*,*,#3330,.T.);
#983=ORIENTED_EDGE('',*,*,#3331,.F.);
#984=ORIENTED_EDGE('',*,*,#3332,.F.);
#985=ORIENTED_EDGE('',*,*,#3322,.T.);
#986=ORIENTED_EDGE('',*,*,#3318,.T.);
#987=ORIENTED_EDGE('',*,*,#3333,.F.);
#988=ORIENTED_EDGE('',*,*,#3330,.F.);
#989=ORIENTED_EDGE('',*,*,#3325,.T.);
#990=ORIENTED_EDGE('',*,*,#3334,.T.);
#991=ORIENTED_EDGE('',*,*,#3323,.F.);
#992=ORIENTED_EDGE('',*,*,#3332,.T.);
#993=ORIENTED_EDGE('',*,*,#3335,.F.);
#994=ORIENTED_EDGE('',*,*,#3336,.F.);
#995=ORIENTED_EDGE('',*,*,#3337,.T.);
#996=ORIENTED_EDGE('',*,*,#3338,.T.);
#997=ORIENTED_EDGE('',*,*,#3327,.F.);
#998=ORIENTED_EDGE('',*,*,#3329,.T.);
#999=ORIENTED_EDGE('',*,*,#3339,.T.);
#1000=ORIENTED_EDGE('',*,*,#3337,.F.);
#1001=ORIENTED_EDGE('',*,*,#3340,.F.);
#1002=ORIENTED_EDGE('',*,*,#3341,.T.);
#1003=ORIENTED_EDGE('',*,*,#3342,.T.);
#1004=ORIENTED_EDGE('',*,*,#3343,.F.);
#1005=ORIENTED_EDGE('',*,*,#3344,.F.);
#1006=ORIENTED_EDGE('',*,*,#3345,.T.);
#1007=ORIENTED_EDGE('',*,*,#3346,.F.);
#1008=ORIENTED_EDGE('',*,*,#3347,.F.);
#1009=ORIENTED_EDGE('',*,*,#3344,.T.);
#1010=ORIENTED_EDGE('',*,*,#3348,.T.);
#1011=ORIENTED_EDGE('',*,*,#3349,.F.);
#1012=ORIENTED_EDGE('',*,*,#3350,.F.);
#1013=ORIENTED_EDGE('',*,*,#3340,.T.);
#1014=ORIENTED_EDGE('',*,*,#3336,.T.);
#1015=ORIENTED_EDGE('',*,*,#3351,.F.);
#1016=ORIENTED_EDGE('',*,*,#3348,.F.);
#1017=ORIENTED_EDGE('',*,*,#3343,.T.);
#1018=ORIENTED_EDGE('',*,*,#3352,.T.);
#1019=ORIENTED_EDGE('',*,*,#3341,.F.);
#1020=ORIENTED_EDGE('',*,*,#3350,.T.);
#1021=ORIENTED_EDGE('',*,*,#3353,.F.);
#1022=ORIENTED_EDGE('',*,*,#3354,.F.);
#1023=ORIENTED_EDGE('',*,*,#3355,.T.);
#1024=ORIENTED_EDGE('',*,*,#3356,.T.);
#1025=ORIENTED_EDGE('',*,*,#3345,.F.);
#1026=ORIENTED_EDGE('',*,*,#3347,.T.);
#1027=ORIENTED_EDGE('',*,*,#3357,.T.);
#1028=ORIENTED_EDGE('',*,*,#3355,.F.);
#1029=ORIENTED_EDGE('',*,*,#3358,.F.);
#1030=ORIENTED_EDGE('',*,*,#3359,.T.);
#1031=ORIENTED_EDGE('',*,*,#3360,.T.);
#1032=ORIENTED_EDGE('',*,*,#3361,.F.);
#1033=ORIENTED_EDGE('',*,*,#3362,.F.);
#1034=ORIENTED_EDGE('',*,*,#3363,.T.);
#1035=ORIENTED_EDGE('',*,*,#3364,.F.);
#1036=ORIENTED_EDGE('',*,*,#3365,.F.);
#1037=ORIENTED_EDGE('',*,*,#3362,.T.);
#1038=ORIENTED_EDGE('',*,*,#3366,.T.);
#1039=ORIENTED_EDGE('',*,*,#3367,.F.);
#1040=ORIENTED_EDGE('',*,*,#3368,.F.);
#1041=ORIENTED_EDGE('',*,*,#3358,.T.);
#1042=ORIENTED_EDGE('',*,*,#3354,.T.);
#1043=ORIENTED_EDGE('',*,*,#3369,.F.);
#1044=ORIENTED_EDGE('',*,*,#3366,.F.);
#1045=ORIENTED_EDGE('',*,*,#3361,.T.);
#1046=ORIENTED_EDGE('',*,*,#3370,.T.);
#1047=ORIENTED_EDGE('',*,*,#3359,.F.);
#1048=ORIENTED_EDGE('',*,*,#3368,.T.);
#1049=ORIENTED_EDGE('',*,*,#3371,.F.);
#1050=ORIENTED_EDGE('',*,*,#3372,.F.);
#1051=ORIENTED_EDGE('',*,*,#3373,.T.);
#1052=ORIENTED_EDGE('',*,*,#3374,.T.);
#1053=ORIENTED_EDGE('',*,*,#3363,.F.);
#1054=ORIENTED_EDGE('',*,*,#3365,.T.);
#1055=ORIENTED_EDGE('',*,*,#3375,.T.);
#1056=ORIENTED_EDGE('',*,*,#3373,.F.);
#1057=ORIENTED_EDGE('',*,*,#3376,.F.);
#1058=ORIENTED_EDGE('',*,*,#3377,.T.);
#1059=ORIENTED_EDGE('',*,*,#3378,.T.);
#1060=ORIENTED_EDGE('',*,*,#3379,.F.);
#1061=ORIENTED_EDGE('',*,*,#3380,.F.);
#1062=ORIENTED_EDGE('',*,*,#3381,.T.);
#1063=ORIENTED_EDGE('',*,*,#3382,.F.);
#1064=ORIENTED_EDGE('',*,*,#3383,.F.);
#1065=ORIENTED_EDGE('',*,*,#3380,.T.);
#1066=ORIENTED_EDGE('',*,*,#3384,.T.);
#1067=ORIENTED_EDGE('',*,*,#3385,.F.);
#1068=ORIENTED_EDGE('',*,*,#3386,.F.);
#1069=ORIENTED_EDGE('',*,*,#3376,.T.);
#1070=ORIENTED_EDGE('',*,*,#3372,.T.);
#1071=ORIENTED_EDGE('',*,*,#3387,.F.);
#1072=ORIENTED_EDGE('',*,*,#3384,.F.);
#1073=ORIENTED_EDGE('',*,*,#3379,.T.);
#1074=ORIENTED_EDGE('',*,*,#3388,.T.);
#1075=ORIENTED_EDGE('',*,*,#3377,.F.);
#1076=ORIENTED_EDGE('',*,*,#3386,.T.);
#1077=ORIENTED_EDGE('',*,*,#3389,.F.);
#1078=ORIENTED_EDGE('',*,*,#3390,.F.);
#1079=ORIENTED_EDGE('',*,*,#3391,.T.);
#1080=ORIENTED_EDGE('',*,*,#3392,.T.);
#1081=ORIENTED_EDGE('',*,*,#3381,.F.);
#1082=ORIENTED_EDGE('',*,*,#3383,.T.);
#1083=ORIENTED_EDGE('',*,*,#3393,.T.);
#1084=ORIENTED_EDGE('',*,*,#3391,.F.);
#1085=ORIENTED_EDGE('',*,*,#3394,.F.);
#1086=ORIENTED_EDGE('',*,*,#3395,.T.);
#1087=ORIENTED_EDGE('',*,*,#3396,.T.);
#1088=ORIENTED_EDGE('',*,*,#3397,.F.);
#1089=ORIENTED_EDGE('',*,*,#3398,.F.);
#1090=ORIENTED_EDGE('',*,*,#3399,.T.);
#1091=ORIENTED_EDGE('',*,*,#3400,.F.);
#1092=ORIENTED_EDGE('',*,*,#3401,.F.);
#1093=ORIENTED_EDGE('',*,*,#3398,.T.);
#1094=ORIENTED_EDGE('',*,*,#3402,.T.);
#1095=ORIENTED_EDGE('',*,*,#3403,.F.);
#1096=ORIENTED_EDGE('',*,*,#3404,.F.);
#1097=ORIENTED_EDGE('',*,*,#3394,.T.);
#1098=ORIENTED_EDGE('',*,*,#3390,.T.);
#1099=ORIENTED_EDGE('',*,*,#3405,.F.);
#1100=ORIENTED_EDGE('',*,*,#3402,.F.);
#1101=ORIENTED_EDGE('',*,*,#3397,.T.);
#1102=ORIENTED_EDGE('',*,*,#3406,.T.);
#1103=ORIENTED_EDGE('',*,*,#3395,.F.);
#1104=ORIENTED_EDGE('',*,*,#3404,.T.);
#1105=ORIENTED_EDGE('',*,*,#3407,.F.);
#1106=ORIENTED_EDGE('',*,*,#3408,.F.);
#1107=ORIENTED_EDGE('',*,*,#3409,.T.);
#1108=ORIENTED_EDGE('',*,*,#3410,.T.);
#1109=ORIENTED_EDGE('',*,*,#3399,.F.);
#1110=ORIENTED_EDGE('',*,*,#3401,.T.);
#1111=ORIENTED_EDGE('',*,*,#3411,.T.);
#1112=ORIENTED_EDGE('',*,*,#3409,.F.);
#1113=ORIENTED_EDGE('',*,*,#3412,.F.);
#1114=ORIENTED_EDGE('',*,*,#3413,.T.);
#1115=ORIENTED_EDGE('',*,*,#3414,.T.);
#1116=ORIENTED_EDGE('',*,*,#3415,.F.);
#1117=ORIENTED_EDGE('',*,*,#3416,.F.);
#1118=ORIENTED_EDGE('',*,*,#3417,.T.);
#1119=ORIENTED_EDGE('',*,*,#3418,.F.);
#1120=ORIENTED_EDGE('',*,*,#3419,.F.);
#1121=ORIENTED_EDGE('',*,*,#3416,.T.);
#1122=ORIENTED_EDGE('',*,*,#3420,.T.);
#1123=ORIENTED_EDGE('',*,*,#3421,.F.);
#1124=ORIENTED_EDGE('',*,*,#3422,.F.);
#1125=ORIENTED_EDGE('',*,*,#3412,.T.);
#1126=ORIENTED_EDGE('',*,*,#3408,.T.);
#1127=ORIENTED_EDGE('',*,*,#3423,.F.);
#1128=ORIENTED_EDGE('',*,*,#3420,.F.);
#1129=ORIENTED_EDGE('',*,*,#3415,.T.);
#1130=ORIENTED_EDGE('',*,*,#3424,.T.);
#1131=ORIENTED_EDGE('',*,*,#3413,.F.);
#1132=ORIENTED_EDGE('',*,*,#3422,.T.);
#1133=ORIENTED_EDGE('',*,*,#3425,.F.);
#1134=ORIENTED_EDGE('',*,*,#3426,.F.);
#1135=ORIENTED_EDGE('',*,*,#3427,.T.);
#1136=ORIENTED_EDGE('',*,*,#3428,.T.);
#1137=ORIENTED_EDGE('',*,*,#3417,.F.);
#1138=ORIENTED_EDGE('',*,*,#3419,.T.);
#1139=ORIENTED_EDGE('',*,*,#3429,.T.);
#1140=ORIENTED_EDGE('',*,*,#3427,.F.);
#1141=ORIENTED_EDGE('',*,*,#3430,.F.);
#1142=ORIENTED_EDGE('',*,*,#3431,.T.);
#1143=ORIENTED_EDGE('',*,*,#3432,.T.);
#1144=ORIENTED_EDGE('',*,*,#3433,.F.);
#1145=ORIENTED_EDGE('',*,*,#3434,.F.);
#1146=ORIENTED_EDGE('',*,*,#3435,.T.);
#1147=ORIENTED_EDGE('',*,*,#3436,.F.);
#1148=ORIENTED_EDGE('',*,*,#3437,.F.);
#1149=ORIENTED_EDGE('',*,*,#3434,.T.);
#1150=ORIENTED_EDGE('',*,*,#3438,.T.);
#1151=ORIENTED_EDGE('',*,*,#3439,.F.);
#1152=ORIENTED_EDGE('',*,*,#3440,.F.);
#1153=ORIENTED_EDGE('',*,*,#3430,.T.);
#1154=ORIENTED_EDGE('',*,*,#3426,.T.);
#1155=ORIENTED_EDGE('',*,*,#3441,.F.);
#1156=ORIENTED_EDGE('',*,*,#3438,.F.);
#1157=ORIENTED_EDGE('',*,*,#3433,.T.);
#1158=ORIENTED_EDGE('',*,*,#3442,.T.);
#1159=ORIENTED_EDGE('',*,*,#3431,.F.);
#1160=ORIENTED_EDGE('',*,*,#3440,.T.);
#1161=ORIENTED_EDGE('',*,*,#3443,.F.);
#1162=ORIENTED_EDGE('',*,*,#3444,.F.);
#1163=ORIENTED_EDGE('',*,*,#3445,.T.);
#1164=ORIENTED_EDGE('',*,*,#3446,.T.);
#1165=ORIENTED_EDGE('',*,*,#3435,.F.);
#1166=ORIENTED_EDGE('',*,*,#3437,.T.);
#1167=ORIENTED_EDGE('',*,*,#3447,.T.);
#1168=ORIENTED_EDGE('',*,*,#3445,.F.);
#1169=ORIENTED_EDGE('',*,*,#3448,.F.);
#1170=ORIENTED_EDGE('',*,*,#3449,.T.);
#1171=ORIENTED_EDGE('',*,*,#3450,.T.);
#1172=ORIENTED_EDGE('',*,*,#3451,.F.);
#1173=ORIENTED_EDGE('',*,*,#3452,.F.);
#1174=ORIENTED_EDGE('',*,*,#3453,.T.);
#1175=ORIENTED_EDGE('',*,*,#3454,.F.);
#1176=ORIENTED_EDGE('',*,*,#3455,.F.);
#1177=ORIENTED_EDGE('',*,*,#3452,.T.);
#1178=ORIENTED_EDGE('',*,*,#3456,.T.);
#1179=ORIENTED_EDGE('',*,*,#3457,.F.);
#1180=ORIENTED_EDGE('',*,*,#3458,.F.);
#1181=ORIENTED_EDGE('',*,*,#3448,.T.);
#1182=ORIENTED_EDGE('',*,*,#3444,.T.);
#1183=ORIENTED_EDGE('',*,*,#3459,.F.);
#1184=ORIENTED_EDGE('',*,*,#3456,.F.);
#1185=ORIENTED_EDGE('',*,*,#3451,.T.);
#1186=ORIENTED_EDGE('',*,*,#3460,.T.);
#1187=ORIENTED_EDGE('',*,*,#3449,.F.);
#1188=ORIENTED_EDGE('',*,*,#3458,.T.);
#1189=ORIENTED_EDGE('',*,*,#3461,.F.);
#1190=ORIENTED_EDGE('',*,*,#3462,.F.);
#1191=ORIENTED_EDGE('',*,*,#3463,.T.);
#1192=ORIENTED_EDGE('',*,*,#3464,.T.);
#1193=ORIENTED_EDGE('',*,*,#3453,.F.);
#1194=ORIENTED_EDGE('',*,*,#3455,.T.);
#1195=ORIENTED_EDGE('',*,*,#3465,.T.);
#1196=ORIENTED_EDGE('',*,*,#3463,.F.);
#1197=ORIENTED_EDGE('',*,*,#3466,.F.);
#1198=ORIENTED_EDGE('',*,*,#3467,.T.);
#1199=ORIENTED_EDGE('',*,*,#3468,.T.);
#1200=ORIENTED_EDGE('',*,*,#3469,.F.);
#1201=ORIENTED_EDGE('',*,*,#3470,.F.);
#1202=ORIENTED_EDGE('',*,*,#3471,.T.);
#1203=ORIENTED_EDGE('',*,*,#3472,.F.);
#1204=ORIENTED_EDGE('',*,*,#3473,.F.);
#1205=ORIENTED_EDGE('',*,*,#3470,.T.);
#1206=ORIENTED_EDGE('',*,*,#3474,.T.);
#1207=ORIENTED_EDGE('',*,*,#3475,.F.);
#1208=ORIENTED_EDGE('',*,*,#3476,.F.);
#1209=ORIENTED_EDGE('',*,*,#3466,.T.);
#1210=ORIENTED_EDGE('',*,*,#3462,.T.);
#1211=ORIENTED_EDGE('',*,*,#3477,.F.);
#1212=ORIENTED_EDGE('',*,*,#3474,.F.);
#1213=ORIENTED_EDGE('',*,*,#3469,.T.);
#1214=ORIENTED_EDGE('',*,*,#3478,.T.);
#1215=ORIENTED_EDGE('',*,*,#3467,.F.);
#1216=ORIENTED_EDGE('',*,*,#3476,.T.);
#1217=ORIENTED_EDGE('',*,*,#3479,.F.);
#1218=ORIENTED_EDGE('',*,*,#3480,.F.);
#1219=ORIENTED_EDGE('',*,*,#3481,.T.);
#1220=ORIENTED_EDGE('',*,*,#3482,.T.);
#1221=ORIENTED_EDGE('',*,*,#3471,.F.);
#1222=ORIENTED_EDGE('',*,*,#3473,.T.);
#1223=ORIENTED_EDGE('',*,*,#3483,.T.);
#1224=ORIENTED_EDGE('',*,*,#3481,.F.);
#1225=ORIENTED_EDGE('',*,*,#3484,.F.);
#1226=ORIENTED_EDGE('',*,*,#3485,.T.);
#1227=ORIENTED_EDGE('',*,*,#3486,.T.);
#1228=ORIENTED_EDGE('',*,*,#3487,.F.);
#1229=ORIENTED_EDGE('',*,*,#3488,.F.);
#1230=ORIENTED_EDGE('',*,*,#3489,.T.);
#1231=ORIENTED_EDGE('',*,*,#3490,.F.);
#1232=ORIENTED_EDGE('',*,*,#3491,.F.);
#1233=ORIENTED_EDGE('',*,*,#3488,.T.);
#1234=ORIENTED_EDGE('',*,*,#3492,.T.);
#1235=ORIENTED_EDGE('',*,*,#3493,.F.);
#1236=ORIENTED_EDGE('',*,*,#3494,.F.);
#1237=ORIENTED_EDGE('',*,*,#3484,.T.);
#1238=ORIENTED_EDGE('',*,*,#3480,.T.);
#1239=ORIENTED_EDGE('',*,*,#3495,.F.);
#1240=ORIENTED_EDGE('',*,*,#3492,.F.);
#1241=ORIENTED_EDGE('',*,*,#3487,.T.);
#1242=ORIENTED_EDGE('',*,*,#3496,.T.);
#1243=ORIENTED_EDGE('',*,*,#3485,.F.);
#1244=ORIENTED_EDGE('',*,*,#3494,.T.);
#1245=ORIENTED_EDGE('',*,*,#3497,.F.);
#1246=ORIENTED_EDGE('',*,*,#3498,.F.);
#1247=ORIENTED_EDGE('',*,*,#3499,.T.);
#1248=ORIENTED_EDGE('',*,*,#3500,.T.);
#1249=ORIENTED_EDGE('',*,*,#3489,.F.);
#1250=ORIENTED_EDGE('',*,*,#3491,.T.);
#1251=ORIENTED_EDGE('',*,*,#3501,.T.);
#1252=ORIENTED_EDGE('',*,*,#3499,.F.);
#1253=ORIENTED_EDGE('',*,*,#3502,.F.);
#1254=ORIENTED_EDGE('',*,*,#3503,.T.);
#1255=ORIENTED_EDGE('',*,*,#3504,.T.);
#1256=ORIENTED_EDGE('',*,*,#3505,.F.);
#1257=ORIENTED_EDGE('',*,*,#3506,.F.);
#1258=ORIENTED_EDGE('',*,*,#3507,.T.);
#1259=ORIENTED_EDGE('',*,*,#3508,.F.);
#1260=ORIENTED_EDGE('',*,*,#3509,.F.);
#1261=ORIENTED_EDGE('',*,*,#3506,.T.);
#1262=ORIENTED_EDGE('',*,*,#3510,.T.);
#1263=ORIENTED_EDGE('',*,*,#3511,.F.);
#1264=ORIENTED_EDGE('',*,*,#3512,.F.);
#1265=ORIENTED_EDGE('',*,*,#3502,.T.);
#1266=ORIENTED_EDGE('',*,*,#3498,.T.);
#1267=ORIENTED_EDGE('',*,*,#3513,.F.);
#1268=ORIENTED_EDGE('',*,*,#3510,.F.);
#1269=ORIENTED_EDGE('',*,*,#3505,.T.);
#1270=ORIENTED_EDGE('',*,*,#3514,.T.);
#1271=ORIENTED_EDGE('',*,*,#3503,.F.);
#1272=ORIENTED_EDGE('',*,*,#3512,.T.);
#1273=ORIENTED_EDGE('',*,*,#3515,.F.);
#1274=ORIENTED_EDGE('',*,*,#3516,.F.);
#1275=ORIENTED_EDGE('',*,*,#3517,.T.);
#1276=ORIENTED_EDGE('',*,*,#3518,.T.);
#1277=ORIENTED_EDGE('',*,*,#3519,.F.);
#1278=ORIENTED_EDGE('',*,*,#3520,.F.);
#1279=ORIENTED_EDGE('',*,*,#3521,.T.);
#1280=ORIENTED_EDGE('',*,*,#3522,.T.);
#1281=ORIENTED_EDGE('',*,*,#3523,.F.);
#1282=ORIENTED_EDGE('',*,*,#3516,.T.);
#1283=ORIENTED_EDGE('',*,*,#3524,.T.);
#1284=ORIENTED_EDGE('',*,*,#3525,.F.);
#1285=ORIENTED_EDGE('',*,*,#3526,.F.);
#1286=ORIENTED_EDGE('',*,*,#3520,.T.);
#1287=ORIENTED_EDGE('',*,*,#3527,.T.);
#1288=ORIENTED_EDGE('',*,*,#3528,.F.);
#1289=ORIENTED_EDGE('',*,*,#3529,.T.);
#1290=ORIENTED_EDGE('',*,*,#3530,.F.);
#1291=ORIENTED_EDGE('',*,*,#3531,.F.);
#1292=ORIENTED_EDGE('',*,*,#3525,.T.);
#1293=ORIENTED_EDGE('',*,*,#3532,.F.);
#1294=ORIENTED_EDGE('',*,*,#2852,.F.);
#1295=ORIENTED_EDGE('',*,*,#3533,.T.);
#1296=ORIENTED_EDGE('',*,*,#3528,.T.);
#1297=ORIENTED_EDGE('',*,*,#3534,.F.);
#1298=ORIENTED_EDGE('',*,*,#3535,.F.);
#1299=ORIENTED_EDGE('',*,*,#3536,.T.);
#1300=ORIENTED_EDGE('',*,*,#3537,.T.);
#1301=ORIENTED_EDGE('',*,*,#3507,.F.);
#1302=ORIENTED_EDGE('',*,*,#3509,.T.);
#1303=ORIENTED_EDGE('',*,*,#3538,.F.);
#1304=ORIENTED_EDGE('',*,*,#3539,.F.);
#1305=ORIENTED_EDGE('',*,*,#3540,.T.);
#1306=ORIENTED_EDGE('',*,*,#3535,.T.);
#1307=ORIENTED_EDGE('',*,*,#3541,.F.);
#1308=ORIENTED_EDGE('',*,*,#3518,.F.);
#1309=ORIENTED_EDGE('',*,*,#3542,.T.);
#1310=ORIENTED_EDGE('',*,*,#3543,.T.);
#1311=ORIENTED_EDGE('',*,*,#3544,.F.);
#1312=ORIENTED_EDGE('',*,*,#3539,.T.);
#1313=ORIENTED_EDGE('',*,*,#2867,.T.);
#1314=ORIENTED_EDGE('',*,*,#2860,.T.);
#1315=ORIENTED_EDGE('',*,*,#2865,.T.);
#1316=ORIENTED_EDGE('',*,*,#2863,.T.);
#1317=ORIENTED_EDGE('',*,*,#2847,.T.);
#1318=ORIENTED_EDGE('',*,*,#3532,.T.);
#1319=ORIENTED_EDGE('',*,*,#3527,.F.);
#1320=ORIENTED_EDGE('',*,*,#3524,.F.);
#1321=ORIENTED_EDGE('',*,*,#3519,.T.);
#1322=ORIENTED_EDGE('',*,*,#3515,.T.);
#1323=ORIENTED_EDGE('',*,*,#3541,.T.);
#1324=ORIENTED_EDGE('',*,*,#3538,.T.);
#1325=ORIENTED_EDGE('',*,*,#3534,.T.);
#1326=ORIENTED_EDGE('',*,*,#3508,.T.);
#1327=ORIENTED_EDGE('',*,*,#3513,.T.);
#1328=ORIENTED_EDGE('',*,*,#3511,.T.);
#1329=ORIENTED_EDGE('',*,*,#3497,.T.);
#1330=ORIENTED_EDGE('',*,*,#3490,.T.);
#1331=ORIENTED_EDGE('',*,*,#3495,.T.);
#1332=ORIENTED_EDGE('',*,*,#3493,.T.);
#1333=ORIENTED_EDGE('',*,*,#3479,.T.);
#1334=ORIENTED_EDGE('',*,*,#3472,.T.);
#1335=ORIENTED_EDGE('',*,*,#3477,.T.);
#1336=ORIENTED_EDGE('',*,*,#3475,.T.);
#1337=ORIENTED_EDGE('',*,*,#3461,.T.);
#1338=ORIENTED_EDGE('',*,*,#3454,.T.);
#1339=ORIENTED_EDGE('',*,*,#3459,.T.);
#1340=ORIENTED_EDGE('',*,*,#3457,.T.);
#1341=ORIENTED_EDGE('',*,*,#3443,.T.);
#1342=ORIENTED_EDGE('',*,*,#3436,.T.);
#1343=ORIENTED_EDGE('',*,*,#3441,.T.);
#1344=ORIENTED_EDGE('',*,*,#3439,.T.);
#1345=ORIENTED_EDGE('',*,*,#3425,.T.);
#1346=ORIENTED_EDGE('',*,*,#3418,.T.);
#1347=ORIENTED_EDGE('',*,*,#3423,.T.);
#1348=ORIENTED_EDGE('',*,*,#3421,.T.);
#1349=ORIENTED_EDGE('',*,*,#3407,.T.);
#1350=ORIENTED_EDGE('',*,*,#3400,.T.);
#1351=ORIENTED_EDGE('',*,*,#3405,.T.);
#1352=ORIENTED_EDGE('',*,*,#3403,.T.);
#1353=ORIENTED_EDGE('',*,*,#3389,.T.);
#1354=ORIENTED_EDGE('',*,*,#3382,.T.);
#1355=ORIENTED_EDGE('',*,*,#3387,.T.);
#1356=ORIENTED_EDGE('',*,*,#3385,.T.);
#1357=ORIENTED_EDGE('',*,*,#3371,.T.);
#1358=ORIENTED_EDGE('',*,*,#3364,.T.);
#1359=ORIENTED_EDGE('',*,*,#3369,.T.);
#1360=ORIENTED_EDGE('',*,*,#3367,.T.);
#1361=ORIENTED_EDGE('',*,*,#3353,.T.);
#1362=ORIENTED_EDGE('',*,*,#3346,.T.);
#1363=ORIENTED_EDGE('',*,*,#3351,.T.);
#1364=ORIENTED_EDGE('',*,*,#3349,.T.);
#1365=ORIENTED_EDGE('',*,*,#3335,.T.);
#1366=ORIENTED_EDGE('',*,*,#3328,.T.);
#1367=ORIENTED_EDGE('',*,*,#3333,.T.);
#1368=ORIENTED_EDGE('',*,*,#3331,.T.);
#1369=ORIENTED_EDGE('',*,*,#3317,.T.);
#1370=ORIENTED_EDGE('',*,*,#3310,.T.);
#1371=ORIENTED_EDGE('',*,*,#3315,.T.);
#1372=ORIENTED_EDGE('',*,*,#3313,.T.);
#1373=ORIENTED_EDGE('',*,*,#3299,.T.);
#1374=ORIENTED_EDGE('',*,*,#3292,.T.);
#1375=ORIENTED_EDGE('',*,*,#3297,.T.);
#1376=ORIENTED_EDGE('',*,*,#3295,.T.);
#1377=ORIENTED_EDGE('',*,*,#3281,.T.);
#1378=ORIENTED_EDGE('',*,*,#3274,.T.);
#1379=ORIENTED_EDGE('',*,*,#3279,.T.);
#1380=ORIENTED_EDGE('',*,*,#3277,.T.);
#1381=ORIENTED_EDGE('',*,*,#3263,.T.);
#1382=ORIENTED_EDGE('',*,*,#3256,.T.);
#1383=ORIENTED_EDGE('',*,*,#3261,.T.);
#1384=ORIENTED_EDGE('',*,*,#3259,.T.);
#1385=ORIENTED_EDGE('',*,*,#3245,.T.);
#1386=ORIENTED_EDGE('',*,*,#3238,.T.);
#1387=ORIENTED_EDGE('',*,*,#3243,.T.);
#1388=ORIENTED_EDGE('',*,*,#3241,.T.);
#1389=ORIENTED_EDGE('',*,*,#3227,.T.);
#1390=ORIENTED_EDGE('',*,*,#3220,.T.);
#1391=ORIENTED_EDGE('',*,*,#3225,.T.);
#1392=ORIENTED_EDGE('',*,*,#3223,.T.);
#1393=ORIENTED_EDGE('',*,*,#3209,.T.);
#1394=ORIENTED_EDGE('',*,*,#3202,.T.);
#1395=ORIENTED_EDGE('',*,*,#3207,.T.);
#1396=ORIENTED_EDGE('',*,*,#3205,.T.);
#1397=ORIENTED_EDGE('',*,*,#3191,.T.);
#1398=ORIENTED_EDGE('',*,*,#3184,.T.);
#1399=ORIENTED_EDGE('',*,*,#3189,.T.);
#1400=ORIENTED_EDGE('',*,*,#3187,.T.);
#1401=ORIENTED_EDGE('',*,*,#3173,.T.);
#1402=ORIENTED_EDGE('',*,*,#3166,.T.);
#1403=ORIENTED_EDGE('',*,*,#3171,.T.);
#1404=ORIENTED_EDGE('',*,*,#3169,.T.);
#1405=ORIENTED_EDGE('',*,*,#3155,.T.);
#1406=ORIENTED_EDGE('',*,*,#3148,.T.);
#1407=ORIENTED_EDGE('',*,*,#3153,.T.);
#1408=ORIENTED_EDGE('',*,*,#3151,.T.);
#1409=ORIENTED_EDGE('',*,*,#3137,.T.);
#1410=ORIENTED_EDGE('',*,*,#3130,.T.);
#1411=ORIENTED_EDGE('',*,*,#3135,.T.);
#1412=ORIENTED_EDGE('',*,*,#3133,.T.);
#1413=ORIENTED_EDGE('',*,*,#3119,.T.);
#1414=ORIENTED_EDGE('',*,*,#3112,.T.);
#1415=ORIENTED_EDGE('',*,*,#3117,.T.);
#1416=ORIENTED_EDGE('',*,*,#3115,.T.);
#1417=ORIENTED_EDGE('',*,*,#3101,.T.);
#1418=ORIENTED_EDGE('',*,*,#3094,.T.);
#1419=ORIENTED_EDGE('',*,*,#3099,.T.);
#1420=ORIENTED_EDGE('',*,*,#3097,.T.);
#1421=ORIENTED_EDGE('',*,*,#3083,.T.);
#1422=ORIENTED_EDGE('',*,*,#3076,.T.);
#1423=ORIENTED_EDGE('',*,*,#3081,.T.);
#1424=ORIENTED_EDGE('',*,*,#3079,.T.);
#1425=ORIENTED_EDGE('',*,*,#3065,.T.);
#1426=ORIENTED_EDGE('',*,*,#3058,.T.);
#1427=ORIENTED_EDGE('',*,*,#3063,.T.);
#1428=ORIENTED_EDGE('',*,*,#3061,.T.);
#1429=ORIENTED_EDGE('',*,*,#3047,.T.);
#1430=ORIENTED_EDGE('',*,*,#3040,.T.);
#1431=ORIENTED_EDGE('',*,*,#3045,.T.);
#1432=ORIENTED_EDGE('',*,*,#3043,.T.);
#1433=ORIENTED_EDGE('',*,*,#3029,.T.);
#1434=ORIENTED_EDGE('',*,*,#3022,.T.);
#1435=ORIENTED_EDGE('',*,*,#3027,.T.);
#1436=ORIENTED_EDGE('',*,*,#3025,.T.);
#1437=ORIENTED_EDGE('',*,*,#3011,.T.);
#1438=ORIENTED_EDGE('',*,*,#3004,.T.);
#1439=ORIENTED_EDGE('',*,*,#3009,.T.);
#1440=ORIENTED_EDGE('',*,*,#3007,.T.);
#1441=ORIENTED_EDGE('',*,*,#2993,.T.);
#1442=ORIENTED_EDGE('',*,*,#2986,.T.);
#1443=ORIENTED_EDGE('',*,*,#2991,.T.);
#1444=ORIENTED_EDGE('',*,*,#2989,.T.);
#1445=ORIENTED_EDGE('',*,*,#2975,.T.);
#1446=ORIENTED_EDGE('',*,*,#2968,.T.);
#1447=ORIENTED_EDGE('',*,*,#2973,.T.);
#1448=ORIENTED_EDGE('',*,*,#2971,.T.);
#1449=ORIENTED_EDGE('',*,*,#2957,.T.);
#1450=ORIENTED_EDGE('',*,*,#2950,.T.);
#1451=ORIENTED_EDGE('',*,*,#2955,.T.);
#1452=ORIENTED_EDGE('',*,*,#2953,.T.);
#1453=ORIENTED_EDGE('',*,*,#2939,.T.);
#1454=ORIENTED_EDGE('',*,*,#2932,.T.);
#1455=ORIENTED_EDGE('',*,*,#2937,.T.);
#1456=ORIENTED_EDGE('',*,*,#2935,.T.);
#1457=ORIENTED_EDGE('',*,*,#2921,.T.);
#1458=ORIENTED_EDGE('',*,*,#2914,.T.);
#1459=ORIENTED_EDGE('',*,*,#2919,.T.);
#1460=ORIENTED_EDGE('',*,*,#2917,.T.);
#1461=ORIENTED_EDGE('',*,*,#2903,.T.);
#1462=ORIENTED_EDGE('',*,*,#2896,.T.);
#1463=ORIENTED_EDGE('',*,*,#2901,.T.);
#1464=ORIENTED_EDGE('',*,*,#2899,.T.);
#1465=ORIENTED_EDGE('',*,*,#2885,.T.);
#1466=ORIENTED_EDGE('',*,*,#2878,.T.);
#1467=ORIENTED_EDGE('',*,*,#2883,.T.);
#1468=ORIENTED_EDGE('',*,*,#2881,.T.);
#1469=ORIENTED_EDGE('',*,*,#3545,.T.);
#1470=ORIENTED_EDGE('',*,*,#3542,.F.);
#1471=ORIENTED_EDGE('',*,*,#3517,.F.);
#1472=ORIENTED_EDGE('',*,*,#3523,.T.);
#1473=ORIENTED_EDGE('',*,*,#3546,.F.);
#1474=ORIENTED_EDGE('',*,*,#3521,.F.);
#1475=ORIENTED_EDGE('',*,*,#3526,.T.);
#1476=ORIENTED_EDGE('',*,*,#3531,.T.);
#1477=ORIENTED_EDGE('',*,*,#3547,.T.);
#1478=ORIENTED_EDGE('',*,*,#3529,.F.);
#1479=ORIENTED_EDGE('',*,*,#3533,.F.);
#1480=ORIENTED_EDGE('',*,*,#2851,.T.);
#1481=ORIENTED_EDGE('',*,*,#3548,.T.);
#1482=ORIENTED_EDGE('',*,*,#3536,.F.);
#1483=ORIENTED_EDGE('',*,*,#3540,.F.);
#1484=ORIENTED_EDGE('',*,*,#3544,.T.);
#1485=ORIENTED_EDGE('',*,*,#2870,.F.);
#1486=ORIENTED_EDGE('',*,*,#2871,.F.);
#1487=ORIENTED_EDGE('',*,*,#2884,.F.);
#1488=ORIENTED_EDGE('',*,*,#2874,.F.);
#1489=ORIENTED_EDGE('',*,*,#2888,.F.);
#1490=ORIENTED_EDGE('',*,*,#2889,.F.);
#1491=ORIENTED_EDGE('',*,*,#2902,.F.);
#1492=ORIENTED_EDGE('',*,*,#2892,.F.);
#1493=ORIENTED_EDGE('',*,*,#2906,.F.);
#1494=ORIENTED_EDGE('',*,*,#2907,.F.);
#1495=ORIENTED_EDGE('',*,*,#2920,.F.);
#1496=ORIENTED_EDGE('',*,*,#2910,.F.);
#1497=ORIENTED_EDGE('',*,*,#2924,.F.);
#1498=ORIENTED_EDGE('',*,*,#2925,.F.);
#1499=ORIENTED_EDGE('',*,*,#2938,.F.);
#1500=ORIENTED_EDGE('',*,*,#2928,.F.);
#1501=ORIENTED_EDGE('',*,*,#2942,.F.);
#1502=ORIENTED_EDGE('',*,*,#2943,.F.);
#1503=ORIENTED_EDGE('',*,*,#2956,.F.);
#1504=ORIENTED_EDGE('',*,*,#2946,.F.);
#1505=ORIENTED_EDGE('',*,*,#2960,.F.);
#1506=ORIENTED_EDGE('',*,*,#2961,.F.);
#1507=ORIENTED_EDGE('',*,*,#2974,.F.);
#1508=ORIENTED_EDGE('',*,*,#2964,.F.);
#1509=ORIENTED_EDGE('',*,*,#2978,.F.);
#1510=ORIENTED_EDGE('',*,*,#2979,.F.);
#1511=ORIENTED_EDGE('',*,*,#2992,.F.);
#1512=ORIENTED_EDGE('',*,*,#2982,.F.);
#1513=ORIENTED_EDGE('',*,*,#2996,.F.);
#1514=ORIENTED_EDGE('',*,*,#2997,.F.);
#1515=ORIENTED_EDGE('',*,*,#3010,.F.);
#1516=ORIENTED_EDGE('',*,*,#3000,.F.);
#1517=ORIENTED_EDGE('',*,*,#3014,.F.);
#1518=ORIENTED_EDGE('',*,*,#3015,.F.);
#1519=ORIENTED_EDGE('',*,*,#3028,.F.);
#1520=ORIENTED_EDGE('',*,*,#3018,.F.);
#1521=ORIENTED_EDGE('',*,*,#3032,.F.);
#1522=ORIENTED_EDGE('',*,*,#3033,.F.);
#1523=ORIENTED_EDGE('',*,*,#3046,.F.);
#1524=ORIENTED_EDGE('',*,*,#3036,.F.);
#1525=ORIENTED_EDGE('',*,*,#3050,.F.);
#1526=ORIENTED_EDGE('',*,*,#3051,.F.);
#1527=ORIENTED_EDGE('',*,*,#3064,.F.);
#1528=ORIENTED_EDGE('',*,*,#3054,.F.);
#1529=ORIENTED_EDGE('',*,*,#3068,.F.);
#1530=ORIENTED_EDGE('',*,*,#3069,.F.);
#1531=ORIENTED_EDGE('',*,*,#3082,.F.);
#1532=ORIENTED_EDGE('',*,*,#3072,.F.);
#1533=ORIENTED_EDGE('',*,*,#3086,.F.);
#1534=ORIENTED_EDGE('',*,*,#3087,.F.);
#1535=ORIENTED_EDGE('',*,*,#3100,.F.);
#1536=ORIENTED_EDGE('',*,*,#3090,.F.);
#1537=ORIENTED_EDGE('',*,*,#3104,.F.);
#1538=ORIENTED_EDGE('',*,*,#3105,.F.);
#1539=ORIENTED_EDGE('',*,*,#3118,.F.);
#1540=ORIENTED_EDGE('',*,*,#3108,.F.);
#1541=ORIENTED_EDGE('',*,*,#3122,.F.);
#1542=ORIENTED_EDGE('',*,*,#3123,.F.);
#1543=ORIENTED_EDGE('',*,*,#3136,.F.);
#1544=ORIENTED_EDGE('',*,*,#3126,.F.);
#1545=ORIENTED_EDGE('',*,*,#3140,.F.);
#1546=ORIENTED_EDGE('',*,*,#3141,.F.);
#1547=ORIENTED_EDGE('',*,*,#3154,.F.);
#1548=ORIENTED_EDGE('',*,*,#3144,.F.);
#1549=ORIENTED_EDGE('',*,*,#3158,.F.);
#1550=ORIENTED_EDGE('',*,*,#3159,.F.);
#1551=ORIENTED_EDGE('',*,*,#3172,.F.);
#1552=ORIENTED_EDGE('',*,*,#3162,.F.);
#1553=ORIENTED_EDGE('',*,*,#3176,.F.);
#1554=ORIENTED_EDGE('',*,*,#3177,.F.);
#1555=ORIENTED_EDGE('',*,*,#3190,.F.);
#1556=ORIENTED_EDGE('',*,*,#3180,.F.);
#1557=ORIENTED_EDGE('',*,*,#3194,.F.);
#1558=ORIENTED_EDGE('',*,*,#3195,.F.);
#1559=ORIENTED_EDGE('',*,*,#3208,.F.);
#1560=ORIENTED_EDGE('',*,*,#3198,.F.);
#1561=ORIENTED_EDGE('',*,*,#3212,.F.);
#1562=ORIENTED_EDGE('',*,*,#3213,.F.);
#1563=ORIENTED_EDGE('',*,*,#3226,.F.);
#1564=ORIENTED_EDGE('',*,*,#3216,.F.);
#1565=ORIENTED_EDGE('',*,*,#3230,.F.);
#1566=ORIENTED_EDGE('',*,*,#3231,.F.);
#1567=ORIENTED_EDGE('',*,*,#3244,.F.);
#1568=ORIENTED_EDGE('',*,*,#3234,.F.);
#1569=ORIENTED_EDGE('',*,*,#3248,.F.);
#1570=ORIENTED_EDGE('',*,*,#3249,.F.);
#1571=ORIENTED_EDGE('',*,*,#3262,.F.);
#1572=ORIENTED_EDGE('',*,*,#3252,.F.);
#1573=ORIENTED_EDGE('',*,*,#3266,.F.);
#1574=ORIENTED_EDGE('',*,*,#3267,.F.);
#1575=ORIENTED_EDGE('',*,*,#3280,.F.);
#1576=ORIENTED_EDGE('',*,*,#3270,.F.);
#1577=ORIENTED_EDGE('',*,*,#3284,.F.);
#1578=ORIENTED_EDGE('',*,*,#3285,.F.);
#1579=ORIENTED_EDGE('',*,*,#3298,.F.);
#1580=ORIENTED_EDGE('',*,*,#3288,.F.);
#1581=ORIENTED_EDGE('',*,*,#3302,.F.);
#1582=ORIENTED_EDGE('',*,*,#3303,.F.);
#1583=ORIENTED_EDGE('',*,*,#3316,.F.);
#1584=ORIENTED_EDGE('',*,*,#3306,.F.);
#1585=ORIENTED_EDGE('',*,*,#3320,.F.);
#1586=ORIENTED_EDGE('',*,*,#3321,.F.);
#1587=ORIENTED_EDGE('',*,*,#3334,.F.);
#1588=ORIENTED_EDGE('',*,*,#3324,.F.);
#1589=ORIENTED_EDGE('',*,*,#3338,.F.);
#1590=ORIENTED_EDGE('',*,*,#3339,.F.);
#1591=ORIENTED_EDGE('',*,*,#3352,.F.);
#1592=ORIENTED_EDGE('',*,*,#3342,.F.);
#1593=ORIENTED_EDGE('',*,*,#3356,.F.);
#1594=ORIENTED_EDGE('',*,*,#3357,.F.);
#1595=ORIENTED_EDGE('',*,*,#3370,.F.);
#1596=ORIENTED_EDGE('',*,*,#3360,.F.);
#1597=ORIENTED_EDGE('',*,*,#3374,.F.);
#1598=ORIENTED_EDGE('',*,*,#3375,.F.);
#1599=ORIENTED_EDGE('',*,*,#3388,.F.);
#1600=ORIENTED_EDGE('',*,*,#3378,.F.);
#1601=ORIENTED_EDGE('',*,*,#3392,.F.);
#1602=ORIENTED_EDGE('',*,*,#3393,.F.);
#1603=ORIENTED_EDGE('',*,*,#3406,.F.);
#1604=ORIENTED_EDGE('',*,*,#3396,.F.);
#1605=ORIENTED_EDGE('',*,*,#3410,.F.);
#1606=ORIENTED_EDGE('',*,*,#3411,.F.);
#1607=ORIENTED_EDGE('',*,*,#3424,.F.);
#1608=ORIENTED_EDGE('',*,*,#3414,.F.);
#1609=ORIENTED_EDGE('',*,*,#3428,.F.);
#1610=ORIENTED_EDGE('',*,*,#3429,.F.);
#1611=ORIENTED_EDGE('',*,*,#3442,.F.);
#1612=ORIENTED_EDGE('',*,*,#3432,.F.);
#1613=ORIENTED_EDGE('',*,*,#3446,.F.);
#1614=ORIENTED_EDGE('',*,*,#3447,.F.);
#1615=ORIENTED_EDGE('',*,*,#3460,.F.);
#1616=ORIENTED_EDGE('',*,*,#3450,.F.);
#1617=ORIENTED_EDGE('',*,*,#3464,.F.);
#1618=ORIENTED_EDGE('',*,*,#3465,.F.);
#1619=ORIENTED_EDGE('',*,*,#3478,.F.);
#1620=ORIENTED_EDGE('',*,*,#3468,.F.);
#1621=ORIENTED_EDGE('',*,*,#3482,.F.);
#1622=ORIENTED_EDGE('',*,*,#3483,.F.);
#1623=ORIENTED_EDGE('',*,*,#3496,.F.);
#1624=ORIENTED_EDGE('',*,*,#3486,.F.);
#1625=ORIENTED_EDGE('',*,*,#3500,.F.);
#1626=ORIENTED_EDGE('',*,*,#3501,.F.);
#1627=ORIENTED_EDGE('',*,*,#3514,.F.);
#1628=ORIENTED_EDGE('',*,*,#3504,.F.);
#1629=ORIENTED_EDGE('',*,*,#3537,.F.);
#1630=ORIENTED_EDGE('',*,*,#3548,.F.);
#1631=ORIENTED_EDGE('',*,*,#3543,.F.);
#1632=ORIENTED_EDGE('',*,*,#3545,.F.);
#1633=ORIENTED_EDGE('',*,*,#3522,.F.);
#1634=ORIENTED_EDGE('',*,*,#3546,.T.);
#1635=ORIENTED_EDGE('',*,*,#3530,.T.);
#1636=ORIENTED_EDGE('',*,*,#3547,.F.);
#1637=ORIENTED_EDGE('',*,*,#2850,.F.);
#1638=ORIENTED_EDGE('',*,*,#2853,.F.);
#1639=ORIENTED_EDGE('',*,*,#2866,.F.);
#1640=ORIENTED_EDGE('',*,*,#2856,.F.);
#1641=ORIENTED_EDGE('',*,*,#3549,.F.);
#1642=ORIENTED_EDGE('',*,*,#3550,.F.);
#1643=ORIENTED_EDGE('',*,*,#3551,.T.);
#1644=ORIENTED_EDGE('',*,*,#3552,.T.);
#1645=ORIENTED_EDGE('',*,*,#3553,.F.);
#1646=ORIENTED_EDGE('',*,*,#3554,.F.);
#1647=ORIENTED_EDGE('',*,*,#3555,.T.);
#1648=ORIENTED_EDGE('',*,*,#3556,.T.);
#1649=ORIENTED_EDGE('',*,*,#3557,.F.);
#1650=ORIENTED_EDGE('',*,*,#3558,.F.);
#1651=ORIENTED_EDGE('',*,*,#3559,.F.);
#1652=ORIENTED_EDGE('',*,*,#3560,.T.);
#1653=ORIENTED_EDGE('',*,*,#3561,.F.);
#1654=ORIENTED_EDGE('',*,*,#3562,.T.);
#1655=ORIENTED_EDGE('',*,*,#3563,.T.);
#1656=ORIENTED_EDGE('',*,*,#3564,.F.);
#1657=ORIENTED_EDGE('',*,*,#3565,.F.);
#1658=ORIENTED_EDGE('',*,*,#3566,.F.);
#1659=ORIENTED_EDGE('',*,*,#3567,.T.);
#1660=ORIENTED_EDGE('',*,*,#3568,.T.);
#1661=ORIENTED_EDGE('',*,*,#3569,.F.);
#1662=ORIENTED_EDGE('',*,*,#3570,.T.);
#1663=ORIENTED_EDGE('',*,*,#3571,.T.);
#1664=ORIENTED_EDGE('',*,*,#3572,.F.);
#1665=ORIENTED_EDGE('',*,*,#3573,.T.);
#1666=ORIENTED_EDGE('',*,*,#3574,.T.);
#1667=ORIENTED_EDGE('',*,*,#3575,.T.);
#1668=ORIENTED_EDGE('',*,*,#3576,.F.);
#1669=ORIENTED_EDGE('',*,*,#3577,.T.);
#1670=ORIENTED_EDGE('',*,*,#3578,.T.);
#1671=ORIENTED_EDGE('',*,*,#3579,.T.);
#1672=ORIENTED_EDGE('',*,*,#3580,.F.);
#1673=ORIENTED_EDGE('',*,*,#3581,.T.);
#1674=ORIENTED_EDGE('',*,*,#3582,.T.);
#1675=ORIENTED_EDGE('',*,*,#3583,.T.);
#1676=ORIENTED_EDGE('',*,*,#3584,.F.);
#1677=ORIENTED_EDGE('',*,*,#3585,.T.);
#1678=ORIENTED_EDGE('',*,*,#3586,.T.);
#1679=ORIENTED_EDGE('',*,*,#3587,.T.);
#1680=ORIENTED_EDGE('',*,*,#3588,.F.);
#1681=ORIENTED_EDGE('',*,*,#3589,.T.);
#1682=ORIENTED_EDGE('',*,*,#3590,.T.);
#1683=ORIENTED_EDGE('',*,*,#3591,.T.);
#1684=ORIENTED_EDGE('',*,*,#3592,.F.);
#1685=ORIENTED_EDGE('',*,*,#3593,.T.);
#1686=ORIENTED_EDGE('',*,*,#3594,.T.);
#1687=ORIENTED_EDGE('',*,*,#3595,.T.);
#1688=ORIENTED_EDGE('',*,*,#3596,.F.);
#1689=ORIENTED_EDGE('',*,*,#3597,.T.);
#1690=ORIENTED_EDGE('',*,*,#3598,.T.);
#1691=ORIENTED_EDGE('',*,*,#3552,.F.);
#1692=ORIENTED_EDGE('',*,*,#3599,.F.);
#1693=ORIENTED_EDGE('',*,*,#3600,.F.);
#1694=ORIENTED_EDGE('',*,*,#3601,.T.);
#1695=ORIENTED_EDGE('',*,*,#3556,.F.);
#1696=ORIENTED_EDGE('',*,*,#3602,.T.);
#1697=ORIENTED_EDGE('',*,*,#3603,.T.);
#1698=ORIENTED_EDGE('',*,*,#3604,.F.);
#1699=ORIENTED_EDGE('',*,*,#3605,.T.);
#1700=ORIENTED_EDGE('',*,*,#3606,.T.);
#1701=ORIENTED_EDGE('',*,*,#3571,.F.);
#1702=ORIENTED_EDGE('',*,*,#3607,.F.);
#1703=ORIENTED_EDGE('',*,*,#3608,.T.);
#1704=ORIENTED_EDGE('',*,*,#3609,.T.);
#1705=ORIENTED_EDGE('',*,*,#3568,.F.);
#1706=ORIENTED_EDGE('',*,*,#3610,.T.);
#1707=ORIENTED_EDGE('',*,*,#3611,.T.);
#1708=ORIENTED_EDGE('',*,*,#3612,.F.);
#1709=ORIENTED_EDGE('',*,*,#3613,.F.);
#1710=ORIENTED_EDGE('',*,*,#3614,.F.);
#1711=ORIENTED_EDGE('',*,*,#3615,.F.);
#1712=ORIENTED_EDGE('',*,*,#3616,.T.);
#1713=ORIENTED_EDGE('',*,*,#3563,.F.);
#1714=ORIENTED_EDGE('',*,*,#3617,.F.);
#1715=ORIENTED_EDGE('',*,*,#3618,.F.);
#1716=ORIENTED_EDGE('',*,*,#3619,.T.);
#1717=ORIENTED_EDGE('',*,*,#3560,.F.);
#1718=ORIENTED_EDGE('',*,*,#3620,.F.);
#1719=ORIENTED_EDGE('',*,*,#3621,.T.);
#1720=ORIENTED_EDGE('',*,*,#3622,.T.);
#1721=ORIENTED_EDGE('',*,*,#3623,.F.);
#1722=ORIENTED_EDGE('',*,*,#3624,.T.);
#1723=ORIENTED_EDGE('',*,*,#3625,.F.);
#1724=ORIENTED_EDGE('',*,*,#3626,.F.);
#1725=ORIENTED_EDGE('',*,*,#3627,.F.);
#1726=ORIENTED_EDGE('',*,*,#3628,.T.);
#1727=ORIENTED_EDGE('',*,*,#3629,.F.);
#1728=ORIENTED_EDGE('',*,*,#3630,.F.);
#1729=ORIENTED_EDGE('',*,*,#3631,.F.);
#1730=ORIENTED_EDGE('',*,*,#3632,.T.);
#1731=ORIENTED_EDGE('',*,*,#3633,.F.);
#1732=ORIENTED_EDGE('',*,*,#3634,.F.);
#1733=ORIENTED_EDGE('',*,*,#3635,.F.);
#1734=ORIENTED_EDGE('',*,*,#3636,.T.);
#1735=ORIENTED_EDGE('',*,*,#3637,.F.);
#1736=ORIENTED_EDGE('',*,*,#3638,.F.);
#1737=ORIENTED_EDGE('',*,*,#3639,.F.);
#1738=ORIENTED_EDGE('',*,*,#3640,.T.);
#1739=ORIENTED_EDGE('',*,*,#3641,.F.);
#1740=ORIENTED_EDGE('',*,*,#3642,.F.);
#1741=ORIENTED_EDGE('',*,*,#3643,.F.);
#1742=ORIENTED_EDGE('',*,*,#3644,.T.);
#1743=ORIENTED_EDGE('',*,*,#3645,.F.);
#1744=ORIENTED_EDGE('',*,*,#3646,.F.);
#1745=ORIENTED_EDGE('',*,*,#3647,.F.);
#1746=ORIENTED_EDGE('',*,*,#3648,.F.);
#1747=ORIENTED_EDGE('',*,*,#3649,.F.);
#1748=ORIENTED_EDGE('',*,*,#3650,.T.);
#1749=ORIENTED_EDGE('',*,*,#3558,.T.);
#1750=ORIENTED_EDGE('',*,*,#3651,.F.);
#1751=ORIENTED_EDGE('',*,*,#3652,.T.);
#1752=ORIENTED_EDGE('',*,*,#3653,.T.);
#1753=ORIENTED_EDGE('',*,*,#3561,.T.);
#1754=ORIENTED_EDGE('',*,*,#3654,.F.);
#1755=ORIENTED_EDGE('',*,*,#3655,.T.);
#1756=ORIENTED_EDGE('',*,*,#3656,.T.);
#1757=ORIENTED_EDGE('',*,*,#3657,.T.);
#1758=ORIENTED_EDGE('',*,*,#3658,.T.);
#1759=ORIENTED_EDGE('',*,*,#3659,.F.);
#1760=ORIENTED_EDGE('',*,*,#3660,.F.);
#1761=ORIENTED_EDGE('',*,*,#3566,.T.);
#1762=ORIENTED_EDGE('',*,*,#3661,.F.);
#1763=ORIENTED_EDGE('',*,*,#3662,.F.);
#1764=ORIENTED_EDGE('',*,*,#3663,.T.);
#1765=ORIENTED_EDGE('',*,*,#3569,.T.);
#1766=ORIENTED_EDGE('',*,*,#3664,.F.);
#1767=ORIENTED_EDGE('',*,*,#3665,.F.);
#1768=ORIENTED_EDGE('',*,*,#3666,.T.);
#1769=ORIENTED_EDGE('',*,*,#3667,.F.);
#1770=ORIENTED_EDGE('',*,*,#3668,.F.);
#1771=ORIENTED_EDGE('',*,*,#3554,.T.);
#1772=ORIENTED_EDGE('',*,*,#3669,.F.);
#1773=ORIENTED_EDGE('',*,*,#3670,.F.);
#1774=ORIENTED_EDGE('',*,*,#3671,.T.);
#1775=ORIENTED_EDGE('',*,*,#3550,.T.);
#1776=ORIENTED_EDGE('',*,*,#3672,.F.);
#1777=ORIENTED_EDGE('',*,*,#3625,.T.);
#1778=ORIENTED_EDGE('',*,*,#3673,.T.);
#1779=ORIENTED_EDGE('',*,*,#3595,.F.);
#1780=ORIENTED_EDGE('',*,*,#3674,.F.);
#1781=ORIENTED_EDGE('',*,*,#3675,.F.);
#1782=ORIENTED_EDGE('',*,*,#3645,.T.);
#1783=ORIENTED_EDGE('',*,*,#3676,.T.);
#1784=ORIENTED_EDGE('',*,*,#3575,.F.);
#1785=ORIENTED_EDGE('',*,*,#3677,.F.);
#1786=ORIENTED_EDGE('',*,*,#3641,.T.);
#1787=ORIENTED_EDGE('',*,*,#3678,.T.);
#1788=ORIENTED_EDGE('',*,*,#3579,.F.);
#1789=ORIENTED_EDGE('',*,*,#3679,.F.);
#1790=ORIENTED_EDGE('',*,*,#3637,.T.);
#1791=ORIENTED_EDGE('',*,*,#3680,.T.);
#1792=ORIENTED_EDGE('',*,*,#3583,.F.);
#1793=ORIENTED_EDGE('',*,*,#3629,.T.);
#1794=ORIENTED_EDGE('',*,*,#3681,.T.);
#1795=ORIENTED_EDGE('',*,*,#3591,.F.);
#1796=ORIENTED_EDGE('',*,*,#3682,.F.);
#1797=ORIENTED_EDGE('',*,*,#3666,.F.);
#1798=ORIENTED_EDGE('',*,*,#3683,.T.);
#1799=ORIENTED_EDGE('',*,*,#3604,.T.);
#1800=ORIENTED_EDGE('',*,*,#3684,.T.);
#1801=ORIENTED_EDGE('',*,*,#3685,.T.);
#1802=ORIENTED_EDGE('',*,*,#3667,.T.);
#1803=ORIENTED_EDGE('',*,*,#3684,.F.);
#1804=ORIENTED_EDGE('',*,*,#3603,.F.);
#1805=ORIENTED_EDGE('',*,*,#3555,.F.);
#1806=ORIENTED_EDGE('',*,*,#3668,.T.);
#1807=ORIENTED_EDGE('',*,*,#3685,.F.);
#1808=ORIENTED_EDGE('',*,*,#3602,.F.);
#1809=ORIENTED_EDGE('',*,*,#3686,.F.);
#1810=ORIENTED_EDGE('',*,*,#3622,.F.);
#1811=ORIENTED_EDGE('',*,*,#3687,.F.);
#1812=ORIENTED_EDGE('',*,*,#3648,.T.);
#1813=ORIENTED_EDGE('',*,*,#3688,.F.);
#1814=ORIENTED_EDGE('',*,*,#3649,.T.);
#1815=ORIENTED_EDGE('',*,*,#3687,.T.);
#1816=ORIENTED_EDGE('',*,*,#3621,.F.);
#1817=ORIENTED_EDGE('',*,*,#3620,.T.);
#1818=ORIENTED_EDGE('',*,*,#3559,.T.);
#1819=ORIENTED_EDGE('',*,*,#3650,.F.);
#1820=ORIENTED_EDGE('',*,*,#3688,.T.);
#1821=ORIENTED_EDGE('',*,*,#3657,.F.);
#1822=ORIENTED_EDGE('',*,*,#3689,.T.);
#1823=ORIENTED_EDGE('',*,*,#3613,.T.);
#1824=ORIENTED_EDGE('',*,*,#3690,.F.);
#1825=ORIENTED_EDGE('',*,*,#3658,.F.);
#1826=ORIENTED_EDGE('',*,*,#3690,.T.);
#1827=ORIENTED_EDGE('',*,*,#3612,.T.);
#1828=ORIENTED_EDGE('',*,*,#3691,.T.);
#1829=ORIENTED_EDGE('',*,*,#3692,.T.);
#1830=ORIENTED_EDGE('',*,*,#3659,.T.);
#1831=ORIENTED_EDGE('',*,*,#3691,.F.);
#1832=ORIENTED_EDGE('',*,*,#3611,.F.);
#1833=ORIENTED_EDGE('',*,*,#3567,.F.);
#1834=ORIENTED_EDGE('',*,*,#3660,.T.);
#1835=ORIENTED_EDGE('',*,*,#3692,.F.);
#1836=ORIENTED_EDGE('',*,*,#3610,.F.);
#1837=ORIENTED_EDGE('',*,*,#3693,.F.);
#1838=ORIENTED_EDGE('',*,*,#3633,.T.);
#1839=ORIENTED_EDGE('',*,*,#3694,.T.);
#1840=ORIENTED_EDGE('',*,*,#3587,.F.);
#1841=ORIENTED_EDGE('',*,*,#3694,.F.);
#1842=ORIENTED_EDGE('',*,*,#3632,.F.);
#1843=ORIENTED_EDGE('',*,*,#3695,.T.);
#1844=ORIENTED_EDGE('',*,*,#3588,.T.);
#1845=ORIENTED_EDGE('',*,*,#3682,.T.);
#1846=ORIENTED_EDGE('',*,*,#3590,.F.);
#1847=ORIENTED_EDGE('',*,*,#3696,.F.);
#1848=ORIENTED_EDGE('',*,*,#3630,.T.);
#1849=ORIENTED_EDGE('',*,*,#3631,.T.);
#1850=ORIENTED_EDGE('',*,*,#3696,.T.);
#1851=ORIENTED_EDGE('',*,*,#3589,.F.);
#1852=ORIENTED_EDGE('',*,*,#3695,.F.);
#1853=ORIENTED_EDGE('',*,*,#3681,.F.);
#1854=ORIENTED_EDGE('',*,*,#3628,.F.);
#1855=ORIENTED_EDGE('',*,*,#3697,.T.);
#1856=ORIENTED_EDGE('',*,*,#3592,.T.);
#1857=ORIENTED_EDGE('',*,*,#3674,.T.);
#1858=ORIENTED_EDGE('',*,*,#3594,.F.);
#1859=ORIENTED_EDGE('',*,*,#3698,.F.);
#1860=ORIENTED_EDGE('',*,*,#3626,.T.);
#1861=ORIENTED_EDGE('',*,*,#3627,.T.);
#1862=ORIENTED_EDGE('',*,*,#3698,.T.);
#1863=ORIENTED_EDGE('',*,*,#3593,.F.);
#1864=ORIENTED_EDGE('',*,*,#3697,.F.);
#1865=ORIENTED_EDGE('',*,*,#3693,.T.);
#1866=ORIENTED_EDGE('',*,*,#3586,.F.);
#1867=ORIENTED_EDGE('',*,*,#3699,.F.);
#1868=ORIENTED_EDGE('',*,*,#3634,.T.);
#1869=ORIENTED_EDGE('',*,*,#3680,.F.);
#1870=ORIENTED_EDGE('',*,*,#3636,.F.);
#1871=ORIENTED_EDGE('',*,*,#3700,.T.);
#1872=ORIENTED_EDGE('',*,*,#3584,.T.);
#1873=ORIENTED_EDGE('',*,*,#3699,.T.);
#1874=ORIENTED_EDGE('',*,*,#3585,.F.);
#1875=ORIENTED_EDGE('',*,*,#3700,.F.);
#1876=ORIENTED_EDGE('',*,*,#3635,.T.);
#1877=ORIENTED_EDGE('',*,*,#3679,.T.);
#1878=ORIENTED_EDGE('',*,*,#3582,.F.);
#1879=ORIENTED_EDGE('',*,*,#3701,.F.);
#1880=ORIENTED_EDGE('',*,*,#3638,.T.);
#1881=ORIENTED_EDGE('',*,*,#3678,.F.);
#1882=ORIENTED_EDGE('',*,*,#3640,.F.);
#1883=ORIENTED_EDGE('',*,*,#3702,.T.);
#1884=ORIENTED_EDGE('',*,*,#3580,.T.);
#1885=ORIENTED_EDGE('',*,*,#3701,.T.);
#1886=ORIENTED_EDGE('',*,*,#3581,.F.);
#1887=ORIENTED_EDGE('',*,*,#3702,.F.);
#1888=ORIENTED_EDGE('',*,*,#3639,.T.);
#1889=ORIENTED_EDGE('',*,*,#3677,.T.);
#1890=ORIENTED_EDGE('',*,*,#3578,.F.);
#1891=ORIENTED_EDGE('',*,*,#3703,.F.);
#1892=ORIENTED_EDGE('',*,*,#3642,.T.);
#1893=ORIENTED_EDGE('',*,*,#3676,.F.);
#1894=ORIENTED_EDGE('',*,*,#3644,.F.);
#1895=ORIENTED_EDGE('',*,*,#3704,.T.);
#1896=ORIENTED_EDGE('',*,*,#3576,.T.);
#1897=ORIENTED_EDGE('',*,*,#3703,.T.);
#1898=ORIENTED_EDGE('',*,*,#3577,.F.);
#1899=ORIENTED_EDGE('',*,*,#3704,.F.);
#1900=ORIENTED_EDGE('',*,*,#3643,.T.);
#1901=ORIENTED_EDGE('',*,*,#3675,.T.);
#1902=ORIENTED_EDGE('',*,*,#3574,.F.);
#1903=ORIENTED_EDGE('',*,*,#3705,.F.);
#1904=ORIENTED_EDGE('',*,*,#3646,.T.);
#1905=ORIENTED_EDGE('',*,*,#3673,.F.);
#1906=ORIENTED_EDGE('',*,*,#3624,.F.);
#1907=ORIENTED_EDGE('',*,*,#3706,.T.);
#1908=ORIENTED_EDGE('',*,*,#3596,.T.);
#1909=ORIENTED_EDGE('',*,*,#3705,.T.);
#1910=ORIENTED_EDGE('',*,*,#3573,.F.);
#1911=ORIENTED_EDGE('',*,*,#3706,.F.);
#1912=ORIENTED_EDGE('',*,*,#3623,.T.);
#1913=ORIENTED_EDGE('',*,*,#3553,.T.);
#1914=ORIENTED_EDGE('',*,*,#3601,.F.);
#1915=ORIENTED_EDGE('',*,*,#3707,.F.);
#1916=ORIENTED_EDGE('',*,*,#3669,.T.);
#1917=ORIENTED_EDGE('',*,*,#3551,.F.);
#1918=ORIENTED_EDGE('',*,*,#3671,.F.);
#1919=ORIENTED_EDGE('',*,*,#3708,.T.);
#1920=ORIENTED_EDGE('',*,*,#3599,.T.);
#1921=ORIENTED_EDGE('',*,*,#3707,.T.);
#1922=ORIENTED_EDGE('',*,*,#3600,.T.);
#1923=ORIENTED_EDGE('',*,*,#3708,.F.);
#1924=ORIENTED_EDGE('',*,*,#3670,.T.);
#1925=ORIENTED_EDGE('',*,*,#3565,.T.);
#1926=ORIENTED_EDGE('',*,*,#3609,.F.);
#1927=ORIENTED_EDGE('',*,*,#3709,.F.);
#1928=ORIENTED_EDGE('',*,*,#3661,.T.);
#1929=ORIENTED_EDGE('',*,*,#3570,.F.);
#1930=ORIENTED_EDGE('',*,*,#3663,.F.);
#1931=ORIENTED_EDGE('',*,*,#3710,.T.);
#1932=ORIENTED_EDGE('',*,*,#3607,.T.);
#1933=ORIENTED_EDGE('',*,*,#3709,.T.);
#1934=ORIENTED_EDGE('',*,*,#3608,.F.);
#1935=ORIENTED_EDGE('',*,*,#3710,.F.);
#1936=ORIENTED_EDGE('',*,*,#3662,.T.);
#1937=ORIENTED_EDGE('',*,*,#3689,.F.);
#1938=ORIENTED_EDGE('',*,*,#3656,.F.);
#1939=ORIENTED_EDGE('',*,*,#3711,.T.);
#1940=ORIENTED_EDGE('',*,*,#3614,.T.);
#1941=ORIENTED_EDGE('',*,*,#3564,.T.);
#1942=ORIENTED_EDGE('',*,*,#3616,.F.);
#1943=ORIENTED_EDGE('',*,*,#3712,.F.);
#1944=ORIENTED_EDGE('',*,*,#3654,.T.);
#1945=ORIENTED_EDGE('',*,*,#3655,.F.);
#1946=ORIENTED_EDGE('',*,*,#3712,.T.);
#1947=ORIENTED_EDGE('',*,*,#3615,.T.);
#1948=ORIENTED_EDGE('',*,*,#3711,.F.);
#1949=ORIENTED_EDGE('',*,*,#3557,.T.);
#1950=ORIENTED_EDGE('',*,*,#3619,.F.);
#1951=ORIENTED_EDGE('',*,*,#3713,.F.);
#1952=ORIENTED_EDGE('',*,*,#3651,.T.);
#1953=ORIENTED_EDGE('',*,*,#3562,.F.);
#1954=ORIENTED_EDGE('',*,*,#3653,.F.);
#1955=ORIENTED_EDGE('',*,*,#3714,.T.);
#1956=ORIENTED_EDGE('',*,*,#3617,.T.);
#1957=ORIENTED_EDGE('',*,*,#3713,.T.);
#1958=ORIENTED_EDGE('',*,*,#3618,.T.);
#1959=ORIENTED_EDGE('',*,*,#3714,.F.);
#1960=ORIENTED_EDGE('',*,*,#3652,.F.);
#1961=ORIENTED_EDGE('',*,*,#3572,.T.);
#1962=ORIENTED_EDGE('',*,*,#3606,.F.);
#1963=ORIENTED_EDGE('',*,*,#3715,.F.);
#1964=ORIENTED_EDGE('',*,*,#3664,.T.);
#1965=ORIENTED_EDGE('',*,*,#3665,.T.);
#1966=ORIENTED_EDGE('',*,*,#3715,.T.);
#1967=ORIENTED_EDGE('',*,*,#3605,.F.);
#1968=ORIENTED_EDGE('',*,*,#3683,.F.);
#1969=ORIENTED_EDGE('',*,*,#3549,.T.);
#1970=ORIENTED_EDGE('',*,*,#3598,.F.);
#1971=ORIENTED_EDGE('',*,*,#3716,.F.);
#1972=ORIENTED_EDGE('',*,*,#3672,.T.);
#1973=ORIENTED_EDGE('',*,*,#3716,.T.);
#1974=ORIENTED_EDGE('',*,*,#3597,.F.);
#1975=ORIENTED_EDGE('',*,*,#3686,.T.);
#1976=ORIENTED_EDGE('',*,*,#3647,.T.);
#1977=ORIENTED_EDGE('',*,*,#3717,.F.);
#1978=ORIENTED_EDGE('',*,*,#3718,.T.);
#1979=ORIENTED_EDGE('',*,*,#3719,.T.);
#1980=ORIENTED_EDGE('',*,*,#3720,.F.);
#1981=ORIENTED_EDGE('',*,*,#3721,.F.);
#1982=ORIENTED_EDGE('',*,*,#3722,.T.);
#1983=ORIENTED_EDGE('',*,*,#3723,.F.);
#1984=ORIENTED_EDGE('',*,*,#3724,.F.);
#1985=ORIENTED_EDGE('',*,*,#3725,.F.);
#1986=ORIENTED_EDGE('',*,*,#3726,.T.);
#1987=ORIENTED_EDGE('',*,*,#3727,.T.);
#1988=ORIENTED_EDGE('',*,*,#3728,.F.);
#1989=ORIENTED_EDGE('',*,*,#3729,.F.);
#1990=ORIENTED_EDGE('',*,*,#3730,.T.);
#1991=ORIENTED_EDGE('',*,*,#3731,.T.);
#1992=ORIENTED_EDGE('',*,*,#3732,.F.);
#1993=ORIENTED_EDGE('',*,*,#3733,.F.);
#1994=ORIENTED_EDGE('',*,*,#3734,.T.);
#1995=ORIENTED_EDGE('',*,*,#3735,.T.);
#1996=ORIENTED_EDGE('',*,*,#3736,.F.);
#1997=ORIENTED_EDGE('',*,*,#3737,.F.);
#1998=ORIENTED_EDGE('',*,*,#3738,.F.);
#1999=ORIENTED_EDGE('',*,*,#3739,.T.);
#2000=ORIENTED_EDGE('',*,*,#3740,.F.);
#2001=ORIENTED_EDGE('',*,*,#3741,.F.);
#2002=ORIENTED_EDGE('',*,*,#3742,.T.);
#2003=ORIENTED_EDGE('',*,*,#3743,.T.);
#2004=ORIENTED_EDGE('',*,*,#3744,.T.);
#2005=ORIENTED_EDGE('',*,*,#3745,.F.);
#2006=ORIENTED_EDGE('',*,*,#3746,.F.);
#2007=ORIENTED_EDGE('',*,*,#3747,.T.);
#2008=ORIENTED_EDGE('',*,*,#3748,.T.);
#2009=ORIENTED_EDGE('',*,*,#3744,.F.);
#2010=ORIENTED_EDGE('',*,*,#3749,.T.);
#2011=ORIENTED_EDGE('',*,*,#3750,.F.);
#2012=ORIENTED_EDGE('',*,*,#3751,.F.);
#2013=ORIENTED_EDGE('',*,*,#3723,.T.);
#2014=ORIENTED_EDGE('',*,*,#3752,.F.);
#2015=ORIENTED_EDGE('',*,*,#3753,.F.);
#2016=ORIENTED_EDGE('',*,*,#3754,.T.);
#2017=ORIENTED_EDGE('',*,*,#3748,.F.);
#2018=ORIENTED_EDGE('',*,*,#3755,.F.);
#2019=ORIENTED_EDGE('',*,*,#3756,.F.);
#2020=ORIENTED_EDGE('',*,*,#3757,.T.);
#2021=ORIENTED_EDGE('',*,*,#3719,.F.);
#2022=ORIENTED_EDGE('',*,*,#3758,.F.);
#2023=ORIENTED_EDGE('',*,*,#3759,.F.);
#2024=ORIENTED_EDGE('',*,*,#3760,.T.);
#2025=ORIENTED_EDGE('',*,*,#3727,.F.);
#2026=ORIENTED_EDGE('',*,*,#3761,.T.);
#2027=ORIENTED_EDGE('',*,*,#3762,.F.);
#2028=ORIENTED_EDGE('',*,*,#3763,.F.);
#2029=ORIENTED_EDGE('',*,*,#3740,.T.);
#2030=ORIENTED_EDGE('',*,*,#3764,.F.);
#2031=ORIENTED_EDGE('',*,*,#3765,.F.);
#2032=ORIENTED_EDGE('',*,*,#3766,.T.);
#2033=ORIENTED_EDGE('',*,*,#3735,.F.);
#2034=ORIENTED_EDGE('',*,*,#3767,.F.);
#2035=ORIENTED_EDGE('',*,*,#3768,.F.);
#2036=ORIENTED_EDGE('',*,*,#3769,.T.);
#2037=ORIENTED_EDGE('',*,*,#3731,.F.);
#2038=ORIENTED_EDGE('',*,*,#3770,.F.);
#2039=ORIENTED_EDGE('',*,*,#3771,.F.);
#2040=ORIENTED_EDGE('',*,*,#3772,.T.);
#2041=ORIENTED_EDGE('',*,*,#3729,.T.);
#2042=ORIENTED_EDGE('',*,*,#3773,.F.);
#2043=ORIENTED_EDGE('',*,*,#3774,.T.);
#2044=ORIENTED_EDGE('',*,*,#3775,.T.);
#2045=ORIENTED_EDGE('',*,*,#3733,.T.);
#2046=ORIENTED_EDGE('',*,*,#3776,.F.);
#2047=ORIENTED_EDGE('',*,*,#3777,.T.);
#2048=ORIENTED_EDGE('',*,*,#3778,.T.);
#2049=ORIENTED_EDGE('',*,*,#3738,.T.);
#2050=ORIENTED_EDGE('',*,*,#3779,.F.);
#2051=ORIENTED_EDGE('',*,*,#3780,.T.);
#2052=ORIENTED_EDGE('',*,*,#3781,.T.);
#2053=ORIENTED_EDGE('',*,*,#3717,.T.);
#2054=ORIENTED_EDGE('',*,*,#3782,.F.);
#2055=ORIENTED_EDGE('',*,*,#3783,.T.);
#2056=ORIENTED_EDGE('',*,*,#3784,.T.);
#2057=ORIENTED_EDGE('',*,*,#3746,.T.);
#2058=ORIENTED_EDGE('',*,*,#3785,.F.);
#2059=ORIENTED_EDGE('',*,*,#3786,.T.);
#2060=ORIENTED_EDGE('',*,*,#3787,.T.);
#2061=ORIENTED_EDGE('',*,*,#3721,.T.);
#2062=ORIENTED_EDGE('',*,*,#3788,.F.);
#2063=ORIENTED_EDGE('',*,*,#3789,.T.);
#2064=ORIENTED_EDGE('',*,*,#3790,.T.);
#2065=ORIENTED_EDGE('',*,*,#3791,.T.);
#2066=ORIENTED_EDGE('',*,*,#3791,.F.);
#2067=ORIENTED_EDGE('',*,*,#3792,.T.);
#2068=ORIENTED_EDGE('',*,*,#3793,.T.);
#2069=ORIENTED_EDGE('',*,*,#3794,.F.);
#2070=ORIENTED_EDGE('',*,*,#3750,.T.);
#2071=ORIENTED_EDGE('',*,*,#3795,.F.);
#2072=ORIENTED_EDGE('',*,*,#3796,.F.);
#2073=ORIENTED_EDGE('',*,*,#3797,.T.);
#2074=ORIENTED_EDGE('',*,*,#3762,.T.);
#2075=ORIENTED_EDGE('',*,*,#3798,.F.);
#2076=ORIENTED_EDGE('',*,*,#3799,.T.);
#2077=ORIENTED_EDGE('',*,*,#3800,.T.);
#2078=ORIENTED_EDGE('',*,*,#3801,.F.);
#2079=ORIENTED_EDGE('',*,*,#3802,.F.);
#2080=ORIENTED_EDGE('',*,*,#3803,.T.);
#2081=ORIENTED_EDGE('',*,*,#3804,.T.);
#2082=ORIENTED_EDGE('',*,*,#3805,.F.);
#2083=ORIENTED_EDGE('',*,*,#3806,.T.);
#2084=ORIENTED_EDGE('',*,*,#3807,.T.);
#2085=ORIENTED_EDGE('',*,*,#3808,.F.);
#2086=ORIENTED_EDGE('',*,*,#3809,.T.);
#2087=ORIENTED_EDGE('',*,*,#3810,.F.);
#2088=ORIENTED_EDGE('',*,*,#3811,.T.);
#2089=ORIENTED_EDGE('',*,*,#3812,.T.);
#2090=ORIENTED_EDGE('',*,*,#3813,.F.);
#2091=ORIENTED_EDGE('',*,*,#3814,.F.);
#2092=ORIENTED_EDGE('',*,*,#3815,.T.);
#2093=ORIENTED_EDGE('',*,*,#3816,.T.);
#2094=ORIENTED_EDGE('',*,*,#3817,.F.);
#2095=ORIENTED_EDGE('',*,*,#3808,.T.);
#2096=ORIENTED_EDGE('',*,*,#3818,.T.);
#2097=ORIENTED_EDGE('',*,*,#3819,.T.);
#2098=ORIENTED_EDGE('',*,*,#3820,.F.);
#2099=ORIENTED_EDGE('',*,*,#3813,.T.);
#2100=ORIENTED_EDGE('',*,*,#3821,.T.);
#2101=ORIENTED_EDGE('',*,*,#3822,.T.);
#2102=ORIENTED_EDGE('',*,*,#3823,.F.);
#2103=ORIENTED_EDGE('',*,*,#3817,.T.);
#2104=ORIENTED_EDGE('',*,*,#3824,.T.);
#2105=ORIENTED_EDGE('',*,*,#3825,.T.);
#2106=ORIENTED_EDGE('',*,*,#3826,.F.);
#2107=ORIENTED_EDGE('',*,*,#3795,.T.);
#2108=ORIENTED_EDGE('',*,*,#3749,.F.);
#2109=ORIENTED_EDGE('',*,*,#3743,.F.);
#2110=ORIENTED_EDGE('',*,*,#3827,.T.);
#2111=ORIENTED_EDGE('',*,*,#3828,.F.);
#2112=ORIENTED_EDGE('',*,*,#3806,.F.);
#2113=ORIENTED_EDGE('',*,*,#3829,.F.);
#2114=ORIENTED_EDGE('',*,*,#3741,.T.);
#2115=ORIENTED_EDGE('',*,*,#3763,.T.);
#2116=ORIENTED_EDGE('',*,*,#3797,.F.);
#2117=ORIENTED_EDGE('',*,*,#3830,.T.);
#2118=ORIENTED_EDGE('',*,*,#3831,.F.);
#2119=ORIENTED_EDGE('',*,*,#3832,.F.);
#2120=ORIENTED_EDGE('',*,*,#3815,.F.);
#2121=ORIENTED_EDGE('',*,*,#3833,.T.);
#2122=ORIENTED_EDGE('',*,*,#3834,.F.);
#2123=ORIENTED_EDGE('',*,*,#3835,.F.);
#2124=ORIENTED_EDGE('',*,*,#3811,.F.);
#2125=ORIENTED_EDGE('',*,*,#3836,.T.);
#2126=ORIENTED_EDGE('',*,*,#3837,.F.);
#2127=ORIENTED_EDGE('',*,*,#3838,.F.);
#2128=ORIENTED_EDGE('',*,*,#3839,.T.);
#2129=ORIENTED_EDGE('',*,*,#3840,.F.);
#2130=ORIENTED_EDGE('',*,*,#3841,.F.);
#2131=ORIENTED_EDGE('',*,*,#3794,.T.);
#2132=ORIENTED_EDGE('',*,*,#3842,.T.);
#2133=ORIENTED_EDGE('',*,*,#3843,.F.);
#2134=ORIENTED_EDGE('',*,*,#3844,.F.);
#2135=ORIENTED_EDGE('',*,*,#3801,.T.);
#2136=ORIENTED_EDGE('',*,*,#3845,.T.);
#2137=ORIENTED_EDGE('',*,*,#3846,.F.);
#2138=ORIENTED_EDGE('',*,*,#3847,.F.);
#2139=ORIENTED_EDGE('',*,*,#3805,.T.);
#2140=ORIENTED_EDGE('',*,*,#3848,.T.);
#2141=ORIENTED_EDGE('',*,*,#3849,.F.);
#2142=ORIENTED_EDGE('',*,*,#3850,.F.);
#2143=ORIENTED_EDGE('',*,*,#3841,.T.);
#2144=ORIENTED_EDGE('',*,*,#3851,.F.);
#2145=ORIENTED_EDGE('',*,*,#3724,.T.);
#2146=ORIENTED_EDGE('',*,*,#3751,.T.);
#2147=ORIENTED_EDGE('',*,*,#3852,.F.);
#2148=ORIENTED_EDGE('',*,*,#3792,.F.);
#2149=ORIENTED_EDGE('',*,*,#3761,.F.);
#2150=ORIENTED_EDGE('',*,*,#3726,.F.);
#2151=ORIENTED_EDGE('',*,*,#3853,.T.);
#2152=ORIENTED_EDGE('',*,*,#3839,.F.);
#2153=ORIENTED_EDGE('',*,*,#3854,.T.);
#2154=ORIENTED_EDGE('',*,*,#3855,.T.);
#2155=ORIENTED_EDGE('',*,*,#3856,.F.);
#2156=ORIENTED_EDGE('',*,*,#3803,.F.);
#2157=ORIENTED_EDGE('',*,*,#3857,.T.);
#2158=ORIENTED_EDGE('',*,*,#3858,.T.);
#2159=ORIENTED_EDGE('',*,*,#3859,.F.);
#2160=ORIENTED_EDGE('',*,*,#3799,.F.);
#2161=ORIENTED_EDGE('',*,*,#3860,.T.);
#2162=ORIENTED_EDGE('',*,*,#3861,.T.);
#2163=ORIENTED_EDGE('',*,*,#3840,.T.);
#2164=ORIENTED_EDGE('',*,*,#3853,.F.);
#2165=ORIENTED_EDGE('',*,*,#3725,.T.);
#2166=ORIENTED_EDGE('',*,*,#3851,.T.);
#2167=ORIENTED_EDGE('',*,*,#3809,.F.);
#2168=ORIENTED_EDGE('',*,*,#3827,.F.);
#2169=ORIENTED_EDGE('',*,*,#3742,.F.);
#2170=ORIENTED_EDGE('',*,*,#3829,.T.);
#2171=ORIENTED_EDGE('',*,*,#3832,.T.);
#2172=ORIENTED_EDGE('',*,*,#3862,.T.);
#2173=ORIENTED_EDGE('',*,*,#3824,.F.);
#2174=ORIENTED_EDGE('',*,*,#3816,.F.);
#2175=ORIENTED_EDGE('',*,*,#3796,.T.);
#2176=ORIENTED_EDGE('',*,*,#3826,.T.);
#2177=ORIENTED_EDGE('',*,*,#3863,.F.);
#2178=ORIENTED_EDGE('',*,*,#3830,.F.);
#2179=ORIENTED_EDGE('',*,*,#3831,.T.);
#2180=ORIENTED_EDGE('',*,*,#3863,.T.);
#2181=ORIENTED_EDGE('',*,*,#3825,.F.);
#2182=ORIENTED_EDGE('',*,*,#3862,.F.);
#2183=ORIENTED_EDGE('',*,*,#3835,.T.);
#2184=ORIENTED_EDGE('',*,*,#3864,.T.);
#2185=ORIENTED_EDGE('',*,*,#3821,.F.);
#2186=ORIENTED_EDGE('',*,*,#3812,.F.);
#2187=ORIENTED_EDGE('',*,*,#3814,.T.);
#2188=ORIENTED_EDGE('',*,*,#3823,.T.);
#2189=ORIENTED_EDGE('',*,*,#3865,.F.);
#2190=ORIENTED_EDGE('',*,*,#3833,.F.);
#2191=ORIENTED_EDGE('',*,*,#3834,.T.);
#2192=ORIENTED_EDGE('',*,*,#3865,.T.);
#2193=ORIENTED_EDGE('',*,*,#3822,.F.);
#2194=ORIENTED_EDGE('',*,*,#3864,.F.);
#2195=ORIENTED_EDGE('',*,*,#3828,.T.);
#2196=ORIENTED_EDGE('',*,*,#3866,.T.);
#2197=ORIENTED_EDGE('',*,*,#3818,.F.);
#2198=ORIENTED_EDGE('',*,*,#3807,.F.);
#2199=ORIENTED_EDGE('',*,*,#3810,.T.);
#2200=ORIENTED_EDGE('',*,*,#3820,.T.);
#2201=ORIENTED_EDGE('',*,*,#3867,.F.);
#2202=ORIENTED_EDGE('',*,*,#3836,.F.);
#2203=ORIENTED_EDGE('',*,*,#3837,.T.);
#2204=ORIENTED_EDGE('',*,*,#3867,.T.);
#2205=ORIENTED_EDGE('',*,*,#3819,.F.);
#2206=ORIENTED_EDGE('',*,*,#3866,.F.);
#2207=ORIENTED_EDGE('',*,*,#3856,.T.);
#2208=ORIENTED_EDGE('',*,*,#3868,.T.);
#2209=ORIENTED_EDGE('',*,*,#3848,.F.);
#2210=ORIENTED_EDGE('',*,*,#3804,.F.);
#2211=ORIENTED_EDGE('',*,*,#3838,.T.);
#2212=ORIENTED_EDGE('',*,*,#3850,.T.);
#2213=ORIENTED_EDGE('',*,*,#3869,.F.);
#2214=ORIENTED_EDGE('',*,*,#3854,.F.);
#2215=ORIENTED_EDGE('',*,*,#3869,.T.);
#2216=ORIENTED_EDGE('',*,*,#3849,.T.);
#2217=ORIENTED_EDGE('',*,*,#3868,.F.);
#2218=ORIENTED_EDGE('',*,*,#3855,.F.);
#2219=ORIENTED_EDGE('',*,*,#3859,.T.);
#2220=ORIENTED_EDGE('',*,*,#3870,.T.);
#2221=ORIENTED_EDGE('',*,*,#3845,.F.);
#2222=ORIENTED_EDGE('',*,*,#3800,.F.);
#2223=ORIENTED_EDGE('',*,*,#3802,.T.);
#2224=ORIENTED_EDGE('',*,*,#3847,.T.);
#2225=ORIENTED_EDGE('',*,*,#3871,.F.);
#2226=ORIENTED_EDGE('',*,*,#3857,.F.);
#2227=ORIENTED_EDGE('',*,*,#3871,.T.);
#2228=ORIENTED_EDGE('',*,*,#3846,.T.);
#2229=ORIENTED_EDGE('',*,*,#3870,.F.);
#2230=ORIENTED_EDGE('',*,*,#3858,.F.);
#2231=ORIENTED_EDGE('',*,*,#3852,.T.);
#2232=ORIENTED_EDGE('',*,*,#3872,.T.);
#2233=ORIENTED_EDGE('',*,*,#3842,.F.);
#2234=ORIENTED_EDGE('',*,*,#3793,.F.);
#2235=ORIENTED_EDGE('',*,*,#3798,.T.);
#2236=ORIENTED_EDGE('',*,*,#3844,.T.);
#2237=ORIENTED_EDGE('',*,*,#3873,.F.);
#2238=ORIENTED_EDGE('',*,*,#3860,.F.);
#2239=ORIENTED_EDGE('',*,*,#3873,.T.);
#2240=ORIENTED_EDGE('',*,*,#3843,.T.);
#2241=ORIENTED_EDGE('',*,*,#3872,.F.);
#2242=ORIENTED_EDGE('',*,*,#3861,.F.);
#2243=ORIENTED_EDGE('',*,*,#3720,.T.);
#2244=ORIENTED_EDGE('',*,*,#3757,.F.);
#2245=ORIENTED_EDGE('',*,*,#3874,.F.);
#2246=ORIENTED_EDGE('',*,*,#3782,.T.);
#2247=ORIENTED_EDGE('',*,*,#3747,.F.);
#2248=ORIENTED_EDGE('',*,*,#3784,.F.);
#2249=ORIENTED_EDGE('',*,*,#3875,.T.);
#2250=ORIENTED_EDGE('',*,*,#3755,.T.);
#2251=ORIENTED_EDGE('',*,*,#3783,.F.);
#2252=ORIENTED_EDGE('',*,*,#3874,.T.);
#2253=ORIENTED_EDGE('',*,*,#3756,.T.);
#2254=ORIENTED_EDGE('',*,*,#3875,.F.);
#2255=ORIENTED_EDGE('',*,*,#3739,.F.);
#2256=ORIENTED_EDGE('',*,*,#3778,.F.);
#2257=ORIENTED_EDGE('',*,*,#3876,.T.);
#2258=ORIENTED_EDGE('',*,*,#3764,.T.);
#2259=ORIENTED_EDGE('',*,*,#3736,.T.);
#2260=ORIENTED_EDGE('',*,*,#3766,.F.);
#2261=ORIENTED_EDGE('',*,*,#3877,.F.);
#2262=ORIENTED_EDGE('',*,*,#3776,.T.);
#2263=ORIENTED_EDGE('',*,*,#3876,.F.);
#2264=ORIENTED_EDGE('',*,*,#3777,.F.);
#2265=ORIENTED_EDGE('',*,*,#3877,.T.);
#2266=ORIENTED_EDGE('',*,*,#3765,.T.);
#2267=ORIENTED_EDGE('',*,*,#3734,.F.);
#2268=ORIENTED_EDGE('',*,*,#3775,.F.);
#2269=ORIENTED_EDGE('',*,*,#3878,.T.);
#2270=ORIENTED_EDGE('',*,*,#3767,.T.);
#2271=ORIENTED_EDGE('',*,*,#3732,.T.);
#2272=ORIENTED_EDGE('',*,*,#3769,.F.);
#2273=ORIENTED_EDGE('',*,*,#3879,.F.);
#2274=ORIENTED_EDGE('',*,*,#3773,.T.);
#2275=ORIENTED_EDGE('',*,*,#3878,.F.);
#2276=ORIENTED_EDGE('',*,*,#3774,.F.);
#2277=ORIENTED_EDGE('',*,*,#3879,.T.);
#2278=ORIENTED_EDGE('',*,*,#3768,.T.);
#2279=ORIENTED_EDGE('',*,*,#3730,.F.);
#2280=ORIENTED_EDGE('',*,*,#3790,.F.);
#2281=ORIENTED_EDGE('',*,*,#3880,.T.);
#2282=ORIENTED_EDGE('',*,*,#3770,.T.);
#2283=ORIENTED_EDGE('',*,*,#3728,.T.);
#2284=ORIENTED_EDGE('',*,*,#3772,.F.);
#2285=ORIENTED_EDGE('',*,*,#3881,.F.);
#2286=ORIENTED_EDGE('',*,*,#3788,.T.);
#2287=ORIENTED_EDGE('',*,*,#3880,.F.);
#2288=ORIENTED_EDGE('',*,*,#3789,.F.);
#2289=ORIENTED_EDGE('',*,*,#3881,.T.);
#2290=ORIENTED_EDGE('',*,*,#3771,.T.);
#2291=ORIENTED_EDGE('',*,*,#3745,.T.);
#2292=ORIENTED_EDGE('',*,*,#3754,.F.);
#2293=ORIENTED_EDGE('',*,*,#3882,.F.);
#2294=ORIENTED_EDGE('',*,*,#3785,.T.);
#2295=ORIENTED_EDGE('',*,*,#3722,.F.);
#2296=ORIENTED_EDGE('',*,*,#3787,.F.);
#2297=ORIENTED_EDGE('',*,*,#3883,.T.);
#2298=ORIENTED_EDGE('',*,*,#3752,.T.);
#2299=ORIENTED_EDGE('',*,*,#3786,.F.);
#2300=ORIENTED_EDGE('',*,*,#3882,.T.);
#2301=ORIENTED_EDGE('',*,*,#3753,.T.);
#2302=ORIENTED_EDGE('',*,*,#3883,.F.);
#2303=ORIENTED_EDGE('',*,*,#3718,.F.);
#2304=ORIENTED_EDGE('',*,*,#3781,.F.);
#2305=ORIENTED_EDGE('',*,*,#3884,.T.);
#2306=ORIENTED_EDGE('',*,*,#3758,.T.);
#2307=ORIENTED_EDGE('',*,*,#3737,.T.);
#2308=ORIENTED_EDGE('',*,*,#3760,.F.);
#2309=ORIENTED_EDGE('',*,*,#3885,.F.);
#2310=ORIENTED_EDGE('',*,*,#3779,.T.);
#2311=ORIENTED_EDGE('',*,*,#3884,.F.);
#2312=ORIENTED_EDGE('',*,*,#3780,.F.);
#2313=ORIENTED_EDGE('',*,*,#3885,.T.);
#2314=ORIENTED_EDGE('',*,*,#3759,.T.);
#2315=ORIENTED_EDGE('',*,*,#3886,.F.);
#2316=ORIENTED_EDGE('',*,*,#3887,.T.);
#2317=ORIENTED_EDGE('',*,*,#3888,.F.);
#2318=ORIENTED_EDGE('',*,*,#3889,.T.);
#2319=ORIENTED_EDGE('',*,*,#3890,.F.);
#2320=ORIENTED_EDGE('',*,*,#3891,.F.);
#2321=ORIENTED_EDGE('',*,*,#3892,.T.);
#2322=ORIENTED_EDGE('',*,*,#3893,.T.);
#2323=ORIENTED_EDGE('',*,*,#3894,.F.);
#2324=ORIENTED_EDGE('',*,*,#3895,.T.);
#2325=ORIENTED_EDGE('',*,*,#3896,.F.);
#2326=ORIENTED_EDGE('',*,*,#3897,.T.);
#2327=ORIENTED_EDGE('',*,*,#3898,.T.);
#2328=ORIENTED_EDGE('',*,*,#3899,.T.);
#2329=ORIENTED_EDGE('',*,*,#3900,.F.);
#2330=ORIENTED_EDGE('',*,*,#3901,.T.);
#2331=ORIENTED_EDGE('',*,*,#3902,.T.);
#2332=ORIENTED_EDGE('',*,*,#3903,.T.);
#2333=ORIENTED_EDGE('',*,*,#3904,.F.);
#2334=ORIENTED_EDGE('',*,*,#3905,.T.);
#2335=ORIENTED_EDGE('',*,*,#3906,.T.);
#2336=ORIENTED_EDGE('',*,*,#3907,.T.);
#2337=ORIENTED_EDGE('',*,*,#3908,.F.);
#2338=ORIENTED_EDGE('',*,*,#3909,.F.);
#2339=ORIENTED_EDGE('',*,*,#3910,.T.);
#2340=ORIENTED_EDGE('',*,*,#3911,.T.);
#2341=ORIENTED_EDGE('',*,*,#3912,.F.);
#2342=ORIENTED_EDGE('',*,*,#3913,.F.);
#2343=ORIENTED_EDGE('',*,*,#3914,.F.);
#2344=ORIENTED_EDGE('',*,*,#3915,.T.);
#2345=ORIENTED_EDGE('',*,*,#3916,.T.);
#2346=ORIENTED_EDGE('',*,*,#3917,.T.);
#2347=ORIENTED_EDGE('',*,*,#3918,.F.);
#2348=ORIENTED_EDGE('',*,*,#3919,.T.);
#2349=ORIENTED_EDGE('',*,*,#3920,.T.);
#2350=ORIENTED_EDGE('',*,*,#3921,.T.);
#2351=ORIENTED_EDGE('',*,*,#3922,.T.);
#2352=ORIENTED_EDGE('',*,*,#3923,.T.);
#2353=ORIENTED_EDGE('',*,*,#3924,.F.);
#2354=ORIENTED_EDGE('',*,*,#3925,.T.);
#2355=ORIENTED_EDGE('',*,*,#3926,.F.);
#2356=ORIENTED_EDGE('',*,*,#3927,.F.);
#2357=ORIENTED_EDGE('',*,*,#3928,.T.);
#2358=ORIENTED_EDGE('',*,*,#3929,.F.);
#2359=ORIENTED_EDGE('',*,*,#3930,.F.);
#2360=ORIENTED_EDGE('',*,*,#3931,.T.);
#2361=ORIENTED_EDGE('',*,*,#3932,.F.);
#2362=ORIENTED_EDGE('',*,*,#3933,.F.);
#2363=ORIENTED_EDGE('',*,*,#3934,.F.);
#2364=ORIENTED_EDGE('',*,*,#3935,.T.);
#2365=ORIENTED_EDGE('',*,*,#3936,.F.);
#2366=ORIENTED_EDGE('',*,*,#3937,.F.);
#2367=ORIENTED_EDGE('',*,*,#3938,.F.);
#2368=ORIENTED_EDGE('',*,*,#3939,.T.);
#2369=ORIENTED_EDGE('',*,*,#3940,.F.);
#2370=ORIENTED_EDGE('',*,*,#3941,.F.);
#2371=ORIENTED_EDGE('',*,*,#3942,.F.);
#2372=ORIENTED_EDGE('',*,*,#3943,.T.);
#2373=ORIENTED_EDGE('',*,*,#3944,.F.);
#2374=ORIENTED_EDGE('',*,*,#3945,.T.);
#2375=ORIENTED_EDGE('',*,*,#3946,.F.);
#2376=ORIENTED_EDGE('',*,*,#3947,.F.);
#2377=ORIENTED_EDGE('',*,*,#3948,.T.);
#2378=ORIENTED_EDGE('',*,*,#3949,.T.);
#2379=ORIENTED_EDGE('',*,*,#3950,.T.);
#2380=ORIENTED_EDGE('',*,*,#3951,.F.);
#2381=ORIENTED_EDGE('',*,*,#3952,.F.);
#2382=ORIENTED_EDGE('',*,*,#3953,.F.);
#2383=ORIENTED_EDGE('',*,*,#3954,.F.);
#2384=ORIENTED_EDGE('',*,*,#3955,.F.);
#2385=ORIENTED_EDGE('',*,*,#3956,.T.);
#2386=ORIENTED_EDGE('',*,*,#3957,.T.);
#2387=ORIENTED_EDGE('',*,*,#3958,.T.);
#2388=ORIENTED_EDGE('',*,*,#3959,.F.);
#2389=ORIENTED_EDGE('',*,*,#3960,.F.);
#2390=ORIENTED_EDGE('',*,*,#3961,.T.);
#2391=ORIENTED_EDGE('',*,*,#3962,.T.);
#2392=ORIENTED_EDGE('',*,*,#3963,.F.);
#2393=ORIENTED_EDGE('',*,*,#3964,.F.);
#2394=ORIENTED_EDGE('',*,*,#3965,.F.);
#2395=ORIENTED_EDGE('',*,*,#3966,.F.);
#2396=ORIENTED_EDGE('',*,*,#3967,.T.);
#2397=ORIENTED_EDGE('',*,*,#3968,.T.);
#2398=ORIENTED_EDGE('',*,*,#3969,.F.);
#2399=ORIENTED_EDGE('',*,*,#3970,.F.);
#2400=ORIENTED_EDGE('',*,*,#3971,.T.);
#2401=ORIENTED_EDGE('',*,*,#3972,.F.);
#2402=ORIENTED_EDGE('',*,*,#3973,.T.);
#2403=ORIENTED_EDGE('',*,*,#3974,.T.);
#2404=ORIENTED_EDGE('',*,*,#3975,.T.);
#2405=ORIENTED_EDGE('',*,*,#3976,.F.);
#2406=ORIENTED_EDGE('',*,*,#3977,.T.);
#2407=ORIENTED_EDGE('',*,*,#3968,.F.);
#2408=ORIENTED_EDGE('',*,*,#3978,.F.);
#2409=ORIENTED_EDGE('',*,*,#3979,.F.);
#2410=ORIENTED_EDGE('',*,*,#3980,.T.);
#2411=ORIENTED_EDGE('',*,*,#3981,.T.);
#2412=ORIENTED_EDGE('',*,*,#3970,.T.);
#2413=ORIENTED_EDGE('',*,*,#3982,.F.);
#2414=ORIENTED_EDGE('',*,*,#3983,.T.);
#2415=ORIENTED_EDGE('',*,*,#3984,.T.);
#2416=ORIENTED_EDGE('',*,*,#3930,.T.);
#2417=ORIENTED_EDGE('',*,*,#3985,.F.);
#2418=ORIENTED_EDGE('',*,*,#3986,.T.);
#2419=ORIENTED_EDGE('',*,*,#3928,.F.);
#2420=ORIENTED_EDGE('',*,*,#3987,.F.);
#2421=ORIENTED_EDGE('',*,*,#3988,.F.);
#2422=ORIENTED_EDGE('',*,*,#3989,.T.);
#2423=ORIENTED_EDGE('',*,*,#3990,.T.);
#2424=ORIENTED_EDGE('',*,*,#3966,.T.);
#2425=ORIENTED_EDGE('',*,*,#3991,.F.);
#2426=ORIENTED_EDGE('',*,*,#3959,.T.);
#2427=ORIENTED_EDGE('',*,*,#3992,.T.);
#2428=ORIENTED_EDGE('',*,*,#3911,.F.);
#2429=ORIENTED_EDGE('',*,*,#3953,.T.);
#2430=ORIENTED_EDGE('',*,*,#3993,.T.);
#2431=ORIENTED_EDGE('',*,*,#3917,.F.);
#2432=ORIENTED_EDGE('',*,*,#3994,.F.);
#2433=ORIENTED_EDGE('',*,*,#3944,.T.);
#2434=ORIENTED_EDGE('',*,*,#3995,.T.);
#2435=ORIENTED_EDGE('',*,*,#3895,.F.);
#2436=ORIENTED_EDGE('',*,*,#3996,.T.);
#2437=ORIENTED_EDGE('',*,*,#3997,.F.);
#2438=ORIENTED_EDGE('',*,*,#3940,.T.);
#2439=ORIENTED_EDGE('',*,*,#3998,.T.);
#2440=ORIENTED_EDGE('',*,*,#3899,.F.);
#2441=ORIENTED_EDGE('',*,*,#3932,.T.);
#2442=ORIENTED_EDGE('',*,*,#3999,.T.);
#2443=ORIENTED_EDGE('',*,*,#3907,.F.);
#2444=ORIENTED_EDGE('',*,*,#4000,.F.);
#2445=ORIENTED_EDGE('',*,*,#3923,.F.);
#2446=ORIENTED_EDGE('',*,*,#4001,.F.);
#2447=ORIENTED_EDGE('',*,*,#4002,.T.);
#2448=ORIENTED_EDGE('',*,*,#4003,.T.);
#2449=ORIENTED_EDGE('',*,*,#3963,.T.);
#2450=ORIENTED_EDGE('',*,*,#4004,.T.);
#2451=ORIENTED_EDGE('',*,*,#3955,.T.);
#2452=ORIENTED_EDGE('',*,*,#4005,.F.);
#2453=ORIENTED_EDGE('',*,*,#3915,.F.);
#2454=ORIENTED_EDGE('',*,*,#4006,.F.);
#2455=ORIENTED_EDGE('',*,*,#3946,.T.);
#2456=ORIENTED_EDGE('',*,*,#4007,.T.);
#2457=ORIENTED_EDGE('',*,*,#3893,.F.);
#2458=ORIENTED_EDGE('',*,*,#4008,.T.);
#2459=ORIENTED_EDGE('',*,*,#3934,.T.);
#2460=ORIENTED_EDGE('',*,*,#4009,.F.);
#2461=ORIENTED_EDGE('',*,*,#3905,.F.);
#2462=ORIENTED_EDGE('',*,*,#4010,.T.);
#2463=ORIENTED_EDGE('',*,*,#3921,.F.);
#2464=ORIENTED_EDGE('',*,*,#4011,.T.);
#2465=ORIENTED_EDGE('',*,*,#3951,.T.);
#2466=ORIENTED_EDGE('',*,*,#4012,.F.);
#2467=ORIENTED_EDGE('',*,*,#3887,.F.);
#2468=ORIENTED_EDGE('',*,*,#4013,.F.);
#2469=ORIENTED_EDGE('',*,*,#4014,.F.);
#2470=ORIENTED_EDGE('',*,*,#3914,.T.);
#2471=ORIENTED_EDGE('',*,*,#4015,.F.);
#2472=ORIENTED_EDGE('',*,*,#3956,.F.);
#2473=ORIENTED_EDGE('',*,*,#4004,.F.);
#2474=ORIENTED_EDGE('',*,*,#3954,.T.);
#2475=ORIENTED_EDGE('',*,*,#3994,.T.);
#2476=ORIENTED_EDGE('',*,*,#3916,.F.);
#2477=ORIENTED_EDGE('',*,*,#4005,.T.);
#2478=ORIENTED_EDGE('',*,*,#3920,.F.);
#2479=ORIENTED_EDGE('',*,*,#4016,.T.);
#2480=ORIENTED_EDGE('',*,*,#4017,.T.);
#2481=ORIENTED_EDGE('',*,*,#3952,.T.);
#2482=ORIENTED_EDGE('',*,*,#4011,.F.);
#2483=ORIENTED_EDGE('',*,*,#3888,.T.);
#2484=ORIENTED_EDGE('',*,*,#4012,.T.);
#2485=ORIENTED_EDGE('',*,*,#3950,.F.);
#2486=ORIENTED_EDGE('',*,*,#4018,.F.);
#2487=ORIENTED_EDGE('',*,*,#3892,.F.);
#2488=ORIENTED_EDGE('',*,*,#4019,.T.);
#2489=ORIENTED_EDGE('',*,*,#3947,.T.);
#2490=ORIENTED_EDGE('',*,*,#4006,.T.);
#2491=ORIENTED_EDGE('',*,*,#3996,.F.);
#2492=ORIENTED_EDGE('',*,*,#3894,.T.);
#2493=ORIENTED_EDGE('',*,*,#4007,.F.);
#2494=ORIENTED_EDGE('',*,*,#3945,.F.);
#2495=ORIENTED_EDGE('',*,*,#4020,.F.);
#2496=ORIENTED_EDGE('',*,*,#3935,.F.);
#2497=ORIENTED_EDGE('',*,*,#4008,.F.);
#2498=ORIENTED_EDGE('',*,*,#3904,.T.);
#2499=ORIENTED_EDGE('',*,*,#3933,.T.);
#2500=ORIENTED_EDGE('',*,*,#4000,.T.);
#2501=ORIENTED_EDGE('',*,*,#3906,.F.);
#2502=ORIENTED_EDGE('',*,*,#4009,.T.);
#2503=ORIENTED_EDGE('',*,*,#4018,.T.);
#2504=ORIENTED_EDGE('',*,*,#4021,.T.);
#2505=ORIENTED_EDGE('',*,*,#3889,.F.);
#2506=ORIENTED_EDGE('',*,*,#4022,.F.);
#2507=ORIENTED_EDGE('',*,*,#3936,.T.);
#2508=ORIENTED_EDGE('',*,*,#4020,.T.);
#2509=ORIENTED_EDGE('',*,*,#3903,.F.);
#2510=ORIENTED_EDGE('',*,*,#4022,.T.);
#2511=ORIENTED_EDGE('',*,*,#3902,.F.);
#2512=ORIENTED_EDGE('',*,*,#4023,.F.);
#2513=ORIENTED_EDGE('',*,*,#3937,.T.);
#2514=ORIENTED_EDGE('',*,*,#3998,.F.);
#2515=ORIENTED_EDGE('',*,*,#3939,.F.);
#2516=ORIENTED_EDGE('',*,*,#4024,.T.);
#2517=ORIENTED_EDGE('',*,*,#3900,.T.);
#2518=ORIENTED_EDGE('',*,*,#3938,.T.);
#2519=ORIENTED_EDGE('',*,*,#4023,.T.);
#2520=ORIENTED_EDGE('',*,*,#3901,.F.);
#2521=ORIENTED_EDGE('',*,*,#4024,.F.);
#2522=ORIENTED_EDGE('',*,*,#3995,.F.);
#2523=ORIENTED_EDGE('',*,*,#3943,.F.);
#2524=ORIENTED_EDGE('',*,*,#4025,.T.);
#2525=ORIENTED_EDGE('',*,*,#3896,.T.);
#2526=ORIENTED_EDGE('',*,*,#3997,.T.);
#2527=ORIENTED_EDGE('',*,*,#3898,.F.);
#2528=ORIENTED_EDGE('',*,*,#4026,.F.);
#2529=ORIENTED_EDGE('',*,*,#3941,.T.);
#2530=ORIENTED_EDGE('',*,*,#4025,.F.);
#2531=ORIENTED_EDGE('',*,*,#3942,.T.);
#2532=ORIENTED_EDGE('',*,*,#4026,.T.);
#2533=ORIENTED_EDGE('',*,*,#3897,.F.);
#2534=ORIENTED_EDGE('',*,*,#4021,.F.);
#2535=ORIENTED_EDGE('',*,*,#3949,.F.);
#2536=ORIENTED_EDGE('',*,*,#4027,.T.);
#2537=ORIENTED_EDGE('',*,*,#3890,.T.);
#2538=ORIENTED_EDGE('',*,*,#4027,.F.);
#2539=ORIENTED_EDGE('',*,*,#3948,.F.);
#2540=ORIENTED_EDGE('',*,*,#4019,.F.);
#2541=ORIENTED_EDGE('',*,*,#3891,.T.);
#2542=ORIENTED_EDGE('',*,*,#3993,.F.);
#2543=ORIENTED_EDGE('',*,*,#4017,.F.);
#2544=ORIENTED_EDGE('',*,*,#4028,.T.);
#2545=ORIENTED_EDGE('',*,*,#3918,.T.);
#2546=ORIENTED_EDGE('',*,*,#4028,.F.);
#2547=ORIENTED_EDGE('',*,*,#4016,.F.);
#2548=ORIENTED_EDGE('',*,*,#3919,.F.);
#2549=ORIENTED_EDGE('',*,*,#3992,.F.);
#2550=ORIENTED_EDGE('',*,*,#3958,.F.);
#2551=ORIENTED_EDGE('',*,*,#4029,.T.);
#2552=ORIENTED_EDGE('',*,*,#3912,.T.);
#2553=ORIENTED_EDGE('',*,*,#3957,.F.);
#2554=ORIENTED_EDGE('',*,*,#4015,.T.);
#2555=ORIENTED_EDGE('',*,*,#3913,.T.);
#2556=ORIENTED_EDGE('',*,*,#4029,.F.);
#2557=ORIENTED_EDGE('',*,*,#3999,.F.);
#2558=ORIENTED_EDGE('',*,*,#3962,.F.);
#2559=ORIENTED_EDGE('',*,*,#4030,.T.);
#2560=ORIENTED_EDGE('',*,*,#3908,.T.);
#2561=ORIENTED_EDGE('',*,*,#3991,.T.);
#2562=ORIENTED_EDGE('',*,*,#3910,.F.);
#2563=ORIENTED_EDGE('',*,*,#4031,.F.);
#2564=ORIENTED_EDGE('',*,*,#3960,.T.);
#2565=ORIENTED_EDGE('',*,*,#4030,.F.);
#2566=ORIENTED_EDGE('',*,*,#3961,.F.);
#2567=ORIENTED_EDGE('',*,*,#4031,.T.);
#2568=ORIENTED_EDGE('',*,*,#3909,.T.);
#2569=ORIENTED_EDGE('',*,*,#4032,.F.);
#2570=ORIENTED_EDGE('',*,*,#3979,.T.);
#2571=ORIENTED_EDGE('',*,*,#3969,.T.);
#2572=ORIENTED_EDGE('',*,*,#3977,.F.);
#2573=ORIENTED_EDGE('',*,*,#3981,.F.);
#2574=ORIENTED_EDGE('',*,*,#4033,.T.);
#2575=ORIENTED_EDGE('',*,*,#3978,.T.);
#2576=ORIENTED_EDGE('',*,*,#3971,.F.);
#2577=ORIENTED_EDGE('',*,*,#4034,.F.);
#2578=ORIENTED_EDGE('',*,*,#3982,.T.);
#2579=ORIENTED_EDGE('',*,*,#3929,.T.);
#2580=ORIENTED_EDGE('',*,*,#3986,.F.);
#2581=ORIENTED_EDGE('',*,*,#3984,.F.);
#2582=ORIENTED_EDGE('',*,*,#4035,.T.);
#2583=ORIENTED_EDGE('',*,*,#3987,.T.);
#2584=ORIENTED_EDGE('',*,*,#3931,.F.);
#2585=ORIENTED_EDGE('',*,*,#3990,.F.);
#2586=ORIENTED_EDGE('',*,*,#4036,.T.);
#2587=ORIENTED_EDGE('',*,*,#4037,.T.);
#2588=ORIENTED_EDGE('',*,*,#3967,.F.);
#2589=ORIENTED_EDGE('',*,*,#4038,.F.);
#2590=ORIENTED_EDGE('',*,*,#4039,.T.);
#2591=ORIENTED_EDGE('',*,*,#3964,.T.);
#2592=ORIENTED_EDGE('',*,*,#4037,.F.);
#2593=ORIENTED_EDGE('',*,*,#4040,.F.);
#2594=ORIENTED_EDGE('',*,*,#3988,.T.);
#2595=ORIENTED_EDGE('',*,*,#3965,.T.);
#2596=ORIENTED_EDGE('',*,*,#4039,.F.);
#2597=ORIENTED_EDGE('',*,*,#4041,.T.);
#2598=ORIENTED_EDGE('',*,*,#4042,.F.);
#2599=ORIENTED_EDGE('',*,*,#4043,.F.);
#2600=ORIENTED_EDGE('',*,*,#4044,.T.);
#2601=ORIENTED_EDGE('',*,*,#4045,.T.);
#2602=ORIENTED_EDGE('',*,*,#4002,.F.);
#2603=ORIENTED_EDGE('',*,*,#4046,.F.);
#2604=ORIENTED_EDGE('',*,*,#4014,.T.);
#2605=ORIENTED_EDGE('',*,*,#4047,.T.);
#2606=ORIENTED_EDGE('',*,*,#4048,.T.);
#2607=ORIENTED_EDGE('',*,*,#4049,.F.);
#2608=ORIENTED_EDGE('',*,*,#4050,.F.);
#2609=ORIENTED_EDGE('',*,*,#4051,.T.);
#2610=ORIENTED_EDGE('',*,*,#4052,.T.);
#2611=ORIENTED_EDGE('',*,*,#4053,.F.);
#2612=ORIENTED_EDGE('',*,*,#4054,.F.);
#2613=ORIENTED_EDGE('',*,*,#4010,.F.);
#2614=ORIENTED_EDGE('',*,*,#4046,.T.);
#2615=ORIENTED_EDGE('',*,*,#4001,.T.);
#2616=ORIENTED_EDGE('',*,*,#3922,.F.);
#2617=ORIENTED_EDGE('',*,*,#4045,.F.);
#2618=ORIENTED_EDGE('',*,*,#4013,.T.);
#2619=ORIENTED_EDGE('',*,*,#3886,.T.);
#2620=ORIENTED_EDGE('',*,*,#4003,.F.);
#2621=ORIENTED_EDGE('',*,*,#4055,.F.);
#2622=ORIENTED_EDGE('',*,*,#4056,.T.);
#2623=ORIENTED_EDGE('',*,*,#4057,.T.);
#2624=ORIENTED_EDGE('',*,*,#4058,.T.);
#2625=ORIENTED_EDGE('',*,*,#4052,.F.);
#2626=ORIENTED_EDGE('',*,*,#4059,.F.);
#2627=ORIENTED_EDGE('',*,*,#4057,.F.);
#2628=ORIENTED_EDGE('',*,*,#4060,.F.);
#2629=ORIENTED_EDGE('',*,*,#4061,.T.);
#2630=ORIENTED_EDGE('',*,*,#4054,.T.);
#2631=ORIENTED_EDGE('',*,*,#4062,.T.);
#2632=ORIENTED_EDGE('',*,*,#4055,.T.);
#2633=ORIENTED_EDGE('',*,*,#4051,.F.);
#2634=ORIENTED_EDGE('',*,*,#4061,.F.);
#2635=ORIENTED_EDGE('',*,*,#4058,.F.);
#2636=ORIENTED_EDGE('',*,*,#4059,.T.);
#2637=ORIENTED_EDGE('',*,*,#4062,.F.);
#2638=ORIENTED_EDGE('',*,*,#4053,.T.);
#2639=ORIENTED_EDGE('',*,*,#4060,.T.);
#2640=ORIENTED_EDGE('',*,*,#4056,.F.);
#2641=ORIENTED_EDGE('',*,*,#4063,.F.);
#2642=ORIENTED_EDGE('',*,*,#4064,.T.);
#2643=ORIENTED_EDGE('',*,*,#4065,.T.);
#2644=ORIENTED_EDGE('',*,*,#4066,.T.);
#2645=ORIENTED_EDGE('',*,*,#4048,.F.);
#2646=ORIENTED_EDGE('',*,*,#4067,.F.);
#2647=ORIENTED_EDGE('',*,*,#4065,.F.);
#2648=ORIENTED_EDGE('',*,*,#4068,.F.);
#2649=ORIENTED_EDGE('',*,*,#4069,.T.);
#2650=ORIENTED_EDGE('',*,*,#4050,.T.);
#2651=ORIENTED_EDGE('',*,*,#4070,.T.);
#2652=ORIENTED_EDGE('',*,*,#4063,.T.);
#2653=ORIENTED_EDGE('',*,*,#4047,.F.);
#2654=ORIENTED_EDGE('',*,*,#4069,.F.);
#2655=ORIENTED_EDGE('',*,*,#4066,.F.);
#2656=ORIENTED_EDGE('',*,*,#4067,.T.);
#2657=ORIENTED_EDGE('',*,*,#4070,.F.);
#2658=ORIENTED_EDGE('',*,*,#4049,.T.);
#2659=ORIENTED_EDGE('',*,*,#4068,.T.);
#2660=ORIENTED_EDGE('',*,*,#4064,.F.);
#2661=ORIENTED_EDGE('',*,*,#4036,.F.);
#2662=ORIENTED_EDGE('',*,*,#3989,.F.);
#2663=ORIENTED_EDGE('',*,*,#4040,.T.);
#2664=ORIENTED_EDGE('',*,*,#4038,.T.);
#2665=ORIENTED_EDGE('',*,*,#3983,.F.);
#2666=ORIENTED_EDGE('',*,*,#4034,.T.);
#2667=ORIENTED_EDGE('',*,*,#3985,.T.);
#2668=ORIENTED_EDGE('',*,*,#4035,.F.);
#2669=ORIENTED_EDGE('',*,*,#3980,.F.);
#2670=ORIENTED_EDGE('',*,*,#4032,.T.);
#2671=ORIENTED_EDGE('',*,*,#3976,.T.);
#2672=ORIENTED_EDGE('',*,*,#4033,.F.);
#2673=ORIENTED_EDGE('',*,*,#4071,.F.);
#2674=ORIENTED_EDGE('',*,*,#4072,.T.);
#2675=ORIENTED_EDGE('',*,*,#4073,.T.);
#2676=ORIENTED_EDGE('',*,*,#4074,.T.);
#2677=ORIENTED_EDGE('',*,*,#4041,.F.);
#2678=ORIENTED_EDGE('',*,*,#4075,.F.);
#2679=ORIENTED_EDGE('',*,*,#4073,.F.);
#2680=ORIENTED_EDGE('',*,*,#4076,.F.);
#2681=ORIENTED_EDGE('',*,*,#4077,.T.);
#2682=ORIENTED_EDGE('',*,*,#4043,.T.);
#2683=ORIENTED_EDGE('',*,*,#4078,.T.);
#2684=ORIENTED_EDGE('',*,*,#4071,.T.);
#2685=ORIENTED_EDGE('',*,*,#4078,.F.);
#2686=ORIENTED_EDGE('',*,*,#4042,.T.);
#2687=ORIENTED_EDGE('',*,*,#4076,.T.);
#2688=ORIENTED_EDGE('',*,*,#4072,.F.);
#2689=ORIENTED_EDGE('',*,*,#4044,.F.);
#2690=ORIENTED_EDGE('',*,*,#4077,.F.);
#2691=ORIENTED_EDGE('',*,*,#4074,.F.);
#2692=ORIENTED_EDGE('',*,*,#4075,.T.);
#2693=ORIENTED_EDGE('',*,*,#4079,.T.);
#2694=ORIENTED_EDGE('',*,*,#3972,.T.);
#2695=ORIENTED_EDGE('',*,*,#4080,.F.);
#2696=ORIENTED_EDGE('',*,*,#3925,.F.);
#2697=ORIENTED_EDGE('',*,*,#3926,.T.);
#2698=ORIENTED_EDGE('',*,*,#4080,.T.);
#2699=ORIENTED_EDGE('',*,*,#3975,.F.);
#2700=ORIENTED_EDGE('',*,*,#4081,.F.);
#2701=ORIENTED_EDGE('',*,*,#3927,.T.);
#2702=ORIENTED_EDGE('',*,*,#4081,.T.);
#2703=ORIENTED_EDGE('',*,*,#3974,.F.);
#2704=ORIENTED_EDGE('',*,*,#4082,.F.);
#2705=ORIENTED_EDGE('',*,*,#3924,.T.);
#2706=ORIENTED_EDGE('',*,*,#4082,.T.);
#2707=ORIENTED_EDGE('',*,*,#3973,.F.);
#2708=ORIENTED_EDGE('',*,*,#4079,.F.);
#2709=ORIENTED_EDGE('',*,*,#4083,.T.);
#2710=ORIENTED_EDGE('',*,*,#4084,.F.);
#2711=ORIENTED_EDGE('',*,*,#4085,.T.);
#2712=ORIENTED_EDGE('',*,*,#4086,.F.);
#2713=ORIENTED_EDGE('',*,*,#4087,.F.);
#2714=ORIENTED_EDGE('',*,*,#4088,.F.);
#2715=ORIENTED_EDGE('',*,*,#4089,.T.);
#2716=ORIENTED_EDGE('',*,*,#4090,.T.);
#2717=ORIENTED_EDGE('',*,*,#4091,.F.);
#2718=ORIENTED_EDGE('',*,*,#4088,.T.);
#2719=ORIENTED_EDGE('',*,*,#4092,.F.);
#2720=ORIENTED_EDGE('',*,*,#4093,.F.);
#2721=ORIENTED_EDGE('',*,*,#4094,.T.);
#2722=ORIENTED_EDGE('',*,*,#4083,.F.);
#2723=ORIENTED_EDGE('',*,*,#4095,.T.);
#2724=ORIENTED_EDGE('',*,*,#4096,.F.);
#2725=ORIENTED_EDGE('',*,*,#4097,.F.);
#2726=ORIENTED_EDGE('',*,*,#4098,.T.);
#2727=ORIENTED_EDGE('',*,*,#4099,.F.);
#2728=ORIENTED_EDGE('',*,*,#4100,.T.);
#2729=ORIENTED_EDGE('',*,*,#4086,.T.);
#2730=ORIENTED_EDGE('',*,*,#4101,.F.);
#2731=ORIENTED_EDGE('',*,*,#4096,.T.);
#2732=ORIENTED_EDGE('',*,*,#4102,.F.);
#2733=ORIENTED_EDGE('',*,*,#4103,.F.);
#2734=ORIENTED_EDGE('',*,*,#4084,.T.);
#2735=ORIENTED_EDGE('',*,*,#4104,.T.);
#2736=ORIENTED_EDGE('',*,*,#4098,.F.);
#2737=ORIENTED_EDGE('',*,*,#4085,.F.);
#2738=ORIENTED_EDGE('',*,*,#4103,.T.);
#2739=ORIENTED_EDGE('',*,*,#4097,.T.);
#2740=ORIENTED_EDGE('',*,*,#4101,.T.);
#2741=ORIENTED_EDGE('',*,*,#4104,.F.);
#2742=ORIENTED_EDGE('',*,*,#4087,.T.);
#2743=ORIENTED_EDGE('',*,*,#4100,.F.);
#2744=ORIENTED_EDGE('',*,*,#4095,.F.);
#2745=ORIENTED_EDGE('',*,*,#4099,.T.);
#2746=ORIENTED_EDGE('',*,*,#4102,.T.);
#2747=ORIENTED_EDGE('',*,*,#4089,.F.);
#2748=ORIENTED_EDGE('',*,*,#4094,.F.);
#2749=ORIENTED_EDGE('',*,*,#4105,.F.);
#2750=ORIENTED_EDGE('',*,*,#4106,.F.);
#2751=ORIENTED_EDGE('',*,*,#4092,.T.);
#2752=ORIENTED_EDGE('',*,*,#4091,.T.);
#2753=ORIENTED_EDGE('',*,*,#4107,.T.);
#2754=ORIENTED_EDGE('',*,*,#4108,.T.);
#2755=ORIENTED_EDGE('',*,*,#4108,.F.);
#2756=ORIENTED_EDGE('',*,*,#4109,.F.);
#2757=ORIENTED_EDGE('',*,*,#4105,.T.);
#2758=ORIENTED_EDGE('',*,*,#4093,.T.);
#2759=ORIENTED_EDGE('',*,*,#4090,.F.);
#2760=ORIENTED_EDGE('',*,*,#4106,.T.);
#2761=ORIENTED_EDGE('',*,*,#4109,.T.);
#2762=ORIENTED_EDGE('',*,*,#4107,.F.);
#2763=ORIENTED_EDGE('',*,*,#4110,.F.);
#2764=ORIENTED_EDGE('',*,*,#4111,.T.);
#2765=ORIENTED_EDGE('',*,*,#4112,.T.);
#2766=ORIENTED_EDGE('',*,*,#4113,.F.);
#2767=ORIENTED_EDGE('',*,*,#4114,.F.);
#2768=ORIENTED_EDGE('',*,*,#4115,.T.);
#2769=ORIENTED_EDGE('',*,*,#4116,.T.);
#2770=ORIENTED_EDGE('',*,*,#4117,.F.);
#2771=ORIENTED_EDGE('',*,*,#4118,.F.);
#2772=ORIENTED_EDGE('',*,*,#4119,.T.);
#2773=ORIENTED_EDGE('',*,*,#4120,.F.);
#2774=ORIENTED_EDGE('',*,*,#4121,.T.);
#2775=ORIENTED_EDGE('',*,*,#4122,.T.);
#2776=ORIENTED_EDGE('',*,*,#4123,.F.);
#2777=ORIENTED_EDGE('',*,*,#4124,.F.);
#2778=ORIENTED_EDGE('',*,*,#4125,.T.);
#2779=ORIENTED_EDGE('',*,*,#4126,.T.);
#2780=ORIENTED_EDGE('',*,*,#4127,.F.);
#2781=ORIENTED_EDGE('',*,*,#4128,.F.);
#2782=ORIENTED_EDGE('',*,*,#4129,.T.);
#2783=ORIENTED_EDGE('',*,*,#4130,.T.);
#2784=ORIENTED_EDGE('',*,*,#4131,.F.);
#2785=ORIENTED_EDGE('',*,*,#4132,.F.);
#2786=ORIENTED_EDGE('',*,*,#4133,.T.);
#2787=ORIENTED_EDGE('',*,*,#4134,.F.);
#2788=ORIENTED_EDGE('',*,*,#4135,.T.);
#2789=ORIENTED_EDGE('',*,*,#4136,.T.);
#2790=ORIENTED_EDGE('',*,*,#4137,.F.);
#2791=ORIENTED_EDGE('',*,*,#4133,.F.);
#2792=ORIENTED_EDGE('',*,*,#4118,.T.);
#2793=ORIENTED_EDGE('',*,*,#4132,.T.);
#2794=ORIENTED_EDGE('',*,*,#4119,.F.);
#2795=ORIENTED_EDGE('',*,*,#4138,.F.);
#2796=ORIENTED_EDGE('',*,*,#4134,.T.);
#2797=ORIENTED_EDGE('',*,*,#4139,.T.);
#2798=ORIENTED_EDGE('',*,*,#4121,.F.);
#2799=ORIENTED_EDGE('',*,*,#4139,.F.);
#2800=ORIENTED_EDGE('',*,*,#4137,.T.);
#2801=ORIENTED_EDGE('',*,*,#4140,.T.);
#2802=ORIENTED_EDGE('',*,*,#4122,.F.);
#2803=ORIENTED_EDGE('',*,*,#4123,.T.);
#2804=ORIENTED_EDGE('',*,*,#4140,.F.);
#2805=ORIENTED_EDGE('',*,*,#4136,.F.);
#2806=ORIENTED_EDGE('',*,*,#4141,.T.);
#2807=ORIENTED_EDGE('',*,*,#4120,.T.);
#2808=ORIENTED_EDGE('',*,*,#4141,.F.);
#2809=ORIENTED_EDGE('',*,*,#4135,.F.);
#2810=ORIENTED_EDGE('',*,*,#4138,.T.);
#2811=ORIENTED_EDGE('',*,*,#4114,.T.);
#2812=ORIENTED_EDGE('',*,*,#4142,.F.);
#2813=ORIENTED_EDGE('',*,*,#4129,.F.);
#2814=ORIENTED_EDGE('',*,*,#4143,.T.);
#2815=ORIENTED_EDGE('',*,*,#4143,.F.);
#2816=ORIENTED_EDGE('',*,*,#4128,.T.);
#2817=ORIENTED_EDGE('',*,*,#4144,.T.);
#2818=ORIENTED_EDGE('',*,*,#4115,.F.);
#2819=ORIENTED_EDGE('',*,*,#4144,.F.);
#2820=ORIENTED_EDGE('',*,*,#4131,.T.);
#2821=ORIENTED_EDGE('',*,*,#4145,.T.);
#2822=ORIENTED_EDGE('',*,*,#4116,.F.);
#2823=ORIENTED_EDGE('',*,*,#4117,.T.);
#2824=ORIENTED_EDGE('',*,*,#4145,.F.);
#2825=ORIENTED_EDGE('',*,*,#4130,.F.);
#2826=ORIENTED_EDGE('',*,*,#4142,.T.);
#2827=ORIENTED_EDGE('',*,*,#4110,.T.);
#2828=ORIENTED_EDGE('',*,*,#4146,.F.);
#2829=ORIENTED_EDGE('',*,*,#4125,.F.);
#2830=ORIENTED_EDGE('',*,*,#4147,.T.);
#2831=ORIENTED_EDGE('',*,*,#4147,.F.);
#2832=ORIENTED_EDGE('',*,*,#4124,.T.);
#2833=ORIENTED_EDGE('',*,*,#4148,.T.);
#2834=ORIENTED_EDGE('',*,*,#4111,.F.);
#2835=ORIENTED_EDGE('',*,*,#4148,.F.);
#2836=ORIENTED_EDGE('',*,*,#4127,.T.);
#2837=ORIENTED_EDGE('',*,*,#4149,.T.);
#2838=ORIENTED_EDGE('',*,*,#4112,.F.);
#2839=ORIENTED_EDGE('',*,*,#4113,.T.);
#2840=ORIENTED_EDGE('',*,*,#4149,.F.);
#2841=ORIENTED_EDGE('',*,*,#4126,.F.);
#2842=ORIENTED_EDGE('',*,*,#4146,.T.);
#2843=ORIENTED_EDGE('',*,*,#4150,.F.);
#2844=ORIENTED_EDGE('',*,*,#4151,.T.);
#2845=ORIENTED_EDGE('',*,*,#4150,.T.);
#2846=ORIENTED_EDGE('',*,*,#4151,.F.);
#2847=EDGE_CURVE('',#4152,#4153,#5025,.T.);
#2848=EDGE_CURVE('',#4154,#4152,#5026,.T.);
#2849=EDGE_CURVE('',#4154,#4155,#5027,.T.);
#2850=EDGE_CURVE('',#4155,#4156,#5028,.T.);
#2851=EDGE_CURVE('',#4157,#4156,#5029,.T.);
#2852=EDGE_CURVE('',#4157,#4153,#5030,.T.);
#2853=EDGE_CURVE('',#4158,#4155,#5031,.T.);
#2854=EDGE_CURVE('',#4159,#4154,#5032,.T.);
#2855=EDGE_CURVE('',#4159,#4158,#5033,.T.);
#2856=EDGE_CURVE('',#4160,#4161,#5034,.T.);
#2857=EDGE_CURVE('',#4162,#4161,#5035,.T.);
#2858=EDGE_CURVE('',#4163,#4162,#5036,.T.);
#2859=EDGE_CURVE('',#4163,#4160,#5037,.T.);
#2860=EDGE_CURVE('',#4164,#4165,#5038,.T.);
#2861=EDGE_CURVE('',#4163,#4164,#5039,.T.);
#2862=EDGE_CURVE('',#4162,#4165,#5040,.T.);
#2863=EDGE_CURVE('',#4166,#4152,#5041,.T.);
#2864=EDGE_CURVE('',#4159,#4166,#5042,.T.);
#2865=EDGE_CURVE('',#4165,#4166,#5043,.T.);
#2866=EDGE_CURVE('',#4161,#4158,#5044,.T.);
#2867=EDGE_CURVE('',#4167,#4164,#5045,.T.);
#2868=EDGE_CURVE('',#4168,#4167,#5046,.T.);
#2869=EDGE_CURVE('',#4168,#4169,#5047,.T.);
#2870=EDGE_CURVE('',#4169,#4160,#5048,.T.);
#2871=EDGE_CURVE('',#4170,#4169,#5049,.T.);
#2872=EDGE_CURVE('',#4171,#4168,#5050,.T.);
#2873=EDGE_CURVE('',#4171,#4170,#5051,.T.);
#2874=EDGE_CURVE('',#4172,#4173,#5052,.T.);
#2875=EDGE_CURVE('',#4174,#4173,#5053,.T.);
#2876=EDGE_CURVE('',#4175,#4174,#5054,.T.);
#2877=EDGE_CURVE('',#4175,#4172,#5055,.T.);
#2878=EDGE_CURVE('',#4176,#4177,#5056,.T.);
#2879=EDGE_CURVE('',#4175,#4176,#5057,.T.);
#2880=EDGE_CURVE('',#4174,#4177,#5058,.T.);
#2881=EDGE_CURVE('',#4178,#4167,#5059,.T.);
#2882=EDGE_CURVE('',#4171,#4178,#5060,.T.);
#2883=EDGE_CURVE('',#4177,#4178,#5061,.T.);
#2884=EDGE_CURVE('',#4173,#4170,#5062,.T.);
#2885=EDGE_CURVE('',#4179,#4176,#5063,.T.);
#2886=EDGE_CURVE('',#4180,#4179,#5064,.T.);
#2887=EDGE_CURVE('',#4180,#4181,#5065,.T.);
#2888=EDGE_CURVE('',#4181,#4172,#5066,.T.);
#2889=EDGE_CURVE('',#4182,#4181,#5067,.T.);
#2890=EDGE_CURVE('',#4183,#4180,#5068,.T.);
#2891=EDGE_CURVE('',#4183,#4182,#5069,.T.);
#2892=EDGE_CURVE('',#4184,#4185,#5070,.T.);
#2893=EDGE_CURVE('',#4186,#4185,#5071,.T.);
#2894=EDGE_CURVE('',#4187,#4186,#5072,.T.);
#2895=EDGE_CURVE('',#4187,#4184,#5073,.T.);
#2896=EDGE_CURVE('',#4188,#4189,#5074,.T.);
#2897=EDGE_CURVE('',#4187,#4188,#5075,.T.);
#2898=EDGE_CURVE('',#4186,#4189,#5076,.T.);
#2899=EDGE_CURVE('',#4190,#4179,#5077,.T.);
#2900=EDGE_CURVE('',#4183,#4190,#5078,.T.);
#2901=EDGE_CURVE('',#4189,#4190,#5079,.T.);
#2902=EDGE_CURVE('',#4185,#4182,#5080,.T.);
#2903=EDGE_CURVE('',#4191,#4188,#5081,.T.);
#2904=EDGE_CURVE('',#4192,#4191,#5082,.T.);
#2905=EDGE_CURVE('',#4192,#4193,#5083,.T.);
#2906=EDGE_CURVE('',#4193,#4184,#5084,.T.);
#2907=EDGE_CURVE('',#4194,#4193,#5085,.T.);
#2908=EDGE_CURVE('',#4195,#4192,#5086,.T.);
#2909=EDGE_CURVE('',#4195,#4194,#5087,.T.);
#2910=EDGE_CURVE('',#4196,#4197,#5088,.T.);
#2911=EDGE_CURVE('',#4198,#4197,#5089,.T.);
#2912=EDGE_CURVE('',#4199,#4198,#5090,.T.);
#2913=EDGE_CURVE('',#4199,#4196,#5091,.T.);
#2914=EDGE_CURVE('',#4200,#4201,#5092,.T.);
#2915=EDGE_CURVE('',#4199,#4200,#5093,.T.);
#2916=EDGE_CURVE('',#4198,#4201,#5094,.T.);
#2917=EDGE_CURVE('',#4202,#4191,#5095,.T.);
#2918=EDGE_CURVE('',#4195,#4202,#5096,.T.);
#2919=EDGE_CURVE('',#4201,#4202,#5097,.T.);
#2920=EDGE_CURVE('',#4197,#4194,#5098,.T.);
#2921=EDGE_CURVE('',#4203,#4200,#5099,.T.);
#2922=EDGE_CURVE('',#4204,#4203,#5100,.T.);
#2923=EDGE_CURVE('',#4204,#4205,#5101,.T.);
#2924=EDGE_CURVE('',#4205,#4196,#5102,.T.);
#2925=EDGE_CURVE('',#4206,#4205,#5103,.T.);
#2926=EDGE_CURVE('',#4207,#4204,#5104,.T.);
#2927=EDGE_CURVE('',#4207,#4206,#5105,.T.);
#2928=EDGE_CURVE('',#4208,#4209,#5106,.T.);
#2929=EDGE_CURVE('',#4210,#4209,#5107,.T.);
#2930=EDGE_CURVE('',#4211,#4210,#5108,.T.);
#2931=EDGE_CURVE('',#4211,#4208,#5109,.T.);
#2932=EDGE_CURVE('',#4212,#4213,#5110,.T.);
#2933=EDGE_CURVE('',#4211,#4212,#5111,.T.);
#2934=EDGE_CURVE('',#4210,#4213,#5112,.T.);
#2935=EDGE_CURVE('',#4214,#4203,#5113,.T.);
#2936=EDGE_CURVE('',#4207,#4214,#5114,.T.);
#2937=EDGE_CURVE('',#4213,#4214,#5115,.T.);
#2938=EDGE_CURVE('',#4209,#4206,#5116,.T.);
#2939=EDGE_CURVE('',#4215,#4212,#5117,.T.);
#2940=EDGE_CURVE('',#4216,#4215,#5118,.T.);
#2941=EDGE_CURVE('',#4216,#4217,#5119,.T.);
#2942=EDGE_CURVE('',#4217,#4208,#5120,.T.);
#2943=EDGE_CURVE('',#4218,#4217,#5121,.T.);
#2944=EDGE_CURVE('',#4219,#4216,#5122,.T.);
#2945=EDGE_CURVE('',#4219,#4218,#5123,.T.);
#2946=EDGE_CURVE('',#4220,#4221,#5124,.T.);
#2947=EDGE_CURVE('',#4222,#4221,#5125,.T.);
#2948=EDGE_CURVE('',#4223,#4222,#5126,.T.);
#2949=EDGE_CURVE('',#4223,#4220,#5127,.T.);
#2950=EDGE_CURVE('',#4224,#4225,#5128,.T.);
#2951=EDGE_CURVE('',#4223,#4224,#5129,.T.);
#2952=EDGE_CURVE('',#4222,#4225,#5130,.T.);
#2953=EDGE_CURVE('',#4226,#4215,#5131,.T.);
#2954=EDGE_CURVE('',#4219,#4226,#5132,.T.);
#2955=EDGE_CURVE('',#4225,#4226,#5133,.T.);
#2956=EDGE_CURVE('',#4221,#4218,#5134,.T.);
#2957=EDGE_CURVE('',#4227,#4224,#5135,.T.);
#2958=EDGE_CURVE('',#4228,#4227,#5136,.T.);
#2959=EDGE_CURVE('',#4228,#4229,#5137,.T.);
#2960=EDGE_CURVE('',#4229,#4220,#5138,.T.);
#2961=EDGE_CURVE('',#4230,#4229,#5139,.T.);
#2962=EDGE_CURVE('',#4231,#4228,#5140,.T.);
#2963=EDGE_CURVE('',#4231,#4230,#5141,.T.);
#2964=EDGE_CURVE('',#4232,#4233,#5142,.T.);
#2965=EDGE_CURVE('',#4234,#4233,#5143,.T.);
#2966=EDGE_CURVE('',#4235,#4234,#5144,.T.);
#2967=EDGE_CURVE('',#4235,#4232,#5145,.T.);
#2968=EDGE_CURVE('',#4236,#4237,#5146,.T.);
#2969=EDGE_CURVE('',#4235,#4236,#5147,.T.);
#2970=EDGE_CURVE('',#4234,#4237,#5148,.T.);
#2971=EDGE_CURVE('',#4238,#4227,#5149,.T.);
#2972=EDGE_CURVE('',#4231,#4238,#5150,.T.);
#2973=EDGE_CURVE('',#4237,#4238,#5151,.T.);
#2974=EDGE_CURVE('',#4233,#4230,#5152,.T.);
#2975=EDGE_CURVE('',#4239,#4236,#5153,.T.);
#2976=EDGE_CURVE('',#4240,#4239,#5154,.T.);
#2977=EDGE_CURVE('',#4240,#4241,#5155,.T.);
#2978=EDGE_CURVE('',#4241,#4232,#5156,.T.);
#2979=EDGE_CURVE('',#4242,#4241,#5157,.T.);
#2980=EDGE_CURVE('',#4243,#4240,#5158,.T.);
#2981=EDGE_CURVE('',#4243,#4242,#5159,.T.);
#2982=EDGE_CURVE('',#4244,#4245,#5160,.T.);
#2983=EDGE_CURVE('',#4246,#4245,#5161,.T.);
#2984=EDGE_CURVE('',#4247,#4246,#5162,.T.);
#2985=EDGE_CURVE('',#4247,#4244,#5163,.T.);
#2986=EDGE_CURVE('',#4248,#4249,#5164,.T.);
#2987=EDGE_CURVE('',#4247,#4248,#5165,.T.);
#2988=EDGE_CURVE('',#4246,#4249,#5166,.T.);
#2989=EDGE_CURVE('',#4250,#4239,#5167,.T.);
#2990=EDGE_CURVE('',#4243,#4250,#5168,.T.);
#2991=EDGE_CURVE('',#4249,#4250,#5169,.T.);
#2992=EDGE_CURVE('',#4245,#4242,#5170,.T.);
#2993=EDGE_CURVE('',#4251,#4248,#5171,.T.);
#2994=EDGE_CURVE('',#4252,#4251,#5172,.T.);
#2995=EDGE_CURVE('',#4252,#4253,#5173,.T.);
#2996=EDGE_CURVE('',#4253,#4244,#5174,.T.);
#2997=EDGE_CURVE('',#4254,#4253,#5175,.T.);
#2998=EDGE_CURVE('',#4255,#4252,#5176,.T.);
#2999=EDGE_CURVE('',#4255,#4254,#5177,.T.);
#3000=EDGE_CURVE('',#4256,#4257,#5178,.T.);
#3001=EDGE_CURVE('',#4258,#4257,#5179,.T.);
#3002=EDGE_CURVE('',#4259,#4258,#5180,.T.);
#3003=EDGE_CURVE('',#4259,#4256,#5181,.T.);
#3004=EDGE_CURVE('',#4260,#4261,#5182,.T.);
#3005=EDGE_CURVE('',#4259,#4260,#5183,.T.);
#3006=EDGE_CURVE('',#4258,#4261,#5184,.T.);
#3007=EDGE_CURVE('',#4262,#4251,#5185,.T.);
#3008=EDGE_CURVE('',#4255,#4262,#5186,.T.);
#3009=EDGE_CURVE('',#4261,#4262,#5187,.T.);
#3010=EDGE_CURVE('',#4257,#4254,#5188,.T.);
#3011=EDGE_CURVE('',#4263,#4260,#5189,.T.);
#3012=EDGE_CURVE('',#4264,#4263,#5190,.T.);
#3013=EDGE_CURVE('',#4264,#4265,#5191,.T.);
#3014=EDGE_CURVE('',#4265,#4256,#5192,.T.);
#3015=EDGE_CURVE('',#4266,#4265,#5193,.T.);
#3016=EDGE_CURVE('',#4267,#4264,#5194,.T.);
#3017=EDGE_CURVE('',#4267,#4266,#5195,.T.);
#3018=EDGE_CURVE('',#4268,#4269,#5196,.T.);
#3019=EDGE_CURVE('',#4270,#4269,#5197,.T.);
#3020=EDGE_CURVE('',#4271,#4270,#5198,.T.);
#3021=EDGE_CURVE('',#4271,#4268,#5199,.T.);
#3022=EDGE_CURVE('',#4272,#4273,#5200,.T.);
#3023=EDGE_CURVE('',#4271,#4272,#5201,.T.);
#3024=EDGE_CURVE('',#4270,#4273,#5202,.T.);
#3025=EDGE_CURVE('',#4274,#4263,#5203,.T.);
#3026=EDGE_CURVE('',#4267,#4274,#5204,.T.);
#3027=EDGE_CURVE('',#4273,#4274,#5205,.T.);
#3028=EDGE_CURVE('',#4269,#4266,#5206,.T.);
#3029=EDGE_CURVE('',#4275,#4272,#5207,.T.);
#3030=EDGE_CURVE('',#4276,#4275,#5208,.T.);
#3031=EDGE_CURVE('',#4276,#4277,#5209,.T.);
#3032=EDGE_CURVE('',#4277,#4268,#5210,.T.);
#3033=EDGE_CURVE('',#4278,#4277,#5211,.T.);
#3034=EDGE_CURVE('',#4279,#4276,#5212,.T.);
#3035=EDGE_CURVE('',#4279,#4278,#5213,.T.);
#3036=EDGE_CURVE('',#4280,#4281,#5214,.T.);
#3037=EDGE_CURVE('',#4282,#4281,#5215,.T.);
#3038=EDGE_CURVE('',#4283,#4282,#5216,.T.);
#3039=EDGE_CURVE('',#4283,#4280,#5217,.T.);
#3040=EDGE_CURVE('',#4284,#4285,#5218,.T.);
#3041=EDGE_CURVE('',#4283,#4284,#5219,.T.);
#3042=EDGE_CURVE('',#4282,#4285,#5220,.T.);
#3043=EDGE_CURVE('',#4286,#4275,#5221,.T.);
#3044=EDGE_CURVE('',#4279,#4286,#5222,.T.);
#3045=EDGE_CURVE('',#4285,#4286,#5223,.T.);
#3046=EDGE_CURVE('',#4281,#4278,#5224,.T.);
#3047=EDGE_CURVE('',#4287,#4284,#5225,.T.);
#3048=EDGE_CURVE('',#4288,#4287,#5226,.T.);
#3049=EDGE_CURVE('',#4288,#4289,#5227,.T.);
#3050=EDGE_CURVE('',#4289,#4280,#5228,.T.);
#3051=EDGE_CURVE('',#4290,#4289,#5229,.T.);
#3052=EDGE_CURVE('',#4291,#4288,#5230,.T.);
#3053=EDGE_CURVE('',#4291,#4290,#5231,.T.);
#3054=EDGE_CURVE('',#4292,#4293,#5232,.T.);
#3055=EDGE_CURVE('',#4294,#4293,#5233,.T.);
#3056=EDGE_CURVE('',#4295,#4294,#5234,.T.);
#3057=EDGE_CURVE('',#4295,#4292,#5235,.T.);
#3058=EDGE_CURVE('',#4296,#4297,#5236,.T.);
#3059=EDGE_CURVE('',#4295,#4296,#5237,.T.);
#3060=EDGE_CURVE('',#4294,#4297,#5238,.T.);
#3061=EDGE_CURVE('',#4298,#4287,#5239,.T.);
#3062=EDGE_CURVE('',#4291,#4298,#5240,.T.);
#3063=EDGE_CURVE('',#4297,#4298,#5241,.T.);
#3064=EDGE_CURVE('',#4293,#4290,#5242,.T.);
#3065=EDGE_CURVE('',#4299,#4296,#5243,.T.);
#3066=EDGE_CURVE('',#4300,#4299,#5244,.T.);
#3067=EDGE_CURVE('',#4300,#4301,#5245,.T.);
#3068=EDGE_CURVE('',#4301,#4292,#5246,.T.);
#3069=EDGE_CURVE('',#4302,#4301,#5247,.T.);
#3070=EDGE_CURVE('',#4303,#4300,#5248,.T.);
#3071=EDGE_CURVE('',#4303,#4302,#5249,.T.);
#3072=EDGE_CURVE('',#4304,#4305,#5250,.T.);
#3073=EDGE_CURVE('',#4306,#4305,#5251,.T.);
#3074=EDGE_CURVE('',#4307,#4306,#5252,.T.);
#3075=EDGE_CURVE('',#4307,#4304,#5253,.T.);
#3076=EDGE_CURVE('',#4308,#4309,#5254,.T.);
#3077=EDGE_CURVE('',#4307,#4308,#5255,.T.);
#3078=EDGE_CURVE('',#4306,#4309,#5256,.T.);
#3079=EDGE_CURVE('',#4310,#4299,#5257,.T.);
#3080=EDGE_CURVE('',#4303,#4310,#5258,.T.);
#3081=EDGE_CURVE('',#4309,#4310,#5259,.T.);
#3082=EDGE_CURVE('',#4305,#4302,#5260,.T.);
#3083=EDGE_CURVE('',#4311,#4308,#5261,.T.);
#3084=EDGE_CURVE('',#4312,#4311,#5262,.T.);
#3085=EDGE_CURVE('',#4312,#4313,#5263,.T.);
#3086=EDGE_CURVE('',#4313,#4304,#5264,.T.);
#3087=EDGE_CURVE('',#4314,#4313,#5265,.T.);
#3088=EDGE_CURVE('',#4315,#4312,#5266,.T.);
#3089=EDGE_CURVE('',#4315,#4314,#5267,.T.);
#3090=EDGE_CURVE('',#4316,#4317,#5268,.T.);
#3091=EDGE_CURVE('',#4318,#4317,#5269,.T.);
#3092=EDGE_CURVE('',#4319,#4318,#5270,.T.);
#3093=EDGE_CURVE('',#4319,#4316,#5271,.T.);
#3094=EDGE_CURVE('',#4320,#4321,#5272,.T.);
#3095=EDGE_CURVE('',#4319,#4320,#5273,.T.);
#3096=EDGE_CURVE('',#4318,#4321,#5274,.T.);
#3097=EDGE_CURVE('',#4322,#4311,#5275,.T.);
#3098=EDGE_CURVE('',#4315,#4322,#5276,.T.);
#3099=EDGE_CURVE('',#4321,#4322,#5277,.T.);
#3100=EDGE_CURVE('',#4317,#4314,#5278,.T.);
#3101=EDGE_CURVE('',#4323,#4320,#5279,.T.);
#3102=EDGE_CURVE('',#4324,#4323,#5280,.T.);
#3103=EDGE_CURVE('',#4324,#4325,#5281,.T.);
#3104=EDGE_CURVE('',#4325,#4316,#5282,.T.);
#3105=EDGE_CURVE('',#4326,#4325,#5283,.T.);
#3106=EDGE_CURVE('',#4327,#4324,#5284,.T.);
#3107=EDGE_CURVE('',#4327,#4326,#5285,.T.);
#3108=EDGE_CURVE('',#4328,#4329,#5286,.T.);
#3109=EDGE_CURVE('',#4330,#4329,#5287,.T.);
#3110=EDGE_CURVE('',#4331,#4330,#5288,.T.);
#3111=EDGE_CURVE('',#4331,#4328,#5289,.T.);
#3112=EDGE_CURVE('',#4332,#4333,#5290,.T.);
#3113=EDGE_CURVE('',#4331,#4332,#5291,.T.);
#3114=EDGE_CURVE('',#4330,#4333,#5292,.T.);
#3115=EDGE_CURVE('',#4334,#4323,#5293,.T.);
#3116=EDGE_CURVE('',#4327,#4334,#5294,.T.);
#3117=EDGE_CURVE('',#4333,#4334,#5295,.T.);
#3118=EDGE_CURVE('',#4329,#4326,#5296,.T.);
#3119=EDGE_CURVE('',#4335,#4332,#5297,.T.);
#3120=EDGE_CURVE('',#4336,#4335,#5298,.T.);
#3121=EDGE_CURVE('',#4336,#4337,#5299,.T.);
#3122=EDGE_CURVE('',#4337,#4328,#5300,.T.);
#3123=EDGE_CURVE('',#4338,#4337,#5301,.T.);
#3124=EDGE_CURVE('',#4339,#4336,#5302,.T.);
#3125=EDGE_CURVE('',#4339,#4338,#5303,.T.);
#3126=EDGE_CURVE('',#4340,#4341,#5304,.T.);
#3127=EDGE_CURVE('',#4342,#4341,#5305,.T.);
#3128=EDGE_CURVE('',#4343,#4342,#5306,.T.);
#3129=EDGE_CURVE('',#4343,#4340,#5307,.T.);
#3130=EDGE_CURVE('',#4344,#4345,#5308,.T.);
#3131=EDGE_CURVE('',#4343,#4344,#5309,.T.);
#3132=EDGE_CURVE('',#4342,#4345,#5310,.T.);
#3133=EDGE_CURVE('',#4346,#4335,#5311,.T.);
#3134=EDGE_CURVE('',#4339,#4346,#5312,.T.);
#3135=EDGE_CURVE('',#4345,#4346,#5313,.T.);
#3136=EDGE_CURVE('',#4341,#4338,#5314,.T.);
#3137=EDGE_CURVE('',#4347,#4344,#5315,.T.);
#3138=EDGE_CURVE('',#4348,#4347,#5316,.T.);
#3139=EDGE_CURVE('',#4348,#4349,#5317,.T.);
#3140=EDGE_CURVE('',#4349,#4340,#5318,.T.);
#3141=EDGE_CURVE('',#4350,#4349,#5319,.T.);
#3142=EDGE_CURVE('',#4351,#4348,#5320,.T.);
#3143=EDGE_CURVE('',#4351,#4350,#5321,.T.);
#3144=EDGE_CURVE('',#4352,#4353,#5322,.T.);
#3145=EDGE_CURVE('',#4354,#4353,#5323,.T.);
#3146=EDGE_CURVE('',#4355,#4354,#5324,.T.);
#3147=EDGE_CURVE('',#4355,#4352,#5325,.T.);
#3148=EDGE_CURVE('',#4356,#4357,#5326,.T.);
#3149=EDGE_CURVE('',#4355,#4356,#5327,.T.);
#3150=EDGE_CURVE('',#4354,#4357,#5328,.T.);
#3151=EDGE_CURVE('',#4358,#4347,#5329,.T.);
#3152=EDGE_CURVE('',#4351,#4358,#5330,.T.);
#3153=EDGE_CURVE('',#4357,#4358,#5331,.T.);
#3154=EDGE_CURVE('',#4353,#4350,#5332,.T.);
#3155=EDGE_CURVE('',#4359,#4356,#5333,.T.);
#3156=EDGE_CURVE('',#4360,#4359,#5334,.T.);
#3157=EDGE_CURVE('',#4360,#4361,#5335,.T.);
#3158=EDGE_CURVE('',#4361,#4352,#5336,.T.);
#3159=EDGE_CURVE('',#4362,#4361,#5337,.T.);
#3160=EDGE_CURVE('',#4363,#4360,#5338,.T.);
#3161=EDGE_CURVE('',#4363,#4362,#5339,.T.);
#3162=EDGE_CURVE('',#4364,#4365,#5340,.T.);
#3163=EDGE_CURVE('',#4366,#4365,#5341,.T.);
#3164=EDGE_CURVE('',#4367,#4366,#5342,.T.);
#3165=EDGE_CURVE('',#4367,#4364,#5343,.T.);
#3166=EDGE_CURVE('',#4368,#4369,#5344,.T.);
#3167=EDGE_CURVE('',#4367,#4368,#5345,.T.);
#3168=EDGE_CURVE('',#4366,#4369,#5346,.T.);
#3169=EDGE_CURVE('',#4370,#4359,#5347,.T.);
#3170=EDGE_CURVE('',#4363,#4370,#5348,.T.);
#3171=EDGE_CURVE('',#4369,#4370,#5349,.T.);
#3172=EDGE_CURVE('',#4365,#4362,#5350,.T.);
#3173=EDGE_CURVE('',#4371,#4368,#5351,.T.);
#3174=EDGE_CURVE('',#4372,#4371,#5352,.T.);
#3175=EDGE_CURVE('',#4372,#4373,#5353,.T.);
#3176=EDGE_CURVE('',#4373,#4364,#5354,.T.);
#3177=EDGE_CURVE('',#4374,#4373,#5355,.T.);
#3178=EDGE_CURVE('',#4375,#4372,#5356,.T.);
#3179=EDGE_CURVE('',#4375,#4374,#5357,.T.);
#3180=EDGE_CURVE('',#4376,#4377,#5358,.T.);
#3181=EDGE_CURVE('',#4378,#4377,#5359,.T.);
#3182=EDGE_CURVE('',#4379,#4378,#5360,.T.);
#3183=EDGE_CURVE('',#4379,#4376,#5361,.T.);
#3184=EDGE_CURVE('',#4380,#4381,#5362,.T.);
#3185=EDGE_CURVE('',#4379,#4380,#5363,.T.);
#3186=EDGE_CURVE('',#4378,#4381,#5364,.T.);
#3187=EDGE_CURVE('',#4382,#4371,#5365,.T.);
#3188=EDGE_CURVE('',#4375,#4382,#5366,.T.);
#3189=EDGE_CURVE('',#4381,#4382,#5367,.T.);
#3190=EDGE_CURVE('',#4377,#4374,#5368,.T.);
#3191=EDGE_CURVE('',#4383,#4380,#5369,.T.);
#3192=EDGE_CURVE('',#4384,#4383,#5370,.T.);
#3193=EDGE_CURVE('',#4384,#4385,#5371,.T.);
#3194=EDGE_CURVE('',#4385,#4376,#5372,.T.);
#3195=EDGE_CURVE('',#4386,#4385,#5373,.T.);
#3196=EDGE_CURVE('',#4387,#4384,#5374,.T.);
#3197=EDGE_CURVE('',#4387,#4386,#5375,.T.);
#3198=EDGE_CURVE('',#4388,#4389,#5376,.T.);
#3199=EDGE_CURVE('',#4390,#4389,#5377,.T.);
#3200=EDGE_CURVE('',#4391,#4390,#5378,.T.);
#3201=EDGE_CURVE('',#4391,#4388,#5379,.T.);
#3202=EDGE_CURVE('',#4392,#4393,#5380,.T.);
#3203=EDGE_CURVE('',#4391,#4392,#5381,.T.);
#3204=EDGE_CURVE('',#4390,#4393,#5382,.T.);
#3205=EDGE_CURVE('',#4394,#4383,#5383,.T.);
#3206=EDGE_CURVE('',#4387,#4394,#5384,.T.);
#3207=EDGE_CURVE('',#4393,#4394,#5385,.T.);
#3208=EDGE_CURVE('',#4389,#4386,#5386,.T.);
#3209=EDGE_CURVE('',#4395,#4392,#5387,.T.);
#3210=EDGE_CURVE('',#4396,#4395,#5388,.T.);
#3211=EDGE_CURVE('',#4396,#4397,#5389,.T.);
#3212=EDGE_CURVE('',#4397,#4388,#5390,.T.);
#3213=EDGE_CURVE('',#4398,#4397,#5391,.T.);
#3214=EDGE_CURVE('',#4399,#4396,#5392,.T.);
#3215=EDGE_CURVE('',#4399,#4398,#5393,.T.);
#3216=EDGE_CURVE('',#4400,#4401,#5394,.T.);
#3217=EDGE_CURVE('',#4402,#4401,#5395,.T.);
#3218=EDGE_CURVE('',#4403,#4402,#5396,.T.);
#3219=EDGE_CURVE('',#4403,#4400,#5397,.T.);
#3220=EDGE_CURVE('',#4404,#4405,#5398,.T.);
#3221=EDGE_CURVE('',#4403,#4404,#5399,.T.);
#3222=EDGE_CURVE('',#4402,#4405,#5400,.T.);
#3223=EDGE_CURVE('',#4406,#4395,#5401,.T.);
#3224=EDGE_CURVE('',#4399,#4406,#5402,.T.);
#3225=EDGE_CURVE('',#4405,#4406,#5403,.T.);
#3226=EDGE_CURVE('',#4401,#4398,#5404,.T.);
#3227=EDGE_CURVE('',#4407,#4404,#5405,.T.);
#3228=EDGE_CURVE('',#4408,#4407,#5406,.T.);
#3229=EDGE_CURVE('',#4408,#4409,#5407,.T.);
#3230=EDGE_CURVE('',#4409,#4400,#5408,.T.);
#3231=EDGE_CURVE('',#4410,#4409,#5409,.T.);
#3232=EDGE_CURVE('',#4411,#4408,#5410,.T.);
#3233=EDGE_CURVE('',#4411,#4410,#5411,.T.);
#3234=EDGE_CURVE('',#4412,#4413,#5412,.T.);
#3235=EDGE_CURVE('',#4414,#4413,#5413,.T.);
#3236=EDGE_CURVE('',#4415,#4414,#5414,.T.);
#3237=EDGE_CURVE('',#4415,#4412,#5415,.T.);
#3238=EDGE_CURVE('',#4416,#4417,#5416,.T.);
#3239=EDGE_CURVE('',#4415,#4416,#5417,.T.);
#3240=EDGE_CURVE('',#4414,#4417,#5418,.T.);
#3241=EDGE_CURVE('',#4418,#4407,#5419,.T.);
#3242=EDGE_CURVE('',#4411,#4418,#5420,.T.);
#3243=EDGE_CURVE('',#4417,#4418,#5421,.T.);
#3244=EDGE_CURVE('',#4413,#4410,#5422,.T.);
#3245=EDGE_CURVE('',#4419,#4416,#5423,.T.);
#3246=EDGE_CURVE('',#4420,#4419,#5424,.T.);
#3247=EDGE_CURVE('',#4420,#4421,#5425,.T.);
#3248=EDGE_CURVE('',#4421,#4412,#5426,.T.);
#3249=EDGE_CURVE('',#4422,#4421,#5427,.T.);
#3250=EDGE_CURVE('',#4423,#4420,#5428,.T.);
#3251=EDGE_CURVE('',#4423,#4422,#5429,.T.);
#3252=EDGE_CURVE('',#4424,#4425,#5430,.T.);
#3253=EDGE_CURVE('',#4426,#4425,#5431,.T.);
#3254=EDGE_CURVE('',#4427,#4426,#5432,.T.);
#3255=EDGE_CURVE('',#4427,#4424,#5433,.T.);
#3256=EDGE_CURVE('',#4428,#4429,#5434,.T.);
#3257=EDGE_CURVE('',#4427,#4428,#5435,.T.);
#3258=EDGE_CURVE('',#4426,#4429,#5436,.T.);
#3259=EDGE_CURVE('',#4430,#4419,#5437,.T.);
#3260=EDGE_CURVE('',#4423,#4430,#5438,.T.);
#3261=EDGE_CURVE('',#4429,#4430,#5439,.T.);
#3262=EDGE_CURVE('',#4425,#4422,#5440,.T.);
#3263=EDGE_CURVE('',#4431,#4428,#5441,.T.);
#3264=EDGE_CURVE('',#4432,#4431,#5442,.T.);
#3265=EDGE_CURVE('',#4432,#4433,#5443,.T.);
#3266=EDGE_CURVE('',#4433,#4424,#5444,.T.);
#3267=EDGE_CURVE('',#4434,#4433,#5445,.T.);
#3268=EDGE_CURVE('',#4435,#4432,#5446,.T.);
#3269=EDGE_CURVE('',#4435,#4434,#5447,.T.);
#3270=EDGE_CURVE('',#4436,#4437,#5448,.T.);
#3271=EDGE_CURVE('',#4438,#4437,#5449,.T.);
#3272=EDGE_CURVE('',#4439,#4438,#5450,.T.);
#3273=EDGE_CURVE('',#4439,#4436,#5451,.T.);
#3274=EDGE_CURVE('',#4440,#4441,#5452,.T.);
#3275=EDGE_CURVE('',#4439,#4440,#5453,.T.);
#3276=EDGE_CURVE('',#4438,#4441,#5454,.T.);
#3277=EDGE_CURVE('',#4442,#4431,#5455,.T.);
#3278=EDGE_CURVE('',#4435,#4442,#5456,.T.);
#3279=EDGE_CURVE('',#4441,#4442,#5457,.T.);
#3280=EDGE_CURVE('',#4437,#4434,#5458,.T.);
#3281=EDGE_CURVE('',#4443,#4440,#5459,.T.);
#3282=EDGE_CURVE('',#4444,#4443,#5460,.T.);
#3283=EDGE_CURVE('',#4444,#4445,#5461,.T.);
#3284=EDGE_CURVE('',#4445,#4436,#5462,.T.);
#3285=EDGE_CURVE('',#4446,#4445,#5463,.T.);
#3286=EDGE_CURVE('',#4447,#4444,#5464,.T.);
#3287=EDGE_CURVE('',#4447,#4446,#5465,.T.);
#3288=EDGE_CURVE('',#4448,#4449,#5466,.T.);
#3289=EDGE_CURVE('',#4450,#4449,#5467,.T.);
#3290=EDGE_CURVE('',#4451,#4450,#5468,.T.);
#3291=EDGE_CURVE('',#4451,#4448,#5469,.T.);
#3292=EDGE_CURVE('',#4452,#4453,#5470,.T.);
#3293=EDGE_CURVE('',#4451,#4452,#5471,.T.);
#3294=EDGE_CURVE('',#4450,#4453,#5472,.T.);
#3295=EDGE_CURVE('',#4454,#4443,#5473,.T.);
#3296=EDGE_CURVE('',#4447,#4454,#5474,.T.);
#3297=EDGE_CURVE('',#4453,#4454,#5475,.T.);
#3298=EDGE_CURVE('',#4449,#4446,#5476,.T.);
#3299=EDGE_CURVE('',#4455,#4452,#5477,.T.);
#3300=EDGE_CURVE('',#4456,#4455,#5478,.T.);
#3301=EDGE_CURVE('',#4456,#4457,#5479,.T.);
#3302=EDGE_CURVE('',#4457,#4448,#5480,.T.);
#3303=EDGE_CURVE('',#4458,#4457,#5481,.T.);
#3304=EDGE_CURVE('',#4459,#4456,#5482,.T.);
#3305=EDGE_CURVE('',#4459,#4458,#5483,.T.);
#3306=EDGE_CURVE('',#4460,#4461,#5484,.T.);
#3307=EDGE_CURVE('',#4462,#4461,#5485,.T.);
#3308=EDGE_CURVE('',#4463,#4462,#5486,.T.);
#3309=EDGE_CURVE('',#4463,#4460,#5487,.T.);
#3310=EDGE_CURVE('',#4464,#4465,#5488,.T.);
#3311=EDGE_CURVE('',#4463,#4464,#5489,.T.);
#3312=EDGE_CURVE('',#4462,#4465,#5490,.T.);
#3313=EDGE_CURVE('',#4466,#4455,#5491,.T.);
#3314=EDGE_CURVE('',#4459,#4466,#5492,.T.);
#3315=EDGE_CURVE('',#4465,#4466,#5493,.T.);
#3316=EDGE_CURVE('',#4461,#4458,#5494,.T.);
#3317=EDGE_CURVE('',#4467,#4464,#5495,.T.);
#3318=EDGE_CURVE('',#4468,#4467,#5496,.T.);
#3319=EDGE_CURVE('',#4468,#4469,#5497,.T.);
#3320=EDGE_CURVE('',#4469,#4460,#5498,.T.);
#3321=EDGE_CURVE('',#4470,#4469,#5499,.T.);
#3322=EDGE_CURVE('',#4471,#4468,#5500,.T.);
#3323=EDGE_CURVE('',#4471,#4470,#5501,.T.);
#3324=EDGE_CURVE('',#4472,#4473,#5502,.T.);
#3325=EDGE_CURVE('',#4474,#4473,#5503,.T.);
#3326=EDGE_CURVE('',#4475,#4474,#5504,.T.);
#3327=EDGE_CURVE('',#4475,#4472,#5505,.T.);
#3328=EDGE_CURVE('',#4476,#4477,#5506,.T.);
#3329=EDGE_CURVE('',#4475,#4476,#5507,.T.);
#3330=EDGE_CURVE('',#4474,#4477,#5508,.T.);
#3331=EDGE_CURVE('',#4478,#4467,#5509,.T.);
#3332=EDGE_CURVE('',#4471,#4478,#5510,.T.);
#3333=EDGE_CURVE('',#4477,#4478,#5511,.T.);
#3334=EDGE_CURVE('',#4473,#4470,#5512,.T.);
#3335=EDGE_CURVE('',#4479,#4476,#5513,.T.);
#3336=EDGE_CURVE('',#4480,#4479,#5514,.T.);
#3337=EDGE_CURVE('',#4480,#4481,#5515,.T.);
#3338=EDGE_CURVE('',#4481,#4472,#5516,.T.);
#3339=EDGE_CURVE('',#4482,#4481,#5517,.T.);
#3340=EDGE_CURVE('',#4483,#4480,#5518,.T.);
#3341=EDGE_CURVE('',#4483,#4482,#5519,.T.);
#3342=EDGE_CURVE('',#4484,#4485,#5520,.T.);
#3343=EDGE_CURVE('',#4486,#4485,#5521,.T.);
#3344=EDGE_CURVE('',#4487,#4486,#5522,.T.);
#3345=EDGE_CURVE('',#4487,#4484,#5523,.T.);
#3346=EDGE_CURVE('',#4488,#4489,#5524,.T.);
#3347=EDGE_CURVE('',#4487,#4488,#5525,.T.);
#3348=EDGE_CURVE('',#4486,#4489,#5526,.T.);
#3349=EDGE_CURVE('',#4490,#4479,#5527,.T.);
#3350=EDGE_CURVE('',#4483,#4490,#5528,.T.);
#3351=EDGE_CURVE('',#4489,#4490,#5529,.T.);
#3352=EDGE_CURVE('',#4485,#4482,#5530,.T.);
#3353=EDGE_CURVE('',#4491,#4488,#5531,.T.);
#3354=EDGE_CURVE('',#4492,#4491,#5532,.T.);
#3355=EDGE_CURVE('',#4492,#4493,#5533,.T.);
#3356=EDGE_CURVE('',#4493,#4484,#5534,.T.);
#3357=EDGE_CURVE('',#4494,#4493,#5535,.T.);
#3358=EDGE_CURVE('',#4495,#4492,#5536,.T.);
#3359=EDGE_CURVE('',#4495,#4494,#5537,.T.);
#3360=EDGE_CURVE('',#4496,#4497,#5538,.T.);
#3361=EDGE_CURVE('',#4498,#4497,#5539,.T.);
#3362=EDGE_CURVE('',#4499,#4498,#5540,.T.);
#3363=EDGE_CURVE('',#4499,#4496,#5541,.T.);
#3364=EDGE_CURVE('',#4500,#4501,#5542,.T.);
#3365=EDGE_CURVE('',#4499,#4500,#5543,.T.);
#3366=EDGE_CURVE('',#4498,#4501,#5544,.T.);
#3367=EDGE_CURVE('',#4502,#4491,#5545,.T.);
#3368=EDGE_CURVE('',#4495,#4502,#5546,.T.);
#3369=EDGE_CURVE('',#4501,#4502,#5547,.T.);
#3370=EDGE_CURVE('',#4497,#4494,#5548,.T.);
#3371=EDGE_CURVE('',#4503,#4500,#5549,.T.);
#3372=EDGE_CURVE('',#4504,#4503,#5550,.T.);
#3373=EDGE_CURVE('',#4504,#4505,#5551,.T.);
#3374=EDGE_CURVE('',#4505,#4496,#5552,.T.);
#3375=EDGE_CURVE('',#4506,#4505,#5553,.T.);
#3376=EDGE_CURVE('',#4507,#4504,#5554,.T.);
#3377=EDGE_CURVE('',#4507,#4506,#5555,.T.);
#3378=EDGE_CURVE('',#4508,#4509,#5556,.T.);
#3379=EDGE_CURVE('',#4510,#4509,#5557,.T.);
#3380=EDGE_CURVE('',#4511,#4510,#5558,.T.);
#3381=EDGE_CURVE('',#4511,#4508,#5559,.T.);
#3382=EDGE_CURVE('',#4512,#4513,#5560,.T.);
#3383=EDGE_CURVE('',#4511,#4512,#5561,.T.);
#3384=EDGE_CURVE('',#4510,#4513,#5562,.T.);
#3385=EDGE_CURVE('',#4514,#4503,#5563,.T.);
#3386=EDGE_CURVE('',#4507,#4514,#5564,.T.);
#3387=EDGE_CURVE('',#4513,#4514,#5565,.T.);
#3388=EDGE_CURVE('',#4509,#4506,#5566,.T.);
#3389=EDGE_CURVE('',#4515,#4512,#5567,.T.);
#3390=EDGE_CURVE('',#4516,#4515,#5568,.T.);
#3391=EDGE_CURVE('',#4516,#4517,#5569,.T.);
#3392=EDGE_CURVE('',#4517,#4508,#5570,.T.);
#3393=EDGE_CURVE('',#4518,#4517,#5571,.T.);
#3394=EDGE_CURVE('',#4519,#4516,#5572,.T.);
#3395=EDGE_CURVE('',#4519,#4518,#5573,.T.);
#3396=EDGE_CURVE('',#4520,#4521,#5574,.T.);
#3397=EDGE_CURVE('',#4522,#4521,#5575,.T.);
#3398=EDGE_CURVE('',#4523,#4522,#5576,.T.);
#3399=EDGE_CURVE('',#4523,#4520,#5577,.T.);
#3400=EDGE_CURVE('',#4524,#4525,#5578,.T.);
#3401=EDGE_CURVE('',#4523,#4524,#5579,.T.);
#3402=EDGE_CURVE('',#4522,#4525,#5580,.T.);
#3403=EDGE_CURVE('',#4526,#4515,#5581,.T.);
#3404=EDGE_CURVE('',#4519,#4526,#5582,.T.);
#3405=EDGE_CURVE('',#4525,#4526,#5583,.T.);
#3406=EDGE_CURVE('',#4521,#4518,#5584,.T.);
#3407=EDGE_CURVE('',#4527,#4524,#5585,.T.);
#3408=EDGE_CURVE('',#4528,#4527,#5586,.T.);
#3409=EDGE_CURVE('',#4528,#4529,#5587,.T.);
#3410=EDGE_CURVE('',#4529,#4520,#5588,.T.);
#3411=EDGE_CURVE('',#4530,#4529,#5589,.T.);
#3412=EDGE_CURVE('',#4531,#4528,#5590,.T.);
#3413=EDGE_CURVE('',#4531,#4530,#5591,.T.);
#3414=EDGE_CURVE('',#4532,#4533,#5592,.T.);
#3415=EDGE_CURVE('',#4534,#4533,#5593,.T.);
#3416=EDGE_CURVE('',#4535,#4534,#5594,.T.);
#3417=EDGE_CURVE('',#4535,#4532,#5595,.T.);
#3418=EDGE_CURVE('',#4536,#4537,#5596,.T.);
#3419=EDGE_CURVE('',#4535,#4536,#5597,.T.);
#3420=EDGE_CURVE('',#4534,#4537,#5598,.T.);
#3421=EDGE_CURVE('',#4538,#4527,#5599,.T.);
#3422=EDGE_CURVE('',#4531,#4538,#5600,.T.);
#3423=EDGE_CURVE('',#4537,#4538,#5601,.T.);
#3424=EDGE_CURVE('',#4533,#4530,#5602,.T.);
#3425=EDGE_CURVE('',#4539,#4536,#5603,.T.);
#3426=EDGE_CURVE('',#4540,#4539,#5604,.T.);
#3427=EDGE_CURVE('',#4540,#4541,#5605,.T.);
#3428=EDGE_CURVE('',#4541,#4532,#5606,.T.);
#3429=EDGE_CURVE('',#4542,#4541,#5607,.T.);
#3430=EDGE_CURVE('',#4543,#4540,#5608,.T.);
#3431=EDGE_CURVE('',#4543,#4542,#5609,.T.);
#3432=EDGE_CURVE('',#4544,#4545,#5610,.T.);
#3433=EDGE_CURVE('',#4546,#4545,#5611,.T.);
#3434=EDGE_CURVE('',#4547,#4546,#5612,.T.);
#3435=EDGE_CURVE('',#4547,#4544,#5613,.T.);
#3436=EDGE_CURVE('',#4548,#4549,#5614,.T.);
#3437=EDGE_CURVE('',#4547,#4548,#5615,.T.);
#3438=EDGE_CURVE('',#4546,#4549,#5616,.T.);
#3439=EDGE_CURVE('',#4550,#4539,#5617,.T.);
#3440=EDGE_CURVE('',#4543,#4550,#5618,.T.);
#3441=EDGE_CURVE('',#4549,#4550,#5619,.T.);
#3442=EDGE_CURVE('',#4545,#4542,#5620,.T.);
#3443=EDGE_CURVE('',#4551,#4548,#5621,.T.);
#3444=EDGE_CURVE('',#4552,#4551,#5622,.T.);
#3445=EDGE_CURVE('',#4552,#4553,#5623,.T.);
#3446=EDGE_CURVE('',#4553,#4544,#5624,.T.);
#3447=EDGE_CURVE('',#4554,#4553,#5625,.T.);
#3448=EDGE_CURVE('',#4555,#4552,#5626,.T.);
#3449=EDGE_CURVE('',#4555,#4554,#5627,.T.);
#3450=EDGE_CURVE('',#4556,#4557,#5628,.T.);
#3451=EDGE_CURVE('',#4558,#4557,#5629,.T.);
#3452=EDGE_CURVE('',#4559,#4558,#5630,.T.);
#3453=EDGE_CURVE('',#4559,#4556,#5631,.T.);
#3454=EDGE_CURVE('',#4560,#4561,#5632,.T.);
#3455=EDGE_CURVE('',#4559,#4560,#5633,.T.);
#3456=EDGE_CURVE('',#4558,#4561,#5634,.T.);
#3457=EDGE_CURVE('',#4562,#4551,#5635,.T.);
#3458=EDGE_CURVE('',#4555,#4562,#5636,.T.);
#3459=EDGE_CURVE('',#4561,#4562,#5637,.T.);
#3460=EDGE_CURVE('',#4557,#4554,#5638,.T.);
#3461=EDGE_CURVE('',#4563,#4560,#5639,.T.);
#3462=EDGE_CURVE('',#4564,#4563,#5640,.T.);
#3463=EDGE_CURVE('',#4564,#4565,#5641,.T.);
#3464=EDGE_CURVE('',#4565,#4556,#5642,.T.);
#3465=EDGE_CURVE('',#4566,#4565,#5643,.T.);
#3466=EDGE_CURVE('',#4567,#4564,#5644,.T.);
#3467=EDGE_CURVE('',#4567,#4566,#5645,.T.);
#3468=EDGE_CURVE('',#4568,#4569,#5646,.T.);
#3469=EDGE_CURVE('',#4570,#4569,#5647,.T.);
#3470=EDGE_CURVE('',#4571,#4570,#5648,.T.);
#3471=EDGE_CURVE('',#4571,#4568,#5649,.T.);
#3472=EDGE_CURVE('',#4572,#4573,#5650,.T.);
#3473=EDGE_CURVE('',#4571,#4572,#5651,.T.);
#3474=EDGE_CURVE('',#4570,#4573,#5652,.T.);
#3475=EDGE_CURVE('',#4574,#4563,#5653,.T.);
#3476=EDGE_CURVE('',#4567,#4574,#5654,.T.);
#3477=EDGE_CURVE('',#4573,#4574,#5655,.T.);
#3478=EDGE_CURVE('',#4569,#4566,#5656,.T.);
#3479=EDGE_CURVE('',#4575,#4572,#5657,.T.);
#3480=EDGE_CURVE('',#4576,#4575,#5658,.T.);
#3481=EDGE_CURVE('',#4576,#4577,#5659,.T.);
#3482=EDGE_CURVE('',#4577,#4568,#5660,.T.);
#3483=EDGE_CURVE('',#4578,#4577,#5661,.T.);
#3484=EDGE_CURVE('',#4579,#4576,#5662,.T.);
#3485=EDGE_CURVE('',#4579,#4578,#5663,.T.);
#3486=EDGE_CURVE('',#4580,#4581,#5664,.T.);
#3487=EDGE_CURVE('',#4582,#4581,#5665,.T.);
#3488=EDGE_CURVE('',#4583,#4582,#5666,.T.);
#3489=EDGE_CURVE('',#4583,#4580,#5667,.T.);
#3490=EDGE_CURVE('',#4584,#4585,#5668,.T.);
#3491=EDGE_CURVE('',#4583,#4584,#5669,.T.);
#3492=EDGE_CURVE('',#4582,#4585,#5670,.T.);
#3493=EDGE_CURVE('',#4586,#4575,#5671,.T.);
#3494=EDGE_CURVE('',#4579,#4586,#5672,.T.);
#3495=EDGE_CURVE('',#4585,#4586,#5673,.T.);
#3496=EDGE_CURVE('',#4581,#4578,#5674,.T.);
#3497=EDGE_CURVE('',#4587,#4584,#5675,.T.);
#3498=EDGE_CURVE('',#4588,#4587,#5676,.T.);
#3499=EDGE_CURVE('',#4588,#4589,#5677,.T.);
#3500=EDGE_CURVE('',#4589,#4580,#5678,.T.);
#3501=EDGE_CURVE('',#4590,#4589,#5679,.T.);
#3502=EDGE_CURVE('',#4591,#4588,#5680,.T.);
#3503=EDGE_CURVE('',#4591,#4590,#5681,.T.);
#3504=EDGE_CURVE('',#4592,#4593,#5682,.T.);
#3505=EDGE_CURVE('',#4594,#4593,#5683,.T.);
#3506=EDGE_CURVE('',#4595,#4594,#5684,.T.);
#3507=EDGE_CURVE('',#4595,#4592,#5685,.T.);
#3508=EDGE_CURVE('',#4596,#4597,#5686,.T.);
#3509=EDGE_CURVE('',#4595,#4596,#5687,.T.);
#3510=EDGE_CURVE('',#4594,#4597,#5688,.T.);
#3511=EDGE_CURVE('',#4598,#4587,#5689,.T.);
#3512=EDGE_CURVE('',#4591,#4598,#5690,.T.);
#3513=EDGE_CURVE('',#4597,#4598,#5691,.T.);
#3514=EDGE_CURVE('',#4593,#4590,#5692,.T.);
#3515=EDGE_CURVE('',#4599,#4600,#5693,.T.);
#3516=EDGE_CURVE('',#4601,#4599,#5694,.T.);
#3517=EDGE_CURVE('',#4601,#4602,#5695,.T.);
#3518=EDGE_CURVE('',#4602,#4600,#5696,.T.);
#3519=EDGE_CURVE('',#4603,#4599,#5697,.T.);
#3520=EDGE_CURVE('',#4604,#4603,#5698,.T.);
#3521=EDGE_CURVE('',#4604,#4605,#5699,.T.);
#3522=EDGE_CURVE('',#4605,#4606,#5700,.T.);
#3523=EDGE_CURVE('',#4601,#4606,#5701,.T.);
#3524=EDGE_CURVE('',#4603,#4607,#5702,.T.);
#3525=EDGE_CURVE('',#4608,#4607,#5703,.T.);
#3526=EDGE_CURVE('',#4604,#4608,#5704,.T.);
#3527=EDGE_CURVE('',#4607,#4609,#5705,.T.);
#3528=EDGE_CURVE('',#4610,#4609,#5706,.T.);
#3529=EDGE_CURVE('',#4610,#4611,#5707,.T.);
#3530=EDGE_CURVE('',#4612,#4611,#5708,.T.);
#3531=EDGE_CURVE('',#4608,#4612,#5709,.T.);
#3532=EDGE_CURVE('',#4153,#4609,#5710,.T.);
#3533=EDGE_CURVE('',#4157,#4610,#5711,.T.);
#3534=EDGE_CURVE('',#4613,#4596,#5712,.T.);
#3535=EDGE_CURVE('',#4614,#4613,#5713,.T.);
#3536=EDGE_CURVE('',#4614,#4615,#5714,.T.);
#3537=EDGE_CURVE('',#4615,#4592,#5715,.T.);
#3538=EDGE_CURVE('',#4616,#4613,#5716,.T.);
#3539=EDGE_CURVE('',#4617,#4616,#5717,.T.);
#3540=EDGE_CURVE('',#4617,#4614,#5718,.T.);
#3541=EDGE_CURVE('',#4600,#4616,#5719,.T.);
#3542=EDGE_CURVE('',#4602,#4618,#5720,.T.);
#3543=EDGE_CURVE('',#4618,#4619,#5721,.T.);
#3544=EDGE_CURVE('',#4617,#4619,#5722,.T.);
#3545=EDGE_CURVE('',#4606,#4618,#5723,.T.);
#3546=EDGE_CURVE('',#4605,#4612,#5724,.T.);
#3547=EDGE_CURVE('',#4156,#4611,#5725,.T.);
#3548=EDGE_CURVE('',#4619,#4615,#5726,.T.);
#3549=EDGE_CURVE('',#4620,#4621,#5727,.T.);
#3550=EDGE_CURVE('',#4622,#4620,#58,.F.);
#3551=EDGE_CURVE('',#4622,#4623,#5728,.T.);
#3552=EDGE_CURVE('',#4623,#4621,#59,.F.);
#3553=EDGE_CURVE('',#4624,#4625,#5729,.T.);
#3554=EDGE_CURVE('',#4626,#4624,#60,.F.);
#3555=EDGE_CURVE('',#4626,#4627,#5730,.T.);
#3556=EDGE_CURVE('',#4627,#4625,#61,.F.);
#3557=EDGE_CURVE('',#4628,#4629,#5731,.T.);
#3558=EDGE_CURVE('',#4630,#4628,#62,.F.);
#3559=EDGE_CURVE('',#4631,#4630,#5732,.T.);
#3560=EDGE_CURVE('',#4631,#4629,#63,.F.);
#3561=EDGE_CURVE('',#4632,#4633,#64,.F.);
#3562=EDGE_CURVE('',#4632,#4634,#5733,.T.);
#3563=EDGE_CURVE('',#4634,#4635,#65,.F.);
#3564=EDGE_CURVE('',#4633,#4635,#5734,.T.);
#3565=EDGE_CURVE('',#4636,#4637,#5735,.T.);
#3566=EDGE_CURVE('',#4638,#4636,#66,.F.);
#3567=EDGE_CURVE('',#4638,#4639,#5736,.T.);
#3568=EDGE_CURVE('',#4639,#4637,#67,.F.);
#3569=EDGE_CURVE('',#4640,#4641,#68,.F.);
#3570=EDGE_CURVE('',#4640,#4642,#5737,.T.);
#3571=EDGE_CURVE('',#4642,#4643,#69,.F.);
#3572=EDGE_CURVE('',#4641,#4643,#5738,.T.);
#3573=EDGE_CURVE('',#4644,#4645,#70,.F.);
#3574=EDGE_CURVE('',#4645,#4646,#5739,.T.);
#3575=EDGE_CURVE('',#4646,#4647,#71,.F.);
#3576=EDGE_CURVE('',#4648,#4647,#5740,.T.);
#3577=EDGE_CURVE('',#4648,#4649,#72,.F.);
#3578=EDGE_CURVE('',#4649,#4650,#5741,.T.);
#3579=EDGE_CURVE('',#4650,#4651,#73,.F.);
#3580=EDGE_CURVE('',#4652,#4651,#5742,.T.);
#3581=EDGE_CURVE('',#4652,#4653,#74,.F.);
#3582=EDGE_CURVE('',#4653,#4654,#5743,.T.);
#3583=EDGE_CURVE('',#4654,#4655,#75,.F.);
#3584=EDGE_CURVE('',#4656,#4655,#5744,.T.);
#3585=EDGE_CURVE('',#4656,#4657,#76,.F.);
#3586=EDGE_CURVE('',#4657,#4658,#5745,.T.);
#3587=EDGE_CURVE('',#4658,#4659,#77,.F.);
#3588=EDGE_CURVE('',#4660,#4659,#5746,.T.);
#3589=EDGE_CURVE('',#4660,#4661,#78,.F.);
#3590=EDGE_CURVE('',#4661,#4662,#5747,.T.);
#3591=EDGE_CURVE('',#4662,#4663,#79,.F.);
#3592=EDGE_CURVE('',#4664,#4663,#5748,.T.);
#3593=EDGE_CURVE('',#4664,#4665,#80,.F.);
#3594=EDGE_CURVE('',#4665,#4666,#5749,.T.);
#3595=EDGE_CURVE('',#4666,#4667,#81,.F.);
#3596=EDGE_CURVE('',#4644,#4667,#5750,.T.);
#3597=EDGE_CURVE('',#4668,#4669,#82,.T.);
#3598=EDGE_CURVE('',#4669,#4621,#5751,.T.);
#3599=EDGE_CURVE('',#4670,#4623,#5752,.T.);
#3600=EDGE_CURVE('',#4671,#4670,#83,.F.);
#3601=EDGE_CURVE('',#4671,#4625,#5753,.T.);
#3602=EDGE_CURVE('',#4627,#4672,#5754,.T.);
#3603=EDGE_CURVE('',#4672,#4673,#20,.T.);
#3604=EDGE_CURVE('',#4674,#4673,#5755,.T.);
#3605=EDGE_CURVE('',#4674,#4675,#84,.T.);
#3606=EDGE_CURVE('',#4675,#4643,#5756,.T.);
#3607=EDGE_CURVE('',#4676,#4642,#5757,.T.);
#3608=EDGE_CURVE('',#4676,#4677,#85,.T.);
#3609=EDGE_CURVE('',#4677,#4637,#5758,.T.);
#3610=EDGE_CURVE('',#4639,#4678,#12,.F.);
#3611=EDGE_CURVE('',#4678,#4679,#21,.T.);
#3612=EDGE_CURVE('',#4680,#4679,#13,.F.);
#3613=EDGE_CURVE('',#4681,#4680,#86,.F.);
#3614=EDGE_CURVE('',#4682,#4681,#5759,.T.);
#3615=EDGE_CURVE('',#4683,#4682,#87,.T.);
#3616=EDGE_CURVE('',#4683,#4635,#5760,.T.);
#3617=EDGE_CURVE('',#4684,#4634,#5761,.T.);
#3618=EDGE_CURVE('',#4685,#4684,#88,.T.);
#3619=EDGE_CURVE('',#4685,#4629,#5762,.T.);
#3620=EDGE_CURVE('',#4686,#4631,#5763,.F.);
#3621=EDGE_CURVE('',#4686,#4687,#22,.T.);
#3622=EDGE_CURVE('',#4687,#4668,#5764,.F.);
#3623=EDGE_CURVE('',#4688,#4689,#89,.F.);
#3624=EDGE_CURVE('',#4688,#4690,#5765,.T.);
#3625=EDGE_CURVE('',#4691,#4690,#90,.F.);
#3626=EDGE_CURVE('',#4692,#4691,#5766,.T.);
#3627=EDGE_CURVE('',#4693,#4692,#91,.F.);
#3628=EDGE_CURVE('',#4693,#4694,#5767,.T.);
#3629=EDGE_CURVE('',#4695,#4694,#92,.F.);
#3630=EDGE_CURVE('',#4696,#4695,#5768,.T.);
#3631=EDGE_CURVE('',#4697,#4696,#93,.F.);
#3632=EDGE_CURVE('',#4697,#4698,#5769,.T.);
#3633=EDGE_CURVE('',#4699,#4698,#94,.F.);
#3634=EDGE_CURVE('',#4700,#4699,#5770,.T.);
#3635=EDGE_CURVE('',#4701,#4700,#95,.F.);
#3636=EDGE_CURVE('',#4701,#4702,#5771,.T.);
#3637=EDGE_CURVE('',#4703,#4702,#96,.F.);
#3638=EDGE_CURVE('',#4704,#4703,#5772,.T.);
#3639=EDGE_CURVE('',#4705,#4704,#97,.F.);
#3640=EDGE_CURVE('',#4705,#4706,#5773,.T.);
#3641=EDGE_CURVE('',#4707,#4706,#98,.F.);
#3642=EDGE_CURVE('',#4708,#4707,#5774,.T.);
#3643=EDGE_CURVE('',#4709,#4708,#99,.F.);
#3644=EDGE_CURVE('',#4709,#4710,#5775,.T.);
#3645=EDGE_CURVE('',#4711,#4710,#100,.F.);
#3646=EDGE_CURVE('',#4689,#4711,#5776,.T.);
#3647=EDGE_CURVE('',#4712,#4713,#101,.T.);
#3648=EDGE_CURVE('',#4714,#4712,#5777,.F.);
#3649=EDGE_CURVE('',#4715,#4714,#23,.T.);
#3650=EDGE_CURVE('',#4715,#4630,#5778,.F.);
#3651=EDGE_CURVE('',#4716,#4628,#5779,.T.);
#3652=EDGE_CURVE('',#4716,#4717,#102,.T.);
#3653=EDGE_CURVE('',#4717,#4632,#5780,.T.);
#3654=EDGE_CURVE('',#4718,#4633,#5781,.T.);
#3655=EDGE_CURVE('',#4718,#4719,#103,.T.);
#3656=EDGE_CURVE('',#4719,#4720,#5782,.T.);
#3657=EDGE_CURVE('',#4720,#4721,#104,.F.);
#3658=EDGE_CURVE('',#4721,#4722,#14,.F.);
#3659=EDGE_CURVE('',#4723,#4722,#24,.T.);
#3660=EDGE_CURVE('',#4638,#4723,#15,.F.);
#3661=EDGE_CURVE('',#4724,#4636,#5783,.T.);
#3662=EDGE_CURVE('',#4725,#4724,#105,.T.);
#3663=EDGE_CURVE('',#4725,#4640,#5784,.T.);
#3664=EDGE_CURVE('',#4726,#4641,#5785,.T.);
#3665=EDGE_CURVE('',#4727,#4726,#106,.T.);
#3666=EDGE_CURVE('',#4727,#4728,#5786,.T.);
#3667=EDGE_CURVE('',#4729,#4728,#25,.T.);
#3668=EDGE_CURVE('',#4626,#4729,#5787,.T.);
#3669=EDGE_CURVE('',#4730,#4624,#5788,.T.);
#3670=EDGE_CURVE('',#4731,#4730,#107,.T.);
#3671=EDGE_CURVE('',#4731,#4622,#5789,.T.);
#3672=EDGE_CURVE('',#4713,#4620,#5790,.T.);
#3673=EDGE_CURVE('',#4690,#4667,#5791,.T.);
#3674=EDGE_CURVE('',#4691,#4666,#5792,.T.);
#3675=EDGE_CURVE('',#4711,#4646,#5793,.T.);
#3676=EDGE_CURVE('',#4710,#4647,#5794,.T.);
#3677=EDGE_CURVE('',#4707,#4650,#5795,.T.);
#3678=EDGE_CURVE('',#4706,#4651,#5796,.T.);
#3679=EDGE_CURVE('',#4703,#4654,#5797,.T.);
#3680=EDGE_CURVE('',#4702,#4655,#5798,.T.);
#3681=EDGE_CURVE('',#4694,#4663,#5799,.T.);
#3682=EDGE_CURVE('',#4695,#4662,#5800,.T.);
#3683=EDGE_CURVE('',#4727,#4674,#5801,.T.);
#3684=EDGE_CURVE('',#4673,#4728,#5802,.T.);
#3685=EDGE_CURVE('',#4672,#4729,#5803,.T.);
#3686=EDGE_CURVE('',#4668,#4712,#5804,.T.);
#3687=EDGE_CURVE('',#4714,#4687,#5805,.T.);
#3688=EDGE_CURVE('',#4715,#4686,#5806,.T.);
#3689=EDGE_CURVE('',#4720,#4681,#5807,.T.);
#3690=EDGE_CURVE('',#4721,#4680,#5808,.T.);
#3691=EDGE_CURVE('',#4679,#4722,#5809,.T.);
#3692=EDGE_CURVE('',#4678,#4723,#5810,.T.);
#3693=EDGE_CURVE('',#4699,#4658,#5811,.T.);
#3694=EDGE_CURVE('',#4698,#4659,#5812,.T.);
#3695=EDGE_CURVE('',#4697,#4660,#5813,.T.);
#3696=EDGE_CURVE('',#4696,#4661,#5814,.T.);
#3697=EDGE_CURVE('',#4693,#4664,#5815,.T.);
#3698=EDGE_CURVE('',#4692,#4665,#5816,.T.);
#3699=EDGE_CURVE('',#4700,#4657,#5817,.T.);
#3700=EDGE_CURVE('',#4701,#4656,#5818,.T.);
#3701=EDGE_CURVE('',#4704,#4653,#5819,.T.);
#3702=EDGE_CURVE('',#4705,#4652,#5820,.T.);
#3703=EDGE_CURVE('',#4708,#4649,#5821,.T.);
#3704=EDGE_CURVE('',#4709,#4648,#5822,.T.);
#3705=EDGE_CURVE('',#4689,#4645,#5823,.T.);
#3706=EDGE_CURVE('',#4688,#4644,#5824,.T.);
#3707=EDGE_CURVE('',#4730,#4671,#5825,.T.);
#3708=EDGE_CURVE('',#4731,#4670,#5826,.T.);
#3709=EDGE_CURVE('',#4724,#4677,#5827,.T.);
#3710=EDGE_CURVE('',#4725,#4676,#5828,.T.);
#3711=EDGE_CURVE('',#4719,#4682,#5829,.T.);
#3712=EDGE_CURVE('',#4718,#4683,#5830,.T.);
#3713=EDGE_CURVE('',#4716,#4685,#5831,.T.);
#3714=EDGE_CURVE('',#4717,#4684,#5832,.T.);
#3715=EDGE_CURVE('',#4726,#4675,#5833,.T.);
#3716=EDGE_CURVE('',#4713,#4669,#5834,.T.);
#3717=EDGE_CURVE('',#4732,#4733,#108,.F.);
#3718=EDGE_CURVE('',#4732,#4734,#5835,.T.);
#3719=EDGE_CURVE('',#4734,#4735,#109,.F.);
#3720=EDGE_CURVE('',#4733,#4735,#5836,.T.);
#3721=EDGE_CURVE('',#4736,#4737,#110,.F.);
#3722=EDGE_CURVE('',#4736,#4738,#5837,.T.);
#3723=EDGE_CURVE('',#4739,#4738,#111,.F.);
#3724=EDGE_CURVE('',#4740,#4739,#5838,.T.);
#3725=EDGE_CURVE('',#4741,#4740,#5839,.T.);
#3726=EDGE_CURVE('',#4741,#4742,#5840,.T.);
#3727=EDGE_CURVE('',#4742,#4743,#112,.F.);
#3728=EDGE_CURVE('',#4737,#4743,#5841,.T.);
#3729=EDGE_CURVE('',#4744,#4745,#113,.F.);
#3730=EDGE_CURVE('',#4744,#4746,#5842,.T.);
#3731=EDGE_CURVE('',#4746,#4747,#114,.F.);
#3732=EDGE_CURVE('',#4745,#4747,#5843,.T.);
#3733=EDGE_CURVE('',#4748,#4749,#115,.F.);
#3734=EDGE_CURVE('',#4748,#4750,#5844,.T.);
#3735=EDGE_CURVE('',#4750,#4751,#116,.F.);
#3736=EDGE_CURVE('',#4749,#4751,#5845,.T.);
#3737=EDGE_CURVE('',#4752,#4753,#5846,.T.);
#3738=EDGE_CURVE('',#4754,#4752,#117,.F.);
#3739=EDGE_CURVE('',#4754,#4755,#5847,.T.);
#3740=EDGE_CURVE('',#4756,#4755,#118,.F.);
#3741=EDGE_CURVE('',#4757,#4756,#5848,.T.);
#3742=EDGE_CURVE('',#4757,#4758,#5849,.T.);
#3743=EDGE_CURVE('',#4758,#4759,#5850,.T.);
#3744=EDGE_CURVE('',#4759,#4753,#119,.F.);
#3745=EDGE_CURVE('',#4760,#4761,#5851,.T.);
#3746=EDGE_CURVE('',#4762,#4760,#120,.F.);
#3747=EDGE_CURVE('',#4762,#4763,#5852,.T.);
#3748=EDGE_CURVE('',#4763,#4761,#121,.F.);
#3749=EDGE_CURVE('',#4759,#4764,#5853,.T.);
#3750=EDGE_CURVE('',#4765,#4764,#122,.T.);
#3751=EDGE_CURVE('',#4739,#4765,#5854,.T.);
#3752=EDGE_CURVE('',#4766,#4738,#5855,.T.);
#3753=EDGE_CURVE('',#4767,#4766,#123,.F.);
#3754=EDGE_CURVE('',#4767,#4761,#5856,.T.);
#3755=EDGE_CURVE('',#4768,#4763,#5857,.T.);
#3756=EDGE_CURVE('',#4769,#4768,#124,.F.);
#3757=EDGE_CURVE('',#4769,#4735,#5858,.T.);
#3758=EDGE_CURVE('',#4770,#4734,#5859,.T.);
#3759=EDGE_CURVE('',#4771,#4770,#125,.F.);
#3760=EDGE_CURVE('',#4771,#4753,#5860,.T.);
#3761=EDGE_CURVE('',#4742,#4772,#5861,.T.);
#3762=EDGE_CURVE('',#4773,#4772,#126,.T.);
#3763=EDGE_CURVE('',#4756,#4773,#5862,.T.);
#3764=EDGE_CURVE('',#4774,#4755,#5863,.T.);
#3765=EDGE_CURVE('',#4775,#4774,#127,.F.);
#3766=EDGE_CURVE('',#4775,#4751,#5864,.T.);
#3767=EDGE_CURVE('',#4776,#4750,#5865,.T.);
#3768=EDGE_CURVE('',#4777,#4776,#128,.F.);
#3769=EDGE_CURVE('',#4777,#4747,#5866,.T.);
#3770=EDGE_CURVE('',#4778,#4746,#5867,.T.);
#3771=EDGE_CURVE('',#4779,#4778,#129,.F.);
#3772=EDGE_CURVE('',#4779,#4743,#5868,.T.);
#3773=EDGE_CURVE('',#4780,#4745,#5869,.T.);
#3774=EDGE_CURVE('',#4780,#4781,#130,.F.);
#3775=EDGE_CURVE('',#4781,#4748,#5870,.T.);
#3776=EDGE_CURVE('',#4782,#4749,#5871,.T.);
#3777=EDGE_CURVE('',#4782,#4783,#131,.F.);
#3778=EDGE_CURVE('',#4783,#4754,#5872,.T.);
#3779=EDGE_CURVE('',#4784,#4752,#5873,.T.);
#3780=EDGE_CURVE('',#4784,#4785,#132,.F.);
#3781=EDGE_CURVE('',#4785,#4732,#5874,.T.);
#3782=EDGE_CURVE('',#4786,#4733,#5875,.T.);
#3783=EDGE_CURVE('',#4786,#4787,#133,.F.);
#3784=EDGE_CURVE('',#4787,#4762,#5876,.T.);
#3785=EDGE_CURVE('',#4788,#4760,#5877,.T.);
#3786=EDGE_CURVE('',#4788,#4789,#134,.F.);
#3787=EDGE_CURVE('',#4789,#4736,#5878,.T.);
#3788=EDGE_CURVE('',#4790,#4737,#5879,.T.);
#3789=EDGE_CURVE('',#4790,#4791,#135,.F.);
#3790=EDGE_CURVE('',#4791,#4744,#5880,.T.);
#3791=EDGE_CURVE('',#4792,#4792,#136,.T.);
#3792=EDGE_CURVE('',#4772,#4793,#5881,.T.);
#3793=EDGE_CURVE('',#4793,#4794,#5882,.T.);
#3794=EDGE_CURVE('',#4765,#4794,#5883,.T.);
#3795=EDGE_CURVE('',#4795,#4764,#5884,.T.);
#3796=EDGE_CURVE('',#4796,#4795,#5885,.T.);
#3797=EDGE_CURVE('',#4796,#4773,#5886,.T.);
#3798=EDGE_CURVE('',#4797,#4798,#5887,.T.);
#3799=EDGE_CURVE('',#4797,#4799,#5888,.T.);
#3800=EDGE_CURVE('',#4799,#4800,#5889,.T.);
#3801=EDGE_CURVE('',#4798,#4800,#5890,.T.);
#3802=EDGE_CURVE('',#4801,#4802,#5891,.T.);
#3803=EDGE_CURVE('',#4801,#4803,#5892,.T.);
#3804=EDGE_CURVE('',#4803,#4804,#5893,.T.);
#3805=EDGE_CURVE('',#4802,#4804,#5894,.T.);
#3806=EDGE_CURVE('',#4805,#4806,#5895,.T.);
#3807=EDGE_CURVE('',#4806,#4807,#5896,.T.);
#3808=EDGE_CURVE('',#4808,#4807,#5897,.T.);
#3809=EDGE_CURVE('',#4808,#4805,#5898,.T.);
#3810=EDGE_CURVE('',#4809,#4810,#5899,.T.);
#3811=EDGE_CURVE('',#4809,#4811,#5900,.T.);
#3812=EDGE_CURVE('',#4811,#4812,#5901,.T.);
#3813=EDGE_CURVE('',#4810,#4812,#5902,.T.);
#3814=EDGE_CURVE('',#4813,#4814,#5903,.T.);
#3815=EDGE_CURVE('',#4813,#4815,#5904,.T.);
#3816=EDGE_CURVE('',#4815,#4816,#5905,.T.);
#3817=EDGE_CURVE('',#4814,#4816,#5906,.T.);
#3818=EDGE_CURVE('',#4807,#4817,#5907,.T.);
#3819=EDGE_CURVE('',#4817,#4818,#137,.T.);
#3820=EDGE_CURVE('',#4810,#4818,#5908,.T.);
#3821=EDGE_CURVE('',#4812,#4819,#5909,.T.);
#3822=EDGE_CURVE('',#4819,#4820,#138,.T.);
#3823=EDGE_CURVE('',#4814,#4820,#5910,.T.);
#3824=EDGE_CURVE('',#4816,#4821,#5911,.T.);
#3825=EDGE_CURVE('',#4821,#4822,#139,.T.);
#3826=EDGE_CURVE('',#4795,#4822,#5912,.T.);
#3827=EDGE_CURVE('',#4758,#4808,#5913,.T.);
#3828=EDGE_CURVE('',#4806,#4823,#5914,.T.);
#3829=EDGE_CURVE('',#4757,#4805,#5915,.T.);
#3830=EDGE_CURVE('',#4796,#4824,#5916,.T.);
#3831=EDGE_CURVE('',#4825,#4824,#140,.T.);
#3832=EDGE_CURVE('',#4815,#4825,#5917,.T.);
#3833=EDGE_CURVE('',#4813,#4826,#5918,.T.);
#3834=EDGE_CURVE('',#4827,#4826,#141,.T.);
#3835=EDGE_CURVE('',#4811,#4827,#5919,.T.);
#3836=EDGE_CURVE('',#4809,#4828,#5920,.T.);
#3837=EDGE_CURVE('',#4823,#4828,#142,.T.);
#3838=EDGE_CURVE('',#4829,#4830,#5921,.T.);
#3839=EDGE_CURVE('',#4829,#4831,#5922,.T.);
#3840=EDGE_CURVE('',#4832,#4831,#5923,.T.);
#3841=EDGE_CURVE('',#4830,#4832,#5924,.T.);
#3842=EDGE_CURVE('',#4794,#4833,#5925,.T.);
#3843=EDGE_CURVE('',#4834,#4833,#143,.T.);
#3844=EDGE_CURVE('',#4798,#4834,#5926,.T.);
#3845=EDGE_CURVE('',#4800,#4835,#5927,.T.);
#3846=EDGE_CURVE('',#4836,#4835,#144,.T.);
#3847=EDGE_CURVE('',#4802,#4836,#5928,.T.);
#3848=EDGE_CURVE('',#4804,#4837,#5929,.T.);
#3849=EDGE_CURVE('',#4838,#4837,#145,.T.);
#3850=EDGE_CURVE('',#4830,#4838,#5930,.T.);
#3851=EDGE_CURVE('',#4740,#4832,#5931,.T.);
#3852=EDGE_CURVE('',#4793,#4839,#5932,.T.);
#3853=EDGE_CURVE('',#4741,#4831,#5933,.T.);
#3854=EDGE_CURVE('',#4829,#4840,#5934,.T.);
#3855=EDGE_CURVE('',#4840,#4841,#146,.F.);
#3856=EDGE_CURVE('',#4803,#4841,#5935,.T.);
#3857=EDGE_CURVE('',#4801,#4842,#5936,.T.);
#3858=EDGE_CURVE('',#4842,#4843,#147,.F.);
#3859=EDGE_CURVE('',#4799,#4843,#5937,.T.);
#3860=EDGE_CURVE('',#4797,#4844,#5938,.T.);
#3861=EDGE_CURVE('',#4844,#4839,#148,.F.);
#3862=EDGE_CURVE('',#4825,#4821,#5939,.T.);
#3863=EDGE_CURVE('',#4824,#4822,#5940,.T.);
#3864=EDGE_CURVE('',#4827,#4819,#5941,.T.);
#3865=EDGE_CURVE('',#4826,#4820,#5942,.T.);
#3866=EDGE_CURVE('',#4823,#4817,#5943,.T.);
#3867=EDGE_CURVE('',#4828,#4818,#5944,.T.);
#3868=EDGE_CURVE('',#4841,#4837,#5945,.T.);
#3869=EDGE_CURVE('',#4840,#4838,#5946,.T.);
#3870=EDGE_CURVE('',#4843,#4835,#5947,.T.);
#3871=EDGE_CURVE('',#4842,#4836,#5948,.T.);
#3872=EDGE_CURVE('',#4839,#4833,#5949,.T.);
#3873=EDGE_CURVE('',#4844,#4834,#5950,.T.);
#3874=EDGE_CURVE('',#4786,#4769,#5951,.T.);
#3875=EDGE_CURVE('',#4787,#4768,#5952,.T.);
#3876=EDGE_CURVE('',#4783,#4774,#5953,.T.);
#3877=EDGE_CURVE('',#4782,#4775,#5954,.T.);
#3878=EDGE_CURVE('',#4781,#4776,#5955,.T.);
#3879=EDGE_CURVE('',#4780,#4777,#5956,.T.);
#3880=EDGE_CURVE('',#4791,#4778,#5957,.T.);
#3881=EDGE_CURVE('',#4790,#4779,#5958,.T.);
#3882=EDGE_CURVE('',#4788,#4767,#5959,.T.);
#3883=EDGE_CURVE('',#4789,#4766,#5960,.T.);
#3884=EDGE_CURVE('',#4785,#4770,#5961,.T.);
#3885=EDGE_CURVE('',#4784,#4771,#5962,.T.);
#3886=EDGE_CURVE('',#4845,#4846,#5963,.T.);
#3887=EDGE_CURVE('',#4845,#4847,#149,.F.);
#3888=EDGE_CURVE('',#4848,#4847,#5964,.F.);
#3889=EDGE_CURVE('',#4848,#4849,#150,.F.);
#3890=EDGE_CURVE('',#4850,#4849,#5965,.T.);
#3891=EDGE_CURVE('',#4851,#4850,#151,.T.);
#3892=EDGE_CURVE('',#4851,#4852,#5966,.F.);
#3893=EDGE_CURVE('',#4852,#4853,#26,.T.);
#3894=EDGE_CURVE('',#4854,#4853,#5967,.F.);
#3895=EDGE_CURVE('',#4854,#4855,#152,.F.);
#3896=EDGE_CURVE('',#4856,#4855,#5968,.T.);
#3897=EDGE_CURVE('',#4856,#4857,#153,.T.);
#3898=EDGE_CURVE('',#4857,#4858,#5969,.T.);
#3899=EDGE_CURVE('',#4858,#4859,#154,.F.);
#3900=EDGE_CURVE('',#4860,#4859,#5970,.T.);
#3901=EDGE_CURVE('',#4860,#4861,#155,.T.);
#3902=EDGE_CURVE('',#4861,#4862,#5971,.T.);
#3903=EDGE_CURVE('',#4862,#4863,#156,.F.);
#3904=EDGE_CURVE('',#4864,#4863,#16,.F.);
#3905=EDGE_CURVE('',#4864,#4865,#27,.T.);
#3906=EDGE_CURVE('',#4865,#4866,#17,.F.);
#3907=EDGE_CURVE('',#4866,#4867,#157,.F.);
#3908=EDGE_CURVE('',#4868,#4867,#5972,.T.);
#3909=EDGE_CURVE('',#4869,#4868,#158,.T.);
#3910=EDGE_CURVE('',#4869,#4870,#5973,.T.);
#3911=EDGE_CURVE('',#4870,#4871,#159,.F.);
#3912=EDGE_CURVE('',#4872,#4871,#5974,.T.);
#3913=EDGE_CURVE('',#4873,#4872,#160,.T.);
#3914=EDGE_CURVE('',#4874,#4873,#5975,.T.);
#3915=EDGE_CURVE('',#4874,#4875,#28,.T.);
#3916=EDGE_CURVE('',#4875,#4876,#5976,.T.);
#3917=EDGE_CURVE('',#4876,#4877,#161,.F.);
#3918=EDGE_CURVE('',#4878,#4877,#5977,.T.);
#3919=EDGE_CURVE('',#4878,#4879,#162,.F.);
#3920=EDGE_CURVE('',#4879,#4880,#5978,.F.);
#3921=EDGE_CURVE('',#4880,#4881,#163,.F.);
#3922=EDGE_CURVE('',#4881,#4882,#5979,.T.);
#3923=EDGE_CURVE('',#4882,#4846,#164,.T.);
#3924=EDGE_CURVE('',#4883,#4884,#5980,.T.);
#3925=EDGE_CURVE('',#4883,#4885,#165,.F.);
#3926=EDGE_CURVE('',#4886,#4885,#5981,.F.);
#3927=EDGE_CURVE('',#4884,#4886,#166,.F.);
#3928=EDGE_CURVE('',#4887,#4888,#5982,.T.);
#3929=EDGE_CURVE('',#4889,#4888,#167,.F.);
#3930=EDGE_CURVE('',#4890,#4889,#5983,.T.);
#3931=EDGE_CURVE('',#4890,#4887,#168,.F.);
#3932=EDGE_CURVE('',#4891,#4892,#169,.F.);
#3933=EDGE_CURVE('',#4893,#4891,#18,.F.);
#3934=EDGE_CURVE('',#4894,#4893,#29,.T.);
#3935=EDGE_CURVE('',#4894,#4895,#19,.F.);
#3936=EDGE_CURVE('',#4896,#4895,#170,.F.);
#3937=EDGE_CURVE('',#4897,#4896,#5984,.T.);
#3938=EDGE_CURVE('',#4898,#4897,#171,.T.);
#3939=EDGE_CURVE('',#4898,#4899,#5985,.T.);
#3940=EDGE_CURVE('',#4900,#4899,#172,.F.);
#3941=EDGE_CURVE('',#4901,#4900,#5986,.T.);
#3942=EDGE_CURVE('',#4902,#4901,#173,.T.);
#3943=EDGE_CURVE('',#4902,#4903,#5987,.T.);
#3944=EDGE_CURVE('',#4904,#4903,#174,.F.);
#3945=EDGE_CURVE('',#4904,#4905,#5988,.F.);
#3946=EDGE_CURVE('',#4906,#4905,#30,.T.);
#3947=EDGE_CURVE('',#4907,#4906,#5989,.F.);
#3948=EDGE_CURVE('',#4907,#4908,#175,.T.);
#3949=EDGE_CURVE('',#4908,#4909,#5990,.T.);
#3950=EDGE_CURVE('',#4909,#4910,#5991,.F.);
#3951=EDGE_CURVE('',#4911,#4910,#176,.F.);
#3952=EDGE_CURVE('',#4912,#4911,#5992,.F.);
#3953=EDGE_CURVE('',#4913,#4912,#177,.F.);
#3954=EDGE_CURVE('',#4914,#4913,#5993,.T.);
#3955=EDGE_CURVE('',#4915,#4914,#31,.T.);
#3956=EDGE_CURVE('',#4915,#4916,#5994,.T.);
#3957=EDGE_CURVE('',#4916,#4917,#178,.T.);
#3958=EDGE_CURVE('',#4917,#4918,#5995,.T.);
#3959=EDGE_CURVE('',#4919,#4918,#179,.F.);
#3960=EDGE_CURVE('',#4920,#4919,#5996,.T.);
#3961=EDGE_CURVE('',#4920,#4921,#180,.T.);
#3962=EDGE_CURVE('',#4921,#4892,#5997,.T.);
#3963=EDGE_CURVE('',#4922,#4922,#181,.T.);
#3964=EDGE_CURVE('',#4923,#4924,#5998,.F.);
#3965=EDGE_CURVE('',#4925,#4923,#182,.F.);
#3966=EDGE_CURVE('',#4926,#4925,#5999,.T.);
#3967=EDGE_CURVE('',#4926,#4924,#183,.F.);
#3968=EDGE_CURVE('',#4927,#4928,#6000,.T.);
#3969=EDGE_CURVE('',#4929,#4928,#184,.F.);
#3970=EDGE_CURVE('',#4930,#4929,#6001,.T.);
#3971=EDGE_CURVE('',#4930,#4927,#185,.F.);
#3972=EDGE_CURVE('',#4931,#4932,#186,.F.);
#3973=EDGE_CURVE('',#4931,#4933,#6002,.T.);
#3974=EDGE_CURVE('',#4933,#4934,#187,.F.);
#3975=EDGE_CURVE('',#4934,#4932,#6003,.F.);
#3976=EDGE_CURVE('',#4935,#4936,#6004,.T.);
#3977=EDGE_CURVE('',#4935,#4928,#6005,.T.);
#3978=EDGE_CURVE('',#4936,#4927,#6006,.T.);
#3979=EDGE_CURVE('',#4937,#4929,#6007,.T.);
#3980=EDGE_CURVE('',#4937,#4938,#6008,.T.);
#3981=EDGE_CURVE('',#4938,#4930,#6009,.T.);
#3982=EDGE_CURVE('',#4939,#4889,#6010,.T.);
#3983=EDGE_CURVE('',#4939,#4940,#6011,.T.);
#3984=EDGE_CURVE('',#4940,#4890,#6012,.T.);
#3985=EDGE_CURVE('',#4941,#4942,#6013,.T.);
#3986=EDGE_CURVE('',#4941,#4888,#6014,.T.);
#3987=EDGE_CURVE('',#4942,#4887,#6015,.T.);
#3988=EDGE_CURVE('',#4943,#4925,#6016,.T.);
#3989=EDGE_CURVE('',#4943,#4944,#6017,.T.);
#3990=EDGE_CURVE('',#4944,#4926,#6018,.T.);
#3991=EDGE_CURVE('',#4919,#4870,#6019,.T.);
#3992=EDGE_CURVE('',#4918,#4871,#6020,.T.);
#3993=EDGE_CURVE('',#4912,#4877,#6021,.T.);
#3994=EDGE_CURVE('',#4913,#4876,#6022,.T.);
#3995=EDGE_CURVE('',#4903,#4855,#6023,.T.);
#3996=EDGE_CURVE('',#4854,#4904,#6024,.T.);
#3997=EDGE_CURVE('',#4900,#4858,#6025,.T.);
#3998=EDGE_CURVE('',#4899,#4859,#6026,.T.);
#3999=EDGE_CURVE('',#4892,#4867,#6027,.T.);
#4000=EDGE_CURVE('',#4891,#4866,#6028,.T.);
#4001=EDGE_CURVE('',#4945,#4882,#6029,.T.);
#4002=EDGE_CURVE('',#4945,#4946,#6030,.T.);
#4003=EDGE_CURVE('',#4946,#4846,#6031,.T.);
#4004=EDGE_CURVE('',#4874,#4915,#6032,.T.);
#4005=EDGE_CURVE('',#4875,#4914,#6033,.T.);
#4006=EDGE_CURVE('',#4906,#4852,#6034,.T.);
#4007=EDGE_CURVE('',#4905,#4853,#6035,.T.);
#4008=EDGE_CURVE('',#4864,#4894,#6036,.T.);
#4009=EDGE_CURVE('',#4865,#4893,#6037,.T.);
#4010=EDGE_CURVE('',#4947,#4881,#6038,.T.);
#4011=EDGE_CURVE('',#4880,#4911,#6039,.T.);
#4012=EDGE_CURVE('',#4847,#4910,#6040,.T.);
#4013=EDGE_CURVE('',#4948,#4845,#6041,.T.);
#4014=EDGE_CURVE('',#4947,#4948,#6042,.T.);
#4015=EDGE_CURVE('',#4916,#4873,#6043,.T.);
#4016=EDGE_CURVE('',#4879,#4949,#6044,.T.);
#4017=EDGE_CURVE('',#4949,#4912,#6045,.T.);
#4018=EDGE_CURVE('',#4848,#4909,#6046,.T.);
#4019=EDGE_CURVE('',#4851,#4907,#6047,.T.);
#4020=EDGE_CURVE('',#4895,#4863,#6048,.T.);
#4021=EDGE_CURVE('',#4909,#4849,#6049,.T.);
#4022=EDGE_CURVE('',#4896,#4862,#6050,.T.);
#4023=EDGE_CURVE('',#4897,#4861,#6051,.T.);
#4024=EDGE_CURVE('',#4898,#4860,#6052,.T.);
#4025=EDGE_CURVE('',#4902,#4856,#6053,.T.);
#4026=EDGE_CURVE('',#4901,#4857,#6054,.T.);
#4027=EDGE_CURVE('',#4908,#4850,#6055,.T.);
#4028=EDGE_CURVE('',#4949,#4878,#6056,.T.);
#4029=EDGE_CURVE('',#4917,#4872,#6057,.T.);
#4030=EDGE_CURVE('',#4921,#4868,#6058,.T.);
#4031=EDGE_CURVE('',#4920,#4869,#6059,.T.);
#4032=EDGE_CURVE('',#4937,#4935,#6060,.T.);
#4033=EDGE_CURVE('',#4938,#4936,#6061,.T.);
#4034=EDGE_CURVE('',#4939,#4941,#6062,.T.);
#4035=EDGE_CURVE('',#4940,#4942,#6063,.T.);
#4036=EDGE_CURVE('',#4944,#4950,#6064,.T.);
#4037=EDGE_CURVE('',#4950,#4924,#6065,.T.);
#4038=EDGE_CURVE('',#4951,#4950,#6066,.T.);
#4039=EDGE_CURVE('',#4951,#4923,#6067,.T.);
#4040=EDGE_CURVE('',#4943,#4951,#6068,.T.);
#4041=EDGE_CURVE('',#4952,#4953,#6069,.T.);
#4042=EDGE_CURVE('',#4954,#4953,#6070,.T.);
#4043=EDGE_CURVE('',#4955,#4954,#6071,.T.);
#4044=EDGE_CURVE('',#4955,#4952,#6072,.T.);
#4045=EDGE_CURVE('',#4948,#4946,#6073,.T.);
#4046=EDGE_CURVE('',#4947,#4945,#6074,.T.);
#4047=EDGE_CURVE('',#4956,#4957,#6075,.T.);
#4048=EDGE_CURVE('',#4957,#4958,#6076,.T.);
#4049=EDGE_CURVE('',#4959,#4958,#6077,.T.);
#4050=EDGE_CURVE('',#4956,#4959,#6078,.T.);
#4051=EDGE_CURVE('',#4960,#4961,#6079,.T.);
#4052=EDGE_CURVE('',#4961,#4962,#6080,.T.);
#4053=EDGE_CURVE('',#4963,#4962,#6081,.T.);
#4054=EDGE_CURVE('',#4960,#4963,#6082,.T.);
#4055=EDGE_CURVE('',#4964,#4965,#6083,.T.);
#4056=EDGE_CURVE('',#4964,#4966,#188,.F.);
#4057=EDGE_CURVE('',#4966,#4967,#6084,.T.);
#4058=EDGE_CURVE('',#4967,#4965,#189,.T.);
#4059=EDGE_CURVE('',#4967,#4961,#6085,.T.);
#4060=EDGE_CURVE('',#4962,#4966,#6086,.T.);
#4061=EDGE_CURVE('',#4965,#4960,#6087,.T.);
#4062=EDGE_CURVE('',#4963,#4964,#6088,.T.);
#4063=EDGE_CURVE('',#4968,#4969,#6089,.T.);
#4064=EDGE_CURVE('',#4968,#4970,#190,.F.);
#4065=EDGE_CURVE('',#4970,#4971,#6090,.T.);
#4066=EDGE_CURVE('',#4971,#4969,#191,.T.);
#4067=EDGE_CURVE('',#4971,#4957,#6091,.T.);
#4068=EDGE_CURVE('',#4958,#4970,#6092,.T.);
#4069=EDGE_CURVE('',#4969,#4956,#6093,.T.);
#4070=EDGE_CURVE('',#4959,#4968,#6094,.T.);
#4071=EDGE_CURVE('',#4972,#4973,#6095,.T.);
#4072=EDGE_CURVE('',#4972,#4974,#192,.F.);
#4073=EDGE_CURVE('',#4974,#4975,#6096,.T.);
#4074=EDGE_CURVE('',#4975,#4973,#193,.T.);
#4075=EDGE_CURVE('',#4975,#4952,#6097,.T.);
#4076=EDGE_CURVE('',#4953,#4974,#6098,.T.);
#4077=EDGE_CURVE('',#4973,#4955,#6099,.T.);
#4078=EDGE_CURVE('',#4954,#4972,#6100,.T.);
#4079=EDGE_CURVE('',#4883,#4931,#6101,.T.);
#4080=EDGE_CURVE('',#4885,#4932,#6102,.T.);
#4081=EDGE_CURVE('',#4886,#4934,#6103,.T.);
#4082=EDGE_CURVE('',#4884,#4933,#6104,.T.);
#4083=EDGE_CURVE('',#4976,#4976,#194,.T.);
#4084=EDGE_CURVE('',#4977,#4978,#195,.T.);
#4085=EDGE_CURVE('',#4977,#4979,#196,.T.);
#4086=EDGE_CURVE('',#4980,#4979,#197,.T.);
#4087=EDGE_CURVE('',#4978,#4980,#198,.T.);
#4088=EDGE_CURVE('',#4981,#4982,#199,.T.);
#4089=EDGE_CURVE('',#4981,#4983,#200,.T.);
#4090=EDGE_CURVE('',#4983,#4984,#201,.T.);
#4091=EDGE_CURVE('',#4982,#4984,#202,.T.);
#4092=EDGE_CURVE('',#4985,#4982,#6105,.T.);
#4093=EDGE_CURVE('',#4986,#4985,#6106,.T.);
#4094=EDGE_CURVE('',#4986,#4981,#6107,.T.);
#4095=EDGE_CURVE('',#4987,#4988,#6108,.T.);
#4096=EDGE_CURVE('',#4989,#4988,#6109,.T.);
#4097=EDGE_CURVE('',#4990,#4989,#6110,.T.);
#4098=EDGE_CURVE('',#4990,#4987,#6111,.T.);
#4099=EDGE_CURVE('',#4991,#4991,#203,.F.);
#4100=EDGE_CURVE('',#4988,#4980,#6112,.T.);
#4101=EDGE_CURVE('',#4989,#4979,#6113,.T.);
#4102=EDGE_CURVE('',#4992,#4992,#204,.T.);
#4103=EDGE_CURVE('',#4977,#4990,#6114,.T.);
#4104=EDGE_CURVE('',#4978,#4987,#6115,.T.);
#4105=EDGE_CURVE('',#4993,#4986,#6116,.T.);
#4106=EDGE_CURVE('',#4983,#4993,#6117,.T.);
#4107=EDGE_CURVE('',#4984,#4994,#6118,.T.);
#4108=EDGE_CURVE('',#4994,#4985,#6119,.T.);
#4109=EDGE_CURVE('',#4993,#4994,#6120,.T.);
#4110=EDGE_CURVE('',#4995,#4996,#6121,.T.);
#4111=EDGE_CURVE('',#4995,#4997,#205,.F.);
#4112=EDGE_CURVE('',#4997,#4998,#6122,.T.);
#4113=EDGE_CURVE('',#4996,#4998,#206,.F.);
#4114=EDGE_CURVE('',#4999,#5000,#6123,.T.);
#4115=EDGE_CURVE('',#4999,#5001,#207,.F.);
#4116=EDGE_CURVE('',#5001,#5002,#6124,.T.);
#4117=EDGE_CURVE('',#5000,#5002,#208,.F.);
#4118=EDGE_CURVE('',#5003,#5003,#209,.T.);
#4119=EDGE_CURVE('',#5004,#5004,#210,.F.);
#4120=EDGE_CURVE('',#5005,#5006,#6125,.T.);
#4121=EDGE_CURVE('',#5005,#5007,#211,.F.);
#4122=EDGE_CURVE('',#5007,#5008,#6126,.T.);
#4123=EDGE_CURVE('',#5006,#5008,#212,.F.);
#4124=EDGE_CURVE('',#5009,#5010,#213,.F.);
#4125=EDGE_CURVE('',#5009,#5011,#6127,.T.);
#4126=EDGE_CURVE('',#5011,#5012,#214,.F.);
#4127=EDGE_CURVE('',#5010,#5012,#6128,.T.);
#4128=EDGE_CURVE('',#5013,#5014,#215,.F.);
#4129=EDGE_CURVE('',#5013,#5015,#6129,.T.);
#4130=EDGE_CURVE('',#5015,#5016,#216,.F.);
#4131=EDGE_CURVE('',#5014,#5016,#6130,.T.);
#4132=EDGE_CURVE('',#5017,#5017,#217,.F.);
#4133=EDGE_CURVE('',#5018,#5018,#218,.T.);
#4134=EDGE_CURVE('',#5019,#5020,#219,.F.);
#4135=EDGE_CURVE('',#5019,#5021,#6131,.T.);
#4136=EDGE_CURVE('',#5021,#5022,#220,.F.);
#4137=EDGE_CURVE('',#5020,#5022,#6132,.T.);
#4138=EDGE_CURVE('',#5019,#5005,#6133,.T.);
#4139=EDGE_CURVE('',#5020,#5007,#6134,.T.);
#4140=EDGE_CURVE('',#5022,#5008,#6135,.T.);
#4141=EDGE_CURVE('',#5021,#5006,#6136,.T.);
#4142=EDGE_CURVE('',#5015,#5000,#6137,.T.);
#4143=EDGE_CURVE('',#5013,#4999,#6138,.T.);
#4144=EDGE_CURVE('',#5014,#5001,#6139,.T.);
#4145=EDGE_CURVE('',#5016,#5002,#6140,.T.);
#4146=EDGE_CURVE('',#5011,#4996,#6141,.T.);
#4147=EDGE_CURVE('',#5009,#4995,#6142,.T.);
#4148=EDGE_CURVE('',#5010,#4997,#6143,.T.);
#4149=EDGE_CURVE('',#5012,#4998,#6144,.T.);
#4150=EDGE_CURVE('',#5023,#5023,#221,.T.);
#4151=EDGE_CURVE('',#5024,#5024,#222,.T.);
#4152=VERTEX_POINT('',#12248);
#4153=VERTEX_POINT('',#12249);
#4154=VERTEX_POINT('',#12251);
#4155=VERTEX_POINT('',#12253);
#4156=VERTEX_POINT('',#12255);
#4157=VERTEX_POINT('',#12257);
#4158=VERTEX_POINT('',#12261);
#4159=VERTEX_POINT('',#12263);
#4160=VERTEX_POINT('',#12267);
#4161=VERTEX_POINT('',#12268);
#4162=VERTEX_POINT('',#12270);
#4163=VERTEX_POINT('',#12272);
#4164=VERTEX_POINT('',#12276);
#4165=VERTEX_POINT('',#12277);
#4166=VERTEX_POINT('',#12282);
#4167=VERTEX_POINT('',#12289);
#4168=VERTEX_POINT('',#12291);
#4169=VERTEX_POINT('',#12293);
#4170=VERTEX_POINT('',#12297);
#4171=VERTEX_POINT('',#12299);
#4172=VERTEX_POINT('',#12303);
#4173=VERTEX_POINT('',#12304);
#4174=VERTEX_POINT('',#12306);
#4175=VERTEX_POINT('',#12308);
#4176=VERTEX_POINT('',#12312);
#4177=VERTEX_POINT('',#12313);
#4178=VERTEX_POINT('',#12318);
#4179=VERTEX_POINT('',#12325);
#4180=VERTEX_POINT('',#12327);
#4181=VERTEX_POINT('',#12329);
#4182=VERTEX_POINT('',#12333);
#4183=VERTEX_POINT('',#12335);
#4184=VERTEX_POINT('',#12339);
#4185=VERTEX_POINT('',#12340);
#4186=VERTEX_POINT('',#12342);
#4187=VERTEX_POINT('',#12344);
#4188=VERTEX_POINT('',#12348);
#4189=VERTEX_POINT('',#12349);
#4190=VERTEX_POINT('',#12354);
#4191=VERTEX_POINT('',#12361);
#4192=VERTEX_POINT('',#12363);
#4193=VERTEX_POINT('',#12365);
#4194=VERTEX_POINT('',#12369);
#4195=VERTEX_POINT('',#12371);
#4196=VERTEX_POINT('',#12375);
#4197=VERTEX_POINT('',#12376);
#4198=VERTEX_POINT('',#12378);
#4199=VERTEX_POINT('',#12380);
#4200=VERTEX_POINT('',#12384);
#4201=VERTEX_POINT('',#12385);
#4202=VERTEX_POINT('',#12390);
#4203=VERTEX_POINT('',#12397);
#4204=VERTEX_POINT('',#12399);
#4205=VERTEX_POINT('',#12401);
#4206=VERTEX_POINT('',#12405);
#4207=VERTEX_POINT('',#12407);
#4208=VERTEX_POINT('',#12411);
#4209=VERTEX_POINT('',#12412);
#4210=VERTEX_POINT('',#12414);
#4211=VERTEX_POINT('',#12416);
#4212=VERTEX_POINT('',#12420);
#4213=VERTEX_POINT('',#12421);
#4214=VERTEX_POINT('',#12426);
#4215=VERTEX_POINT('',#12433);
#4216=VERTEX_POINT('',#12435);
#4217=VERTEX_POINT('',#12437);
#4218=VERTEX_POINT('',#12441);
#4219=VERTEX_POINT('',#12443);
#4220=VERTEX_POINT('',#12447);
#4221=VERTEX_POINT('',#12448);
#4222=VERTEX_POINT('',#12450);
#4223=VERTEX_POINT('',#12452);
#4224=VERTEX_POINT('',#12456);
#4225=VERTEX_POINT('',#12457);
#4226=VERTEX_POINT('',#12462);
#4227=VERTEX_POINT('',#12469);
#4228=VERTEX_POINT('',#12471);
#4229=VERTEX_POINT('',#12473);
#4230=VERTEX_POINT('',#12477);
#4231=VERTEX_POINT('',#12479);
#4232=VERTEX_POINT('',#12483);
#4233=VERTEX_POINT('',#12484);
#4234=VERTEX_POINT('',#12486);
#4235=VERTEX_POINT('',#12488);
#4236=VERTEX_POINT('',#12492);
#4237=VERTEX_POINT('',#12493);
#4238=VERTEX_POINT('',#12498);
#4239=VERTEX_POINT('',#12505);
#4240=VERTEX_POINT('',#12507);
#4241=VERTEX_POINT('',#12509);
#4242=VERTEX_POINT('',#12513);
#4243=VERTEX_POINT('',#12515);
#4244=VERTEX_POINT('',#12519);
#4245=VERTEX_POINT('',#12520);
#4246=VERTEX_POINT('',#12522);
#4247=VERTEX_POINT('',#12524);
#4248=VERTEX_POINT('',#12528);
#4249=VERTEX_POINT('',#12529);
#4250=VERTEX_POINT('',#12534);
#4251=VERTEX_POINT('',#12541);
#4252=VERTEX_POINT('',#12543);
#4253=VERTEX_POINT('',#12545);
#4254=VERTEX_POINT('',#12549);
#4255=VERTEX_POINT('',#12551);
#4256=VERTEX_POINT('',#12555);
#4257=VERTEX_POINT('',#12556);
#4258=VERTEX_POINT('',#12558);
#4259=VERTEX_POINT('',#12560);
#4260=VERTEX_POINT('',#12564);
#4261=VERTEX_POINT('',#12565);
#4262=VERTEX_POINT('',#12570);
#4263=VERTEX_POINT('',#12577);
#4264=VERTEX_POINT('',#12579);
#4265=VERTEX_POINT('',#12581);
#4266=VERTEX_POINT('',#12585);
#4267=VERTEX_POINT('',#12587);
#4268=VERTEX_POINT('',#12591);
#4269=VERTEX_POINT('',#12592);
#4270=VERTEX_POINT('',#12594);
#4271=VERTEX_POINT('',#12596);
#4272=VERTEX_POINT('',#12600);
#4273=VERTEX_POINT('',#12601);
#4274=VERTEX_POINT('',#12606);
#4275=VERTEX_POINT('',#12613);
#4276=VERTEX_POINT('',#12615);
#4277=VERTEX_POINT('',#12617);
#4278=VERTEX_POINT('',#12621);
#4279=VERTEX_POINT('',#12623);
#4280=VERTEX_POINT('',#12627);
#4281=VERTEX_POINT('',#12628);
#4282=VERTEX_POINT('',#12630);
#4283=VERTEX_POINT('',#12632);
#4284=VERTEX_POINT('',#12636);
#4285=VERTEX_POINT('',#12637);
#4286=VERTEX_POINT('',#12642);
#4287=VERTEX_POINT('',#12649);
#4288=VERTEX_POINT('',#12651);
#4289=VERTEX_POINT('',#12653);
#4290=VERTEX_POINT('',#12657);
#4291=VERTEX_POINT('',#12659);
#4292=VERTEX_POINT('',#12663);
#4293=VERTEX_POINT('',#12664);
#4294=VERTEX_POINT('',#12666);
#4295=VERTEX_POINT('',#12668);
#4296=VERTEX_POINT('',#12672);
#4297=VERTEX_POINT('',#12673);
#4298=VERTEX_POINT('',#12678);
#4299=VERTEX_POINT('',#12685);
#4300=VERTEX_POINT('',#12687);
#4301=VERTEX_POINT('',#12689);
#4302=VERTEX_POINT('',#12693);
#4303=VERTEX_POINT('',#12695);
#4304=VERTEX_POINT('',#12699);
#4305=VERTEX_POINT('',#12700);
#4306=VERTEX_POINT('',#12702);
#4307=VERTEX_POINT('',#12704);
#4308=VERTEX_POINT('',#12708);
#4309=VERTEX_POINT('',#12709);
#4310=VERTEX_POINT('',#12714);
#4311=VERTEX_POINT('',#12721);
#4312=VERTEX_POINT('',#12723);
#4313=VERTEX_POINT('',#12725);
#4314=VERTEX_POINT('',#12729);
#4315=VERTEX_POINT('',#12731);
#4316=VERTEX_POINT('',#12735);
#4317=VERTEX_POINT('',#12736);
#4318=VERTEX_POINT('',#12738);
#4319=VERTEX_POINT('',#12740);
#4320=VERTEX_POINT('',#12744);
#4321=VERTEX_POINT('',#12745);
#4322=VERTEX_POINT('',#12750);
#4323=VERTEX_POINT('',#12757);
#4324=VERTEX_POINT('',#12759);
#4325=VERTEX_POINT('',#12761);
#4326=VERTEX_POINT('',#12765);
#4327=VERTEX_POINT('',#12767);
#4328=VERTEX_POINT('',#12771);
#4329=VERTEX_POINT('',#12772);
#4330=VERTEX_POINT('',#12774);
#4331=VERTEX_POINT('',#12776);
#4332=VERTEX_POINT('',#12780);
#4333=VERTEX_POINT('',#12781);
#4334=VERTEX_POINT('',#12786);
#4335=VERTEX_POINT('',#12793);
#4336=VERTEX_POINT('',#12795);
#4337=VERTEX_POINT('',#12797);
#4338=VERTEX_POINT('',#12801);
#4339=VERTEX_POINT('',#12803);
#4340=VERTEX_POINT('',#12807);
#4341=VERTEX_POINT('',#12808);
#4342=VERTEX_POINT('',#12810);
#4343=VERTEX_POINT('',#12812);
#4344=VERTEX_POINT('',#12816);
#4345=VERTEX_POINT('',#12817);
#4346=VERTEX_POINT('',#12822);
#4347=VERTEX_POINT('',#12829);
#4348=VERTEX_POINT('',#12831);
#4349=VERTEX_POINT('',#12833);
#4350=VERTEX_POINT('',#12837);
#4351=VERTEX_POINT('',#12839);
#4352=VERTEX_POINT('',#12843);
#4353=VERTEX_POINT('',#12844);
#4354=VERTEX_POINT('',#12846);
#4355=VERTEX_POINT('',#12848);
#4356=VERTEX_POINT('',#12852);
#4357=VERTEX_POINT('',#12853);
#4358=VERTEX_POINT('',#12858);
#4359=VERTEX_POINT('',#12865);
#4360=VERTEX_POINT('',#12867);
#4361=VERTEX_POINT('',#12869);
#4362=VERTEX_POINT('',#12873);
#4363=VERTEX_POINT('',#12875);
#4364=VERTEX_POINT('',#12879);
#4365=VERTEX_POINT('',#12880);
#4366=VERTEX_POINT('',#12882);
#4367=VERTEX_POINT('',#12884);
#4368=VERTEX_POINT('',#12888);
#4369=VERTEX_POINT('',#12889);
#4370=VERTEX_POINT('',#12894);
#4371=VERTEX_POINT('',#12901);
#4372=VERTEX_POINT('',#12903);
#4373=VERTEX_POINT('',#12905);
#4374=VERTEX_POINT('',#12909);
#4375=VERTEX_POINT('',#12911);
#4376=VERTEX_POINT('',#12915);
#4377=VERTEX_POINT('',#12916);
#4378=VERTEX_POINT('',#12918);
#4379=VERTEX_POINT('',#12920);
#4380=VERTEX_POINT('',#12924);
#4381=VERTEX_POINT('',#12925);
#4382=VERTEX_POINT('',#12930);
#4383=VERTEX_POINT('',#12937);
#4384=VERTEX_POINT('',#12939);
#4385=VERTEX_POINT('',#12941);
#4386=VERTEX_POINT('',#12945);
#4387=VERTEX_POINT('',#12947);
#4388=VERTEX_POINT('',#12951);
#4389=VERTEX_POINT('',#12952);
#4390=VERTEX_POINT('',#12954);
#4391=VERTEX_POINT('',#12956);
#4392=VERTEX_POINT('',#12960);
#4393=VERTEX_POINT('',#12961);
#4394=VERTEX_POINT('',#12966);
#4395=VERTEX_POINT('',#12973);
#4396=VERTEX_POINT('',#12975);
#4397=VERTEX_POINT('',#12977);
#4398=VERTEX_POINT('',#12981);
#4399=VERTEX_POINT('',#12983);
#4400=VERTEX_POINT('',#12987);
#4401=VERTEX_POINT('',#12988);
#4402=VERTEX_POINT('',#12990);
#4403=VERTEX_POINT('',#12992);
#4404=VERTEX_POINT('',#12996);
#4405=VERTEX_POINT('',#12997);
#4406=VERTEX_POINT('',#13002);
#4407=VERTEX_POINT('',#13009);
#4408=VERTEX_POINT('',#13011);
#4409=VERTEX_POINT('',#13013);
#4410=VERTEX_POINT('',#13017);
#4411=VERTEX_POINT('',#13019);
#4412=VERTEX_POINT('',#13023);
#4413=VERTEX_POINT('',#13024);
#4414=VERTEX_POINT('',#13026);
#4415=VERTEX_POINT('',#13028);
#4416=VERTEX_POINT('',#13032);
#4417=VERTEX_POINT('',#13033);
#4418=VERTEX_POINT('',#13038);
#4419=VERTEX_POINT('',#13045);
#4420=VERTEX_POINT('',#13047);
#4421=VERTEX_POINT('',#13049);
#4422=VERTEX_POINT('',#13053);
#4423=VERTEX_POINT('',#13055);
#4424=VERTEX_POINT('',#13059);
#4425=VERTEX_POINT('',#13060);
#4426=VERTEX_POINT('',#13062);
#4427=VERTEX_POINT('',#13064);
#4428=VERTEX_POINT('',#13068);
#4429=VERTEX_POINT('',#13069);
#4430=VERTEX_POINT('',#13074);
#4431=VERTEX_POINT('',#13081);
#4432=VERTEX_POINT('',#13083);
#4433=VERTEX_POINT('',#13085);
#4434=VERTEX_POINT('',#13089);
#4435=VERTEX_POINT('',#13091);
#4436=VERTEX_POINT('',#13095);
#4437=VERTEX_POINT('',#13096);
#4438=VERTEX_POINT('',#13098);
#4439=VERTEX_POINT('',#13100);
#4440=VERTEX_POINT('',#13104);
#4441=VERTEX_POINT('',#13105);
#4442=VERTEX_POINT('',#13110);
#4443=VERTEX_POINT('',#13117);
#4444=VERTEX_POINT('',#13119);
#4445=VERTEX_POINT('',#13121);
#4446=VERTEX_POINT('',#13125);
#4447=VERTEX_POINT('',#13127);
#4448=VERTEX_POINT('',#13131);
#4449=VERTEX_POINT('',#13132);
#4450=VERTEX_POINT('',#13134);
#4451=VERTEX_POINT('',#13136);
#4452=VERTEX_POINT('',#13140);
#4453=VERTEX_POINT('',#13141);
#4454=VERTEX_POINT('',#13146);
#4455=VERTEX_POINT('',#13153);
#4456=VERTEX_POINT('',#13155);
#4457=VERTEX_POINT('',#13157);
#4458=VERTEX_POINT('',#13161);
#4459=VERTEX_POINT('',#13163);
#4460=VERTEX_POINT('',#13167);
#4461=VERTEX_POINT('',#13168);
#4462=VERTEX_POINT('',#13170);
#4463=VERTEX_POINT('',#13172);
#4464=VERTEX_POINT('',#13176);
#4465=VERTEX_POINT('',#13177);
#4466=VERTEX_POINT('',#13182);
#4467=VERTEX_POINT('',#13189);
#4468=VERTEX_POINT('',#13191);
#4469=VERTEX_POINT('',#13193);
#4470=VERTEX_POINT('',#13197);
#4471=VERTEX_POINT('',#13199);
#4472=VERTEX_POINT('',#13203);
#4473=VERTEX_POINT('',#13204);
#4474=VERTEX_POINT('',#13206);
#4475=VERTEX_POINT('',#13208);
#4476=VERTEX_POINT('',#13212);
#4477=VERTEX_POINT('',#13213);
#4478=VERTEX_POINT('',#13218);
#4479=VERTEX_POINT('',#13225);
#4480=VERTEX_POINT('',#13227);
#4481=VERTEX_POINT('',#13229);
#4482=VERTEX_POINT('',#13233);
#4483=VERTEX_POINT('',#13235);
#4484=VERTEX_POINT('',#13239);
#4485=VERTEX_POINT('',#13240);
#4486=VERTEX_POINT('',#13242);
#4487=VERTEX_POINT('',#13244);
#4488=VERTEX_POINT('',#13248);
#4489=VERTEX_POINT('',#13249);
#4490=VERTEX_POINT('',#13254);
#4491=VERTEX_POINT('',#13261);
#4492=VERTEX_POINT('',#13263);
#4493=VERTEX_POINT('',#13265);
#4494=VERTEX_POINT('',#13269);
#4495=VERTEX_POINT('',#13271);
#4496=VERTEX_POINT('',#13275);
#4497=VERTEX_POINT('',#13276);
#4498=VERTEX_POINT('',#13278);
#4499=VERTEX_POINT('',#13280);
#4500=VERTEX_POINT('',#13284);
#4501=VERTEX_POINT('',#13285);
#4502=VERTEX_POINT('',#13290);
#4503=VERTEX_POINT('',#13297);
#4504=VERTEX_POINT('',#13299);
#4505=VERTEX_POINT('',#13301);
#4506=VERTEX_POINT('',#13305);
#4507=VERTEX_POINT('',#13307);
#4508=VERTEX_POINT('',#13311);
#4509=VERTEX_POINT('',#13312);
#4510=VERTEX_POINT('',#13314);
#4511=VERTEX_POINT('',#13316);
#4512=VERTEX_POINT('',#13320);
#4513=VERTEX_POINT('',#13321);
#4514=VERTEX_POINT('',#13326);
#4515=VERTEX_POINT('',#13333);
#4516=VERTEX_POINT('',#13335);
#4517=VERTEX_POINT('',#13337);
#4518=VERTEX_POINT('',#13341);
#4519=VERTEX_POINT('',#13343);
#4520=VERTEX_POINT('',#13347);
#4521=VERTEX_POINT('',#13348);
#4522=VERTEX_POINT('',#13350);
#4523=VERTEX_POINT('',#13352);
#4524=VERTEX_POINT('',#13356);
#4525=VERTEX_POINT('',#13357);
#4526=VERTEX_POINT('',#13362);
#4527=VERTEX_POINT('',#13369);
#4528=VERTEX_POINT('',#13371);
#4529=VERTEX_POINT('',#13373);
#4530=VERTEX_POINT('',#13377);
#4531=VERTEX_POINT('',#13379);
#4532=VERTEX_POINT('',#13383);
#4533=VERTEX_POINT('',#13384);
#4534=VERTEX_POINT('',#13386);
#4535=VERTEX_POINT('',#13388);
#4536=VERTEX_POINT('',#13392);
#4537=VERTEX_POINT('',#13393);
#4538=VERTEX_POINT('',#13398);
#4539=VERTEX_POINT('',#13405);
#4540=VERTEX_POINT('',#13407);
#4541=VERTEX_POINT('',#13409);
#4542=VERTEX_POINT('',#13413);
#4543=VERTEX_POINT('',#13415);
#4544=VERTEX_POINT('',#13419);
#4545=VERTEX_POINT('',#13420);
#4546=VERTEX_POINT('',#13422);
#4547=VERTEX_POINT('',#13424);
#4548=VERTEX_POINT('',#13428);
#4549=VERTEX_POINT('',#13429);
#4550=VERTEX_POINT('',#13434);
#4551=VERTEX_POINT('',#13441);
#4552=VERTEX_POINT('',#13443);
#4553=VERTEX_POINT('',#13445);
#4554=VERTEX_POINT('',#13449);
#4555=VERTEX_POINT('',#13451);
#4556=VERTEX_POINT('',#13455);
#4557=VERTEX_POINT('',#13456);
#4558=VERTEX_POINT('',#13458);
#4559=VERTEX_POINT('',#13460);
#4560=VERTEX_POINT('',#13464);
#4561=VERTEX_POINT('',#13465);
#4562=VERTEX_POINT('',#13470);
#4563=VERTEX_POINT('',#13477);
#4564=VERTEX_POINT('',#13479);
#4565=VERTEX_POINT('',#13481);
#4566=VERTEX_POINT('',#13485);
#4567=VERTEX_POINT('',#13487);
#4568=VERTEX_POINT('',#13491);
#4569=VERTEX_POINT('',#13492);
#4570=VERTEX_POINT('',#13494);
#4571=VERTEX_POINT('',#13496);
#4572=VERTEX_POINT('',#13500);
#4573=VERTEX_POINT('',#13501);
#4574=VERTEX_POINT('',#13506);
#4575=VERTEX_POINT('',#13513);
#4576=VERTEX_POINT('',#13515);
#4577=VERTEX_POINT('',#13517);
#4578=VERTEX_POINT('',#13521);
#4579=VERTEX_POINT('',#13523);
#4580=VERTEX_POINT('',#13527);
#4581=VERTEX_POINT('',#13528);
#4582=VERTEX_POINT('',#13530);
#4583=VERTEX_POINT('',#13532);
#4584=VERTEX_POINT('',#13536);
#4585=VERTEX_POINT('',#13537);
#4586=VERTEX_POINT('',#13542);
#4587=VERTEX_POINT('',#13549);
#4588=VERTEX_POINT('',#13551);
#4589=VERTEX_POINT('',#13553);
#4590=VERTEX_POINT('',#13557);
#4591=VERTEX_POINT('',#13559);
#4592=VERTEX_POINT('',#13563);
#4593=VERTEX_POINT('',#13564);
#4594=VERTEX_POINT('',#13566);
#4595=VERTEX_POINT('',#13568);
#4596=VERTEX_POINT('',#13572);
#4597=VERTEX_POINT('',#13573);
#4598=VERTEX_POINT('',#13578);
#4599=VERTEX_POINT('',#13585);
#4600=VERTEX_POINT('',#13586);
#4601=VERTEX_POINT('',#13588);
#4602=VERTEX_POINT('',#13590);
#4603=VERTEX_POINT('',#13594);
#4604=VERTEX_POINT('',#13596);
#4605=VERTEX_POINT('',#13598);
#4606=VERTEX_POINT('',#13600);
#4607=VERTEX_POINT('',#13604);
#4608=VERTEX_POINT('',#13606);
#4609=VERTEX_POINT('',#13610);
#4610=VERTEX_POINT('',#13612);
#4611=VERTEX_POINT('',#13614);
#4612=VERTEX_POINT('',#13616);
#4613=VERTEX_POINT('',#13623);
#4614=VERTEX_POINT('',#13625);
#4615=VERTEX_POINT('',#13627);
#4616=VERTEX_POINT('',#13631);
#4617=VERTEX_POINT('',#13633);
#4618=VERTEX_POINT('',#13638);
#4619=VERTEX_POINT('',#13640);
#4620=VERTEX_POINT('',#13655);
#4621=VERTEX_POINT('',#13656);
#4622=VERTEX_POINT('',#13658);
#4623=VERTEX_POINT('',#13660);
#4624=VERTEX_POINT('',#13664);
#4625=VERTEX_POINT('',#13665);
#4626=VERTEX_POINT('',#13667);
#4627=VERTEX_POINT('',#13669);
#4628=VERTEX_POINT('',#13673);
#4629=VERTEX_POINT('',#13674);
#4630=VERTEX_POINT('',#13676);
#4631=VERTEX_POINT('',#13678);
#4632=VERTEX_POINT('',#13682);
#4633=VERTEX_POINT('',#13683);
#4634=VERTEX_POINT('',#13685);
#4635=VERTEX_POINT('',#13687);
#4636=VERTEX_POINT('',#13691);
#4637=VERTEX_POINT('',#13692);
#4638=VERTEX_POINT('',#13694);
#4639=VERTEX_POINT('',#13696);
#4640=VERTEX_POINT('',#13700);
#4641=VERTEX_POINT('',#13701);
#4642=VERTEX_POINT('',#13703);
#4643=VERTEX_POINT('',#13705);
#4644=VERTEX_POINT('',#13709);
#4645=VERTEX_POINT('',#13710);
#4646=VERTEX_POINT('',#13712);
#4647=VERTEX_POINT('',#13714);
#4648=VERTEX_POINT('',#13716);
#4649=VERTEX_POINT('',#13718);
#4650=VERTEX_POINT('',#13720);
#4651=VERTEX_POINT('',#13722);
#4652=VERTEX_POINT('',#13724);
#4653=VERTEX_POINT('',#13726);
#4654=VERTEX_POINT('',#13728);
#4655=VERTEX_POINT('',#13730);
#4656=VERTEX_POINT('',#13732);
#4657=VERTEX_POINT('',#13734);
#4658=VERTEX_POINT('',#13736);
#4659=VERTEX_POINT('',#13738);
#4660=VERTEX_POINT('',#13740);
#4661=VERTEX_POINT('',#13742);
#4662=VERTEX_POINT('',#13744);
#4663=VERTEX_POINT('',#13746);
#4664=VERTEX_POINT('',#13748);
#4665=VERTEX_POINT('',#13750);
#4666=VERTEX_POINT('',#13752);
#4667=VERTEX_POINT('',#13754);
#4668=VERTEX_POINT('',#13757);
#4669=VERTEX_POINT('',#13758);
#4670=VERTEX_POINT('',#13761);
#4671=VERTEX_POINT('',#13763);
#4672=VERTEX_POINT('',#13766);
#4673=VERTEX_POINT('',#13774);
#4674=VERTEX_POINT('',#13776);
#4675=VERTEX_POINT('',#13778);
#4676=VERTEX_POINT('',#13781);
#4677=VERTEX_POINT('',#13783);
#4678=VERTEX_POINT('',#13786);
#4679=VERTEX_POINT('',#13794);
#4680=VERTEX_POINT('',#13796);
#4681=VERTEX_POINT('',#13798);
#4682=VERTEX_POINT('',#13800);
#4683=VERTEX_POINT('',#13802);
#4684=VERTEX_POINT('',#13805);
#4685=VERTEX_POINT('',#13807);
#4686=VERTEX_POINT('',#13810);
#4687=VERTEX_POINT('',#13818);
#4688=VERTEX_POINT('',#13822);
#4689=VERTEX_POINT('',#13823);
#4690=VERTEX_POINT('',#13825);
#4691=VERTEX_POINT('',#13827);
#4692=VERTEX_POINT('',#13829);
#4693=VERTEX_POINT('',#13831);
#4694=VERTEX_POINT('',#13833);
#4695=VERTEX_POINT('',#13835);
#4696=VERTEX_POINT('',#13837);
#4697=VERTEX_POINT('',#13839);
#4698=VERTEX_POINT('',#13841);
#4699=VERTEX_POINT('',#13843);
#4700=VERTEX_POINT('',#13845);
#4701=VERTEX_POINT('',#13847);
#4702=VERTEX_POINT('',#13849);
#4703=VERTEX_POINT('',#13851);
#4704=VERTEX_POINT('',#13853);
#4705=VERTEX_POINT('',#13855);
#4706=VERTEX_POINT('',#13857);
#4707=VERTEX_POINT('',#13859);
#4708=VERTEX_POINT('',#13861);
#4709=VERTEX_POINT('',#13863);
#4710=VERTEX_POINT('',#13865);
#4711=VERTEX_POINT('',#13867);
#4712=VERTEX_POINT('',#13870);
#4713=VERTEX_POINT('',#13871);
#4714=VERTEX_POINT('',#13873);
#4715=VERTEX_POINT('',#13881);
#4716=VERTEX_POINT('',#13884);
#4717=VERTEX_POINT('',#13886);
#4718=VERTEX_POINT('',#13889);
#4719=VERTEX_POINT('',#13891);
#4720=VERTEX_POINT('',#13893);
#4721=VERTEX_POINT('',#13895);
#4722=VERTEX_POINT('',#13897);
#4723=VERTEX_POINT('',#13905);
#4724=VERTEX_POINT('',#13908);
#4725=VERTEX_POINT('',#13910);
#4726=VERTEX_POINT('',#13913);
#4727=VERTEX_POINT('',#13915);
#4728=VERTEX_POINT('',#13917);
#4729=VERTEX_POINT('',#13925);
#4730=VERTEX_POINT('',#13928);
#4731=VERTEX_POINT('',#13930);
#4732=VERTEX_POINT('',#14030);
#4733=VERTEX_POINT('',#14031);
#4734=VERTEX_POINT('',#14033);
#4735=VERTEX_POINT('',#14035);
#4736=VERTEX_POINT('',#14039);
#4737=VERTEX_POINT('',#14040);
#4738=VERTEX_POINT('',#14042);
#4739=VERTEX_POINT('',#14044);
#4740=VERTEX_POINT('',#14046);
#4741=VERTEX_POINT('',#14048);
#4742=VERTEX_POINT('',#14050);
#4743=VERTEX_POINT('',#14052);
#4744=VERTEX_POINT('',#14056);
#4745=VERTEX_POINT('',#14057);
#4746=VERTEX_POINT('',#14059);
#4747=VERTEX_POINT('',#14061);
#4748=VERTEX_POINT('',#14065);
#4749=VERTEX_POINT('',#14066);
#4750=VERTEX_POINT('',#14068);
#4751=VERTEX_POINT('',#14070);
#4752=VERTEX_POINT('',#14074);
#4753=VERTEX_POINT('',#14075);
#4754=VERTEX_POINT('',#14077);
#4755=VERTEX_POINT('',#14079);
#4756=VERTEX_POINT('',#14081);
#4757=VERTEX_POINT('',#14083);
#4758=VERTEX_POINT('',#14085);
#4759=VERTEX_POINT('',#14087);
#4760=VERTEX_POINT('',#14091);
#4761=VERTEX_POINT('',#14092);
#4762=VERTEX_POINT('',#14094);
#4763=VERTEX_POINT('',#14096);
#4764=VERTEX_POINT('',#14100);
#4765=VERTEX_POINT('',#14102);
#4766=VERTEX_POINT('',#14105);
#4767=VERTEX_POINT('',#14107);
#4768=VERTEX_POINT('',#14110);
#4769=VERTEX_POINT('',#14112);
#4770=VERTEX_POINT('',#14115);
#4771=VERTEX_POINT('',#14117);
#4772=VERTEX_POINT('',#14121);
#4773=VERTEX_POINT('',#14123);
#4774=VERTEX_POINT('',#14126);
#4775=VERTEX_POINT('',#14128);
#4776=VERTEX_POINT('',#14131);
#4777=VERTEX_POINT('',#14133);
#4778=VERTEX_POINT('',#14136);
#4779=VERTEX_POINT('',#14138);
#4780=VERTEX_POINT('',#14142);
#4781=VERTEX_POINT('',#14144);
#4782=VERTEX_POINT('',#14147);
#4783=VERTEX_POINT('',#14149);
#4784=VERTEX_POINT('',#14152);
#4785=VERTEX_POINT('',#14154);
#4786=VERTEX_POINT('',#14157);
#4787=VERTEX_POINT('',#14159);
#4788=VERTEX_POINT('',#14162);
#4789=VERTEX_POINT('',#14164);
#4790=VERTEX_POINT('',#14167);
#4791=VERTEX_POINT('',#14169);
#4792=VERTEX_POINT('',#14172);
#4793=VERTEX_POINT('',#14175);
#4794=VERTEX_POINT('',#14177);
#4795=VERTEX_POINT('',#14180);
#4796=VERTEX_POINT('',#14182);
#4797=VERTEX_POINT('',#14186);
#4798=VERTEX_POINT('',#14187);
#4799=VERTEX_POINT('',#14189);
#4800=VERTEX_POINT('',#14191);
#4801=VERTEX_POINT('',#14195);
#4802=VERTEX_POINT('',#14196);
#4803=VERTEX_POINT('',#14198);
#4804=VERTEX_POINT('',#14200);
#4805=VERTEX_POINT('',#14204);
#4806=VERTEX_POINT('',#14205);
#4807=VERTEX_POINT('',#14207);
#4808=VERTEX_POINT('',#14209);
#4809=VERTEX_POINT('',#14213);
#4810=VERTEX_POINT('',#14214);
#4811=VERTEX_POINT('',#14216);
#4812=VERTEX_POINT('',#14218);
#4813=VERTEX_POINT('',#14222);
#4814=VERTEX_POINT('',#14223);
#4815=VERTEX_POINT('',#14225);
#4816=VERTEX_POINT('',#14227);
#4817=VERTEX_POINT('',#14231);
#4818=VERTEX_POINT('',#14233);
#4819=VERTEX_POINT('',#14236);
#4820=VERTEX_POINT('',#14238);
#4821=VERTEX_POINT('',#14241);
#4822=VERTEX_POINT('',#14243);
#4823=VERTEX_POINT('',#14248);
#4824=VERTEX_POINT('',#14251);
#4825=VERTEX_POINT('',#14253);
#4826=VERTEX_POINT('',#14256);
#4827=VERTEX_POINT('',#14258);
#4828=VERTEX_POINT('',#14261);
#4829=VERTEX_POINT('',#14265);
#4830=VERTEX_POINT('',#14266);
#4831=VERTEX_POINT('',#14268);
#4832=VERTEX_POINT('',#14270);
#4833=VERTEX_POINT('',#14274);
#4834=VERTEX_POINT('',#14276);
#4835=VERTEX_POINT('',#14279);
#4836=VERTEX_POINT('',#14281);
#4837=VERTEX_POINT('',#14284);
#4838=VERTEX_POINT('',#14286);
#4839=VERTEX_POINT('',#14291);
#4840=VERTEX_POINT('',#14294);
#4841=VERTEX_POINT('',#14296);
#4842=VERTEX_POINT('',#14299);
#4843=VERTEX_POINT('',#14301);
#4844=VERTEX_POINT('',#14304);
#4845=VERTEX_POINT('',#14371);
#4846=VERTEX_POINT('',#14372);
#4847=VERTEX_POINT('',#14374);
#4848=VERTEX_POINT('',#14376);
#4849=VERTEX_POINT('',#14378);
#4850=VERTEX_POINT('',#14380);
#4851=VERTEX_POINT('',#14382);
#4852=VERTEX_POINT('',#14384);
#4853=VERTEX_POINT('',#14392);
#4854=VERTEX_POINT('',#14394);
#4855=VERTEX_POINT('',#14396);
#4856=VERTEX_POINT('',#14398);
#4857=VERTEX_POINT('',#14400);
#4858=VERTEX_POINT('',#14402);
#4859=VERTEX_POINT('',#14404);
#4860=VERTEX_POINT('',#14406);
#4861=VERTEX_POINT('',#14408);
#4862=VERTEX_POINT('',#14410);
#4863=VERTEX_POINT('',#14412);
#4864=VERTEX_POINT('',#14414);
#4865=VERTEX_POINT('',#14422);
#4866=VERTEX_POINT('',#14424);
#4867=VERTEX_POINT('',#14426);
#4868=VERTEX_POINT('',#14428);
#4869=VERTEX_POINT('',#14430);
#4870=VERTEX_POINT('',#14432);
#4871=VERTEX_POINT('',#14434);
#4872=VERTEX_POINT('',#14436);
#4873=VERTEX_POINT('',#14438);
#4874=VERTEX_POINT('',#14440);
#4875=VERTEX_POINT('',#14448);
#4876=VERTEX_POINT('',#14450);
#4877=VERTEX_POINT('',#14452);
#4878=VERTEX_POINT('',#14454);
#4879=VERTEX_POINT('',#14456);
#4880=VERTEX_POINT('',#14458);
#4881=VERTEX_POINT('',#14460);
#4882=VERTEX_POINT('',#14462);
#4883=VERTEX_POINT('',#14465);
#4884=VERTEX_POINT('',#14466);
#4885=VERTEX_POINT('',#14468);
#4886=VERTEX_POINT('',#14470);
#4887=VERTEX_POINT('',#14474);
#4888=VERTEX_POINT('',#14475);
#4889=VERTEX_POINT('',#14477);
#4890=VERTEX_POINT('',#14479);
#4891=VERTEX_POINT('',#14482);
#4892=VERTEX_POINT('',#14483);
#4893=VERTEX_POINT('',#14485);
#4894=VERTEX_POINT('',#14493);
#4895=VERTEX_POINT('',#14495);
#4896=VERTEX_POINT('',#14497);
#4897=VERTEX_POINT('',#14499);
#4898=VERTEX_POINT('',#14501);
#4899=VERTEX_POINT('',#14503);
#4900=VERTEX_POINT('',#14505);
#4901=VERTEX_POINT('',#14507);
#4902=VERTEX_POINT('',#14509);
#4903=VERTEX_POINT('',#14511);
#4904=VERTEX_POINT('',#14513);
#4905=VERTEX_POINT('',#14515);
#4906=VERTEX_POINT('',#14523);
#4907=VERTEX_POINT('',#14525);
#4908=VERTEX_POINT('',#14527);
#4909=VERTEX_POINT('',#14529);
#4910=VERTEX_POINT('',#14531);
#4911=VERTEX_POINT('',#14533);
#4912=VERTEX_POINT('',#14535);
#4913=VERTEX_POINT('',#14537);
#4914=VERTEX_POINT('',#14539);
#4915=VERTEX_POINT('',#14547);
#4916=VERTEX_POINT('',#14549);
#4917=VERTEX_POINT('',#14551);
#4918=VERTEX_POINT('',#14553);
#4919=VERTEX_POINT('',#14555);
#4920=VERTEX_POINT('',#14557);
#4921=VERTEX_POINT('',#14559);
#4922=VERTEX_POINT('',#14562);
#4923=VERTEX_POINT('',#14564);
#4924=VERTEX_POINT('',#14565);
#4925=VERTEX_POINT('',#14567);
#4926=VERTEX_POINT('',#14569);
#4927=VERTEX_POINT('',#14572);
#4928=VERTEX_POINT('',#14573);
#4929=VERTEX_POINT('',#14575);
#4930=VERTEX_POINT('',#14577);
#4931=VERTEX_POINT('',#14580);
#4932=VERTEX_POINT('',#14581);
#4933=VERTEX_POINT('',#14583);
#4934=VERTEX_POINT('',#14585);
#4935=VERTEX_POINT('',#14589);
#4936=VERTEX_POINT('',#14590);
#4937=VERTEX_POINT('',#14595);
#4938=VERTEX_POINT('',#14597);
#4939=VERTEX_POINT('',#14601);
#4940=VERTEX_POINT('',#14603);
#4941=VERTEX_POINT('',#14607);
#4942=VERTEX_POINT('',#14608);
#4943=VERTEX_POINT('',#14613);
#4944=VERTEX_POINT('',#14615);
#4945=VERTEX_POINT('',#14634);
#4946=VERTEX_POINT('',#14636);
#4947=VERTEX_POINT('',#14649);
#4948=VERTEX_POINT('',#14653);
#4949=VERTEX_POINT('',#14660);
#4950=VERTEX_POINT('',#14708);
#4951=VERTEX_POINT('',#14712);
#4952=VERTEX_POINT('',#14718);
#4953=VERTEX_POINT('',#14719);
#4954=VERTEX_POINT('',#14721);
#4955=VERTEX_POINT('',#14723);
#4956=VERTEX_POINT('',#14728);
#4957=VERTEX_POINT('',#14729);
#4958=VERTEX_POINT('',#14731);
#4959=VERTEX_POINT('',#14733);
#4960=VERTEX_POINT('',#14736);
#4961=VERTEX_POINT('',#14737);
#4962=VERTEX_POINT('',#14739);
#4963=VERTEX_POINT('',#14741);
#4964=VERTEX_POINT('',#14747);
#4965=VERTEX_POINT('',#14748);
#4966=VERTEX_POINT('',#14750);
#4967=VERTEX_POINT('',#14752);
#4968=VERTEX_POINT('',#14764);
#4969=VERTEX_POINT('',#14765);
#4970=VERTEX_POINT('',#14767);
#4971=VERTEX_POINT('',#14769);
#4972=VERTEX_POINT('',#14784);
#4973=VERTEX_POINT('',#14785);
#4974=VERTEX_POINT('',#14787);
#4975=VERTEX_POINT('',#14789);
#4976=VERTEX_POINT('',#14810);
#4977=VERTEX_POINT('',#14813);
#4978=VERTEX_POINT('',#14814);
#4979=VERTEX_POINT('',#14816);
#4980=VERTEX_POINT('',#14818);
#4981=VERTEX_POINT('',#14821);
#4982=VERTEX_POINT('',#14822);
#4983=VERTEX_POINT('',#14824);
#4984=VERTEX_POINT('',#14826);
#4985=VERTEX_POINT('',#14830);
#4986=VERTEX_POINT('',#14832);
#4987=VERTEX_POINT('',#14836);
#4988=VERTEX_POINT('',#14837);
#4989=VERTEX_POINT('',#14839);
#4990=VERTEX_POINT('',#14841);
#4991=VERTEX_POINT('',#14845);
#4992=VERTEX_POINT('',#14850);
#4993=VERTEX_POINT('',#14858);
#4994=VERTEX_POINT('',#14862);
#4995=VERTEX_POINT('',#14870);
#4996=VERTEX_POINT('',#14871);
#4997=VERTEX_POINT('',#14873);
#4998=VERTEX_POINT('',#14875);
#4999=VERTEX_POINT('',#14878);
#5000=VERTEX_POINT('',#14879);
#5001=VERTEX_POINT('',#14881);
#5002=VERTEX_POINT('',#14883);
#5003=VERTEX_POINT('',#14886);
#5004=VERTEX_POINT('',#14888);
#5005=VERTEX_POINT('',#14890);
#5006=VERTEX_POINT('',#14891);
#5007=VERTEX_POINT('',#14893);
#5008=VERTEX_POINT('',#14895);
#5009=VERTEX_POINT('',#14899);
#5010=VERTEX_POINT('',#14900);
#5011=VERTEX_POINT('',#14902);
#5012=VERTEX_POINT('',#14904);
#5013=VERTEX_POINT('',#14907);
#5014=VERTEX_POINT('',#14908);
#5015=VERTEX_POINT('',#14910);
#5016=VERTEX_POINT('',#14912);
#5017=VERTEX_POINT('',#14915);
#5018=VERTEX_POINT('',#14917);
#5019=VERTEX_POINT('',#14919);
#5020=VERTEX_POINT('',#14920);
#5021=VERTEX_POINT('',#14922);
#5022=VERTEX_POINT('',#14924);
#5023=VERTEX_POINT('',#14955);
#5024=VERTEX_POINT('',#14957);
#5025=LINE('',#12247,#6145);
#5026=LINE('',#12250,#6146);
#5027=LINE('',#12252,#6147);
#5028=LINE('',#12254,#6148);
#5029=LINE('',#12256,#6149);
#5030=LINE('',#12258,#6150);
#5031=LINE('',#12260,#6151);
#5032=LINE('',#12262,#6152);
#5033=LINE('',#12264,#6153);
#5034=LINE('',#12266,#6154);
#5035=LINE('',#12269,#6155);
#5036=LINE('',#12271,#6156);
#5037=LINE('',#12273,#6157);
#5038=LINE('',#12275,#6158);
#5039=LINE('',#12278,#6159);
#5040=LINE('',#12279,#6160);
#5041=LINE('',#12281,#6161);
#5042=LINE('',#12283,#6162);
#5043=LINE('',#12285,#6163);
#5044=LINE('',#12286,#6164);
#5045=LINE('',#12288,#6165);
#5046=LINE('',#12290,#6166);
#5047=LINE('',#12292,#6167);
#5048=LINE('',#12294,#6168);
#5049=LINE('',#12296,#6169);
#5050=LINE('',#12298,#6170);
#5051=LINE('',#12300,#6171);
#5052=LINE('',#12302,#6172);
#5053=LINE('',#12305,#6173);
#5054=LINE('',#12307,#6174);
#5055=LINE('',#12309,#6175);
#5056=LINE('',#12311,#6176);
#5057=LINE('',#12314,#6177);
#5058=LINE('',#12315,#6178);
#5059=LINE('',#12317,#6179);
#5060=LINE('',#12319,#6180);
#5061=LINE('',#12321,#6181);
#5062=LINE('',#12322,#6182);
#5063=LINE('',#12324,#6183);
#5064=LINE('',#12326,#6184);
#5065=LINE('',#12328,#6185);
#5066=LINE('',#12330,#6186);
#5067=LINE('',#12332,#6187);
#5068=LINE('',#12334,#6188);
#5069=LINE('',#12336,#6189);
#5070=LINE('',#12338,#6190);
#5071=LINE('',#12341,#6191);
#5072=LINE('',#12343,#6192);
#5073=LINE('',#12345,#6193);
#5074=LINE('',#12347,#6194);
#5075=LINE('',#12350,#6195);
#5076=LINE('',#12351,#6196);
#5077=LINE('',#12353,#6197);
#5078=LINE('',#12355,#6198);
#5079=LINE('',#12357,#6199);
#5080=LINE('',#12358,#6200);
#5081=LINE('',#12360,#6201);
#5082=LINE('',#12362,#6202);
#5083=LINE('',#12364,#6203);
#5084=LINE('',#12366,#6204);
#5085=LINE('',#12368,#6205);
#5086=LINE('',#12370,#6206);
#5087=LINE('',#12372,#6207);
#5088=LINE('',#12374,#6208);
#5089=LINE('',#12377,#6209);
#5090=LINE('',#12379,#6210);
#5091=LINE('',#12381,#6211);
#5092=LINE('',#12383,#6212);
#5093=LINE('',#12386,#6213);
#5094=LINE('',#12387,#6214);
#5095=LINE('',#12389,#6215);
#5096=LINE('',#12391,#6216);
#5097=LINE('',#12393,#6217);
#5098=LINE('',#12394,#6218);
#5099=LINE('',#12396,#6219);
#5100=LINE('',#12398,#6220);
#5101=LINE('',#12400,#6221);
#5102=LINE('',#12402,#6222);
#5103=LINE('',#12404,#6223);
#5104=LINE('',#12406,#6224);
#5105=LINE('',#12408,#6225);
#5106=LINE('',#12410,#6226);
#5107=LINE('',#12413,#6227);
#5108=LINE('',#12415,#6228);
#5109=LINE('',#12417,#6229);
#5110=LINE('',#12419,#6230);
#5111=LINE('',#12422,#6231);
#5112=LINE('',#12423,#6232);
#5113=LINE('',#12425,#6233);
#5114=LINE('',#12427,#6234);
#5115=LINE('',#12429,#6235);
#5116=LINE('',#12430,#6236);
#5117=LINE('',#12432,#6237);
#5118=LINE('',#12434,#6238);
#5119=LINE('',#12436,#6239);
#5120=LINE('',#12438,#6240);
#5121=LINE('',#12440,#6241);
#5122=LINE('',#12442,#6242);
#5123=LINE('',#12444,#6243);
#5124=LINE('',#12446,#6244);
#5125=LINE('',#12449,#6245);
#5126=LINE('',#12451,#6246);
#5127=LINE('',#12453,#6247);
#5128=LINE('',#12455,#6248);
#5129=LINE('',#12458,#6249);
#5130=LINE('',#12459,#6250);
#5131=LINE('',#12461,#6251);
#5132=LINE('',#12463,#6252);
#5133=LINE('',#12465,#6253);
#5134=LINE('',#12466,#6254);
#5135=LINE('',#12468,#6255);
#5136=LINE('',#12470,#6256);
#5137=LINE('',#12472,#6257);
#5138=LINE('',#12474,#6258);
#5139=LINE('',#12476,#6259);
#5140=LINE('',#12478,#6260);
#5141=LINE('',#12480,#6261);
#5142=LINE('',#12482,#6262);
#5143=LINE('',#12485,#6263);
#5144=LINE('',#12487,#6264);
#5145=LINE('',#12489,#6265);
#5146=LINE('',#12491,#6266);
#5147=LINE('',#12494,#6267);
#5148=LINE('',#12495,#6268);
#5149=LINE('',#12497,#6269);
#5150=LINE('',#12499,#6270);
#5151=LINE('',#12501,#6271);
#5152=LINE('',#12502,#6272);
#5153=LINE('',#12504,#6273);
#5154=LINE('',#12506,#6274);
#5155=LINE('',#12508,#6275);
#5156=LINE('',#12510,#6276);
#5157=LINE('',#12512,#6277);
#5158=LINE('',#12514,#6278);
#5159=LINE('',#12516,#6279);
#5160=LINE('',#12518,#6280);
#5161=LINE('',#12521,#6281);
#5162=LINE('',#12523,#6282);
#5163=LINE('',#12525,#6283);
#5164=LINE('',#12527,#6284);
#5165=LINE('',#12530,#6285);
#5166=LINE('',#12531,#6286);
#5167=LINE('',#12533,#6287);
#5168=LINE('',#12535,#6288);
#5169=LINE('',#12537,#6289);
#5170=LINE('',#12538,#6290);
#5171=LINE('',#12540,#6291);
#5172=LINE('',#12542,#6292);
#5173=LINE('',#12544,#6293);
#5174=LINE('',#12546,#6294);
#5175=LINE('',#12548,#6295);
#5176=LINE('',#12550,#6296);
#5177=LINE('',#12552,#6297);
#5178=LINE('',#12554,#6298);
#5179=LINE('',#12557,#6299);
#5180=LINE('',#12559,#6300);
#5181=LINE('',#12561,#6301);
#5182=LINE('',#12563,#6302);
#5183=LINE('',#12566,#6303);
#5184=LINE('',#12567,#6304);
#5185=LINE('',#12569,#6305);
#5186=LINE('',#12571,#6306);
#5187=LINE('',#12573,#6307);
#5188=LINE('',#12574,#6308);
#5189=LINE('',#12576,#6309);
#5190=LINE('',#12578,#6310);
#5191=LINE('',#12580,#6311);
#5192=LINE('',#12582,#6312);
#5193=LINE('',#12584,#6313);
#5194=LINE('',#12586,#6314);
#5195=LINE('',#12588,#6315);
#5196=LINE('',#12590,#6316);
#5197=LINE('',#12593,#6317);
#5198=LINE('',#12595,#6318);
#5199=LINE('',#12597,#6319);
#5200=LINE('',#12599,#6320);
#5201=LINE('',#12602,#6321);
#5202=LINE('',#12603,#6322);
#5203=LINE('',#12605,#6323);
#5204=LINE('',#12607,#6324);
#5205=LINE('',#12609,#6325);
#5206=LINE('',#12610,#6326);
#5207=LINE('',#12612,#6327);
#5208=LINE('',#12614,#6328);
#5209=LINE('',#12616,#6329);
#5210=LINE('',#12618,#6330);
#5211=LINE('',#12620,#6331);
#5212=LINE('',#12622,#6332);
#5213=LINE('',#12624,#6333);
#5214=LINE('',#12626,#6334);
#5215=LINE('',#12629,#6335);
#5216=LINE('',#12631,#6336);
#5217=LINE('',#12633,#6337);
#5218=LINE('',#12635,#6338);
#5219=LINE('',#12638,#6339);
#5220=LINE('',#12639,#6340);
#5221=LINE('',#12641,#6341);
#5222=LINE('',#12643,#6342);
#5223=LINE('',#12645,#6343);
#5224=LINE('',#12646,#6344);
#5225=LINE('',#12648,#6345);
#5226=LINE('',#12650,#6346);
#5227=LINE('',#12652,#6347);
#5228=LINE('',#12654,#6348);
#5229=LINE('',#12656,#6349);
#5230=LINE('',#12658,#6350);
#5231=LINE('',#12660,#6351);
#5232=LINE('',#12662,#6352);
#5233=LINE('',#12665,#6353);
#5234=LINE('',#12667,#6354);
#5235=LINE('',#12669,#6355);
#5236=LINE('',#12671,#6356);
#5237=LINE('',#12674,#6357);
#5238=LINE('',#12675,#6358);
#5239=LINE('',#12677,#6359);
#5240=LINE('',#12679,#6360);
#5241=LINE('',#12681,#6361);
#5242=LINE('',#12682,#6362);
#5243=LINE('',#12684,#6363);
#5244=LINE('',#12686,#6364);
#5245=LINE('',#12688,#6365);
#5246=LINE('',#12690,#6366);
#5247=LINE('',#12692,#6367);
#5248=LINE('',#12694,#6368);
#5249=LINE('',#12696,#6369);
#5250=LINE('',#12698,#6370);
#5251=LINE('',#12701,#6371);
#5252=LINE('',#12703,#6372);
#5253=LINE('',#12705,#6373);
#5254=LINE('',#12707,#6374);
#5255=LINE('',#12710,#6375);
#5256=LINE('',#12711,#6376);
#5257=LINE('',#12713,#6377);
#5258=LINE('',#12715,#6378);
#5259=LINE('',#12717,#6379);
#5260=LINE('',#12718,#6380);
#5261=LINE('',#12720,#6381);
#5262=LINE('',#12722,#6382);
#5263=LINE('',#12724,#6383);
#5264=LINE('',#12726,#6384);
#5265=LINE('',#12728,#6385);
#5266=LINE('',#12730,#6386);
#5267=LINE('',#12732,#6387);
#5268=LINE('',#12734,#6388);
#5269=LINE('',#12737,#6389);
#5270=LINE('',#12739,#6390);
#5271=LINE('',#12741,#6391);
#5272=LINE('',#12743,#6392);
#5273=LINE('',#12746,#6393);
#5274=LINE('',#12747,#6394);
#5275=LINE('',#12749,#6395);
#5276=LINE('',#12751,#6396);
#5277=LINE('',#12753,#6397);
#5278=LINE('',#12754,#6398);
#5279=LINE('',#12756,#6399);
#5280=LINE('',#12758,#6400);
#5281=LINE('',#12760,#6401);
#5282=LINE('',#12762,#6402);
#5283=LINE('',#12764,#6403);
#5284=LINE('',#12766,#6404);
#5285=LINE('',#12768,#6405);
#5286=LINE('',#12770,#6406);
#5287=LINE('',#12773,#6407);
#5288=LINE('',#12775,#6408);
#5289=LINE('',#12777,#6409);
#5290=LINE('',#12779,#6410);
#5291=LINE('',#12782,#6411);
#5292=LINE('',#12783,#6412);
#5293=LINE('',#12785,#6413);
#5294=LINE('',#12787,#6414);
#5295=LINE('',#12789,#6415);
#5296=LINE('',#12790,#6416);
#5297=LINE('',#12792,#6417);
#5298=LINE('',#12794,#6418);
#5299=LINE('',#12796,#6419);
#5300=LINE('',#12798,#6420);
#5301=LINE('',#12800,#6421);
#5302=LINE('',#12802,#6422);
#5303=LINE('',#12804,#6423);
#5304=LINE('',#12806,#6424);
#5305=LINE('',#12809,#6425);
#5306=LINE('',#12811,#6426);
#5307=LINE('',#12813,#6427);
#5308=LINE('',#12815,#6428);
#5309=LINE('',#12818,#6429);
#5310=LINE('',#12819,#6430);
#5311=LINE('',#12821,#6431);
#5312=LINE('',#12823,#6432);
#5313=LINE('',#12825,#6433);
#5314=LINE('',#12826,#6434);
#5315=LINE('',#12828,#6435);
#5316=LINE('',#12830,#6436);
#5317=LINE('',#12832,#6437);
#5318=LINE('',#12834,#6438);
#5319=LINE('',#12836,#6439);
#5320=LINE('',#12838,#6440);
#5321=LINE('',#12840,#6441);
#5322=LINE('',#12842,#6442);
#5323=LINE('',#12845,#6443);
#5324=LINE('',#12847,#6444);
#5325=LINE('',#12849,#6445);
#5326=LINE('',#12851,#6446);
#5327=LINE('',#12854,#6447);
#5328=LINE('',#12855,#6448);
#5329=LINE('',#12857,#6449);
#5330=LINE('',#12859,#6450);
#5331=LINE('',#12861,#6451);
#5332=LINE('',#12862,#6452);
#5333=LINE('',#12864,#6453);
#5334=LINE('',#12866,#6454);
#5335=LINE('',#12868,#6455);
#5336=LINE('',#12870,#6456);
#5337=LINE('',#12872,#6457);
#5338=LINE('',#12874,#6458);
#5339=LINE('',#12876,#6459);
#5340=LINE('',#12878,#6460);
#5341=LINE('',#12881,#6461);
#5342=LINE('',#12883,#6462);
#5343=LINE('',#12885,#6463);
#5344=LINE('',#12887,#6464);
#5345=LINE('',#12890,#6465);
#5346=LINE('',#12891,#6466);
#5347=LINE('',#12893,#6467);
#5348=LINE('',#12895,#6468);
#5349=LINE('',#12897,#6469);
#5350=LINE('',#12898,#6470);
#5351=LINE('',#12900,#6471);
#5352=LINE('',#12902,#6472);
#5353=LINE('',#12904,#6473);
#5354=LINE('',#12906,#6474);
#5355=LINE('',#12908,#6475);
#5356=LINE('',#12910,#6476);
#5357=LINE('',#12912,#6477);
#5358=LINE('',#12914,#6478);
#5359=LINE('',#12917,#6479);
#5360=LINE('',#12919,#6480);
#5361=LINE('',#12921,#6481);
#5362=LINE('',#12923,#6482);
#5363=LINE('',#12926,#6483);
#5364=LINE('',#12927,#6484);
#5365=LINE('',#12929,#6485);
#5366=LINE('',#12931,#6486);
#5367=LINE('',#12933,#6487);
#5368=LINE('',#12934,#6488);
#5369=LINE('',#12936,#6489);
#5370=LINE('',#12938,#6490);
#5371=LINE('',#12940,#6491);
#5372=LINE('',#12942,#6492);
#5373=LINE('',#12944,#6493);
#5374=LINE('',#12946,#6494);
#5375=LINE('',#12948,#6495);
#5376=LINE('',#12950,#6496);
#5377=LINE('',#12953,#6497);
#5378=LINE('',#12955,#6498);
#5379=LINE('',#12957,#6499);
#5380=LINE('',#12959,#6500);
#5381=LINE('',#12962,#6501);
#5382=LINE('',#12963,#6502);
#5383=LINE('',#12965,#6503);
#5384=LINE('',#12967,#6504);
#5385=LINE('',#12969,#6505);
#5386=LINE('',#12970,#6506);
#5387=LINE('',#12972,#6507);
#5388=LINE('',#12974,#6508);
#5389=LINE('',#12976,#6509);
#5390=LINE('',#12978,#6510);
#5391=LINE('',#12980,#6511);
#5392=LINE('',#12982,#6512);
#5393=LINE('',#12984,#6513);
#5394=LINE('',#12986,#6514);
#5395=LINE('',#12989,#6515);
#5396=LINE('',#12991,#6516);
#5397=LINE('',#12993,#6517);
#5398=LINE('',#12995,#6518);
#5399=LINE('',#12998,#6519);
#5400=LINE('',#12999,#6520);
#5401=LINE('',#13001,#6521);
#5402=LINE('',#13003,#6522);
#5403=LINE('',#13005,#6523);
#5404=LINE('',#13006,#6524);
#5405=LINE('',#13008,#6525);
#5406=LINE('',#13010,#6526);
#5407=LINE('',#13012,#6527);
#5408=LINE('',#13014,#6528);
#5409=LINE('',#13016,#6529);
#5410=LINE('',#13018,#6530);
#5411=LINE('',#13020,#6531);
#5412=LINE('',#13022,#6532);
#5413=LINE('',#13025,#6533);
#5414=LINE('',#13027,#6534);
#5415=LINE('',#13029,#6535);
#5416=LINE('',#13031,#6536);
#5417=LINE('',#13034,#6537);
#5418=LINE('',#13035,#6538);
#5419=LINE('',#13037,#6539);
#5420=LINE('',#13039,#6540);
#5421=LINE('',#13041,#6541);
#5422=LINE('',#13042,#6542);
#5423=LINE('',#13044,#6543);
#5424=LINE('',#13046,#6544);
#5425=LINE('',#13048,#6545);
#5426=LINE('',#13050,#6546);
#5427=LINE('',#13052,#6547);
#5428=LINE('',#13054,#6548);
#5429=LINE('',#13056,#6549);
#5430=LINE('',#13058,#6550);
#5431=LINE('',#13061,#6551);
#5432=LINE('',#13063,#6552);
#5433=LINE('',#13065,#6553);
#5434=LINE('',#13067,#6554);
#5435=LINE('',#13070,#6555);
#5436=LINE('',#13071,#6556);
#5437=LINE('',#13073,#6557);
#5438=LINE('',#13075,#6558);
#5439=LINE('',#13077,#6559);
#5440=LINE('',#13078,#6560);
#5441=LINE('',#13080,#6561);
#5442=LINE('',#13082,#6562);
#5443=LINE('',#13084,#6563);
#5444=LINE('',#13086,#6564);
#5445=LINE('',#13088,#6565);
#5446=LINE('',#13090,#6566);
#5447=LINE('',#13092,#6567);
#5448=LINE('',#13094,#6568);
#5449=LINE('',#13097,#6569);
#5450=LINE('',#13099,#6570);
#5451=LINE('',#13101,#6571);
#5452=LINE('',#13103,#6572);
#5453=LINE('',#13106,#6573);
#5454=LINE('',#13107,#6574);
#5455=LINE('',#13109,#6575);
#5456=LINE('',#13111,#6576);
#5457=LINE('',#13113,#6577);
#5458=LINE('',#13114,#6578);
#5459=LINE('',#13116,#6579);
#5460=LINE('',#13118,#6580);
#5461=LINE('',#13120,#6581);
#5462=LINE('',#13122,#6582);
#5463=LINE('',#13124,#6583);
#5464=LINE('',#13126,#6584);
#5465=LINE('',#13128,#6585);
#5466=LINE('',#13130,#6586);
#5467=LINE('',#13133,#6587);
#5468=LINE('',#13135,#6588);
#5469=LINE('',#13137,#6589);
#5470=LINE('',#13139,#6590);
#5471=LINE('',#13142,#6591);
#5472=LINE('',#13143,#6592);
#5473=LINE('',#13145,#6593);
#5474=LINE('',#13147,#6594);
#5475=LINE('',#13149,#6595);
#5476=LINE('',#13150,#6596);
#5477=LINE('',#13152,#6597);
#5478=LINE('',#13154,#6598);
#5479=LINE('',#13156,#6599);
#5480=LINE('',#13158,#6600);
#5481=LINE('',#13160,#6601);
#5482=LINE('',#13162,#6602);
#5483=LINE('',#13164,#6603);
#5484=LINE('',#13166,#6604);
#5485=LINE('',#13169,#6605);
#5486=LINE('',#13171,#6606);
#5487=LINE('',#13173,#6607);
#5488=LINE('',#13175,#6608);
#5489=LINE('',#13178,#6609);
#5490=LINE('',#13179,#6610);
#5491=LINE('',#13181,#6611);
#5492=LINE('',#13183,#6612);
#5493=LINE('',#13185,#6613);
#5494=LINE('',#13186,#6614);
#5495=LINE('',#13188,#6615);
#5496=LINE('',#13190,#6616);
#5497=LINE('',#13192,#6617);
#5498=LINE('',#13194,#6618);
#5499=LINE('',#13196,#6619);
#5500=LINE('',#13198,#6620);
#5501=LINE('',#13200,#6621);
#5502=LINE('',#13202,#6622);
#5503=LINE('',#13205,#6623);
#5504=LINE('',#13207,#6624);
#5505=LINE('',#13209,#6625);
#5506=LINE('',#13211,#6626);
#5507=LINE('',#13214,#6627);
#5508=LINE('',#13215,#6628);
#5509=LINE('',#13217,#6629);
#5510=LINE('',#13219,#6630);
#5511=LINE('',#13221,#6631);
#5512=LINE('',#13222,#6632);
#5513=LINE('',#13224,#6633);
#5514=LINE('',#13226,#6634);
#5515=LINE('',#13228,#6635);
#5516=LINE('',#13230,#6636);
#5517=LINE('',#13232,#6637);
#5518=LINE('',#13234,#6638);
#5519=LINE('',#13236,#6639);
#5520=LINE('',#13238,#6640);
#5521=LINE('',#13241,#6641);
#5522=LINE('',#13243,#6642);
#5523=LINE('',#13245,#6643);
#5524=LINE('',#13247,#6644);
#5525=LINE('',#13250,#6645);
#5526=LINE('',#13251,#6646);
#5527=LINE('',#13253,#6647);
#5528=LINE('',#13255,#6648);
#5529=LINE('',#13257,#6649);
#5530=LINE('',#13258,#6650);
#5531=LINE('',#13260,#6651);
#5532=LINE('',#13262,#6652);
#5533=LINE('',#13264,#6653);
#5534=LINE('',#13266,#6654);
#5535=LINE('',#13268,#6655);
#5536=LINE('',#13270,#6656);
#5537=LINE('',#13272,#6657);
#5538=LINE('',#13274,#6658);
#5539=LINE('',#13277,#6659);
#5540=LINE('',#13279,#6660);
#5541=LINE('',#13281,#6661);
#5542=LINE('',#13283,#6662);
#5543=LINE('',#13286,#6663);
#5544=LINE('',#13287,#6664);
#5545=LINE('',#13289,#6665);
#5546=LINE('',#13291,#6666);
#5547=LINE('',#13293,#6667);
#5548=LINE('',#13294,#6668);
#5549=LINE('',#13296,#6669);
#5550=LINE('',#13298,#6670);
#5551=LINE('',#13300,#6671);
#5552=LINE('',#13302,#6672);
#5553=LINE('',#13304,#6673);
#5554=LINE('',#13306,#6674);
#5555=LINE('',#13308,#6675);
#5556=LINE('',#13310,#6676);
#5557=LINE('',#13313,#6677);
#5558=LINE('',#13315,#6678);
#5559=LINE('',#13317,#6679);
#5560=LINE('',#13319,#6680);
#5561=LINE('',#13322,#6681);
#5562=LINE('',#13323,#6682);
#5563=LINE('',#13325,#6683);
#5564=LINE('',#13327,#6684);
#5565=LINE('',#13329,#6685);
#5566=LINE('',#13330,#6686);
#5567=LINE('',#13332,#6687);
#5568=LINE('',#13334,#6688);
#5569=LINE('',#13336,#6689);
#5570=LINE('',#13338,#6690);
#5571=LINE('',#13340,#6691);
#5572=LINE('',#13342,#6692);
#5573=LINE('',#13344,#6693);
#5574=LINE('',#13346,#6694);
#5575=LINE('',#13349,#6695);
#5576=LINE('',#13351,#6696);
#5577=LINE('',#13353,#6697);
#5578=LINE('',#13355,#6698);
#5579=LINE('',#13358,#6699);
#5580=LINE('',#13359,#6700);
#5581=LINE('',#13361,#6701);
#5582=LINE('',#13363,#6702);
#5583=LINE('',#13365,#6703);
#5584=LINE('',#13366,#6704);
#5585=LINE('',#13368,#6705);
#5586=LINE('',#13370,#6706);
#5587=LINE('',#13372,#6707);
#5588=LINE('',#13374,#6708);
#5589=LINE('',#13376,#6709);
#5590=LINE('',#13378,#6710);
#5591=LINE('',#13380,#6711);
#5592=LINE('',#13382,#6712);
#5593=LINE('',#13385,#6713);
#5594=LINE('',#13387,#6714);
#5595=LINE('',#13389,#6715);
#5596=LINE('',#13391,#6716);
#5597=LINE('',#13394,#6717);
#5598=LINE('',#13395,#6718);
#5599=LINE('',#13397,#6719);
#5600=LINE('',#13399,#6720);
#5601=LINE('',#13401,#6721);
#5602=LINE('',#13402,#6722);
#5603=LINE('',#13404,#6723);
#5604=LINE('',#13406,#6724);
#5605=LINE('',#13408,#6725);
#5606=LINE('',#13410,#6726);
#5607=LINE('',#13412,#6727);
#5608=LINE('',#13414,#6728);
#5609=LINE('',#13416,#6729);
#5610=LINE('',#13418,#6730);
#5611=LINE('',#13421,#6731);
#5612=LINE('',#13423,#6732);
#5613=LINE('',#13425,#6733);
#5614=LINE('',#13427,#6734);
#5615=LINE('',#13430,#6735);
#5616=LINE('',#13431,#6736);
#5617=LINE('',#13433,#6737);
#5618=LINE('',#13435,#6738);
#5619=LINE('',#13437,#6739);
#5620=LINE('',#13438,#6740);
#5621=LINE('',#13440,#6741);
#5622=LINE('',#13442,#6742);
#5623=LINE('',#13444,#6743);
#5624=LINE('',#13446,#6744);
#5625=LINE('',#13448,#6745);
#5626=LINE('',#13450,#6746);
#5627=LINE('',#13452,#6747);
#5628=LINE('',#13454,#6748);
#5629=LINE('',#13457,#6749);
#5630=LINE('',#13459,#6750);
#5631=LINE('',#13461,#6751);
#5632=LINE('',#13463,#6752);
#5633=LINE('',#13466,#6753);
#5634=LINE('',#13467,#6754);
#5635=LINE('',#13469,#6755);
#5636=LINE('',#13471,#6756);
#5637=LINE('',#13473,#6757);
#5638=LINE('',#13474,#6758);
#5639=LINE('',#13476,#6759);
#5640=LINE('',#13478,#6760);
#5641=LINE('',#13480,#6761);
#5642=LINE('',#13482,#6762);
#5643=LINE('',#13484,#6763);
#5644=LINE('',#13486,#6764);
#5645=LINE('',#13488,#6765);
#5646=LINE('',#13490,#6766);
#5647=LINE('',#13493,#6767);
#5648=LINE('',#13495,#6768);
#5649=LINE('',#13497,#6769);
#5650=LINE('',#13499,#6770);
#5651=LINE('',#13502,#6771);
#5652=LINE('',#13503,#6772);
#5653=LINE('',#13505,#6773);
#5654=LINE('',#13507,#6774);
#5655=LINE('',#13509,#6775);
#5656=LINE('',#13510,#6776);
#5657=LINE('',#13512,#6777);
#5658=LINE('',#13514,#6778);
#5659=LINE('',#13516,#6779);
#5660=LINE('',#13518,#6780);
#5661=LINE('',#13520,#6781);
#5662=LINE('',#13522,#6782);
#5663=LINE('',#13524,#6783);
#5664=LINE('',#13526,#6784);
#5665=LINE('',#13529,#6785);
#5666=LINE('',#13531,#6786);
#5667=LINE('',#13533,#6787);
#5668=LINE('',#13535,#6788);
#5669=LINE('',#13538,#6789);
#5670=LINE('',#13539,#6790);
#5671=LINE('',#13541,#6791);
#5672=LINE('',#13543,#6792);
#5673=LINE('',#13545,#6793);
#5674=LINE('',#13546,#6794);
#5675=LINE('',#13548,#6795);
#5676=LINE('',#13550,#6796);
#5677=LINE('',#13552,#6797);
#5678=LINE('',#13554,#6798);
#5679=LINE('',#13556,#6799);
#5680=LINE('',#13558,#6800);
#5681=LINE('',#13560,#6801);
#5682=LINE('',#13562,#6802);
#5683=LINE('',#13565,#6803);
#5684=LINE('',#13567,#6804);
#5685=LINE('',#13569,#6805);
#5686=LINE('',#13571,#6806);
#5687=LINE('',#13574,#6807);
#5688=LINE('',#13575,#6808);
#5689=LINE('',#13577,#6809);
#5690=LINE('',#13579,#6810);
#5691=LINE('',#13581,#6811);
#5692=LINE('',#13582,#6812);
#5693=LINE('',#13584,#6813);
#5694=LINE('',#13587,#6814);
#5695=LINE('',#13589,#6815);
#5696=LINE('',#13591,#6816);
#5697=LINE('',#13593,#6817);
#5698=LINE('',#13595,#6818);
#5699=LINE('',#13597,#6819);
#5700=LINE('',#13599,#6820);
#5701=LINE('',#13601,#6821);
#5702=LINE('',#13603,#6822);
#5703=LINE('',#13605,#6823);
#5704=LINE('',#13607,#6824);
#5705=LINE('',#13609,#6825);
#5706=LINE('',#13611,#6826);
#5707=LINE('',#13613,#6827);
#5708=LINE('',#13615,#6828);
#5709=LINE('',#13617,#6829);
#5710=LINE('',#13619,#6830);
#5711=LINE('',#13620,#6831);
#5712=LINE('',#13622,#6832);
#5713=LINE('',#13624,#6833);
#5714=LINE('',#13626,#6834);
#5715=LINE('',#13628,#6835);
#5716=LINE('',#13630,#6836);
#5717=LINE('',#13632,#6837);
#5718=LINE('',#13634,#6838);
#5719=LINE('',#13636,#6839);
#5720=LINE('',#13637,#6840);
#5721=LINE('',#13639,#6841);
#5722=LINE('',#13641,#6842);
#5723=LINE('',#13644,#6843);
#5724=LINE('',#13646,#6844);
#5725=LINE('',#13648,#6845);
#5726=LINE('',#13650,#6846);
#5727=LINE('',#13654,#6847);
#5728=LINE('',#13659,#6848);
#5729=LINE('',#13663,#6849);
#5730=LINE('',#13668,#6850);
#5731=LINE('',#13672,#6851);
#5732=LINE('',#13677,#6852);
#5733=LINE('',#13684,#6853);
#5734=LINE('',#13688,#6854);
#5735=LINE('',#13690,#6855);
#5736=LINE('',#13695,#6856);
#5737=LINE('',#13702,#6857);
#5738=LINE('',#13706,#6858);
#5739=LINE('',#13711,#6859);
#5740=LINE('',#13715,#6860);
#5741=LINE('',#13719,#6861);
#5742=LINE('',#13723,#6862);
#5743=LINE('',#13727,#6863);
#5744=LINE('',#13731,#6864);
#5745=LINE('',#13735,#6865);
#5746=LINE('',#13739,#6866);
#5747=LINE('',#13743,#6867);
#5748=LINE('',#13747,#6868);
#5749=LINE('',#13751,#6869);
#5750=LINE('',#13755,#6870);
#5751=LINE('',#13759,#6871);
#5752=LINE('',#13760,#6872);
#5753=LINE('',#13764,#6873);
#5754=LINE('',#13765,#6874);
#5755=LINE('',#13775,#6875);
#5756=LINE('',#13779,#6876);
#5757=LINE('',#13780,#6877);
#5758=LINE('',#13784,#6878);
#5759=LINE('',#13799,#6879);
#5760=LINE('',#13803,#6880);
#5761=LINE('',#13804,#6881);
#5762=LINE('',#13808,#6882);
#5763=LINE('',#13809,#6883);
#5764=LINE('',#13819,#6884);
#5765=LINE('',#13824,#6885);
#5766=LINE('',#13828,#6886);
#5767=LINE('',#13832,#6887);
#5768=LINE('',#13836,#6888);
#5769=LINE('',#13840,#6889);
#5770=LINE('',#13844,#6890);
#5771=LINE('',#13848,#6891);
#5772=LINE('',#13852,#6892);
#5773=LINE('',#13856,#6893);
#5774=LINE('',#13860,#6894);
#5775=LINE('',#13864,#6895);
#5776=LINE('',#13868,#6896);
#5777=LINE('',#13872,#6897);
#5778=LINE('',#13882,#6898);
#5779=LINE('',#13883,#6899);
#5780=LINE('',#13887,#6900);
#5781=LINE('',#13888,#6901);
#5782=LINE('',#13892,#6902);
#5783=LINE('',#13907,#6903);
#5784=LINE('',#13911,#6904);
#5785=LINE('',#13912,#6905);
#5786=LINE('',#13916,#6906);
#5787=LINE('',#13926,#6907);
#5788=LINE('',#13927,#6908);
#5789=LINE('',#13931,#6909);
#5790=LINE('',#13932,#6910);
#5791=LINE('',#13934,#6911);
#5792=LINE('',#13935,#6912);
#5793=LINE('',#13937,#6913);
#5794=LINE('',#13938,#6914);
#5795=LINE('',#13940,#6915);
#5796=LINE('',#13941,#6916);
#5797=LINE('',#13943,#6917);
#5798=LINE('',#13944,#6918);
#5799=LINE('',#13946,#6919);
#5800=LINE('',#13947,#6920);
#5801=LINE('',#13949,#6921);
#5802=LINE('',#13950,#6922);
#5803=LINE('',#13952,#6923);
#5804=LINE('',#13955,#6924);
#5805=LINE('',#13956,#6925);
#5806=LINE('',#13958,#6926);
#5807=LINE('',#13961,#6927);
#5808=LINE('',#13962,#6928);
#5809=LINE('',#13964,#6929);
#5810=LINE('',#13966,#6930);
#5811=LINE('',#13969,#6931);
#5812=LINE('',#13970,#6932);
#5813=LINE('',#13972,#6933);
#5814=LINE('',#13974,#6934);
#5815=LINE('',#13977,#6935);
#5816=LINE('',#13979,#6936);
#5817=LINE('',#13982,#6937);
#5818=LINE('',#13984,#6938);
#5819=LINE('',#13987,#6939);
#5820=LINE('',#13989,#6940);
#5821=LINE('',#13992,#6941);
#5822=LINE('',#13994,#6942);
#5823=LINE('',#13997,#6943);
#5824=LINE('',#13999,#6944);
#5825=LINE('',#14002,#6945);
#5826=LINE('',#14004,#6946);
#5827=LINE('',#14007,#6947);
#5828=LINE('',#14009,#6948);
#5829=LINE('',#14012,#6949);
#5830=LINE('',#14014,#6950);
#5831=LINE('',#14017,#6951);
#5832=LINE('',#14019,#6952);
#5833=LINE('',#14022,#6953);
#5834=LINE('',#14025,#6954);
#5835=LINE('',#14032,#6955);
#5836=LINE('',#14036,#6956);
#5837=LINE('',#14041,#6957);
#5838=LINE('',#14045,#6958);
#5839=LINE('',#14047,#6959);
#5840=LINE('',#14049,#6960);
#5841=LINE('',#14053,#6961);
#5842=LINE('',#14058,#6962);
#5843=LINE('',#14062,#6963);
#5844=LINE('',#14067,#6964);
#5845=LINE('',#14071,#6965);
#5846=LINE('',#14073,#6966);
#5847=LINE('',#14078,#6967);
#5848=LINE('',#14082,#6968);
#5849=LINE('',#14084,#6969);
#5850=LINE('',#14086,#6970);
#5851=LINE('',#14090,#6971);
#5852=LINE('',#14095,#6972);
#5853=LINE('',#14099,#6973);
#5854=LINE('',#14103,#6974);
#5855=LINE('',#14104,#6975);
#5856=LINE('',#14108,#6976);
#5857=LINE('',#14109,#6977);
#5858=LINE('',#14113,#6978);
#5859=LINE('',#14114,#6979);
#5860=LINE('',#14118,#6980);
#5861=LINE('',#14120,#6981);
#5862=LINE('',#14124,#6982);
#5863=LINE('',#14125,#6983);
#5864=LINE('',#14129,#6984);
#5865=LINE('',#14130,#6985);
#5866=LINE('',#14134,#6986);
#5867=LINE('',#14135,#6987);
#5868=LINE('',#14139,#6988);
#5869=LINE('',#14141,#6989);
#5870=LINE('',#14145,#6990);
#5871=LINE('',#14146,#6991);
#5872=LINE('',#14150,#6992);
#5873=LINE('',#14151,#6993);
#5874=LINE('',#14155,#6994);
#5875=LINE('',#14156,#6995);
#5876=LINE('',#14160,#6996);
#5877=LINE('',#14161,#6997);
#5878=LINE('',#14165,#6998);
#5879=LINE('',#14166,#6999);
#5880=LINE('',#14170,#7000);
#5881=LINE('',#14174,#7001);
#5882=LINE('',#14176,#7002);
#5883=LINE('',#14178,#7003);
#5884=LINE('',#14179,#7004);
#5885=LINE('',#14181,#7005);
#5886=LINE('',#14183,#7006);
#5887=LINE('',#14185,#7007);
#5888=LINE('',#14188,#7008);
#5889=LINE('',#14190,#7009);
#5890=LINE('',#14192,#7010);
#5891=LINE('',#14194,#7011);
#5892=LINE('',#14197,#7012);
#5893=LINE('',#14199,#7013);
#5894=LINE('',#14201,#7014);
#5895=LINE('',#14203,#7015);
#5896=LINE('',#14206,#7016);
#5897=LINE('',#14208,#7017);
#5898=LINE('',#14210,#7018);
#5899=LINE('',#14212,#7019);
#5900=LINE('',#14215,#7020);
#5901=LINE('',#14217,#7021);
#5902=LINE('',#14219,#7022);
#5903=LINE('',#14221,#7023);
#5904=LINE('',#14224,#7024);
#5905=LINE('',#14226,#7025);
#5906=LINE('',#14228,#7026);
#5907=LINE('',#14230,#7027);
#5908=LINE('',#14234,#7028);
#5909=LINE('',#14235,#7029);
#5910=LINE('',#14239,#7030);
#5911=LINE('',#14240,#7031);
#5912=LINE('',#14244,#7032);
#5913=LINE('',#14245,#7033);
#5914=LINE('',#14247,#7034);
#5915=LINE('',#14249,#7035);
#5916=LINE('',#14250,#7036);
#5917=LINE('',#14254,#7037);
#5918=LINE('',#14255,#7038);
#5919=LINE('',#14259,#7039);
#5920=LINE('',#14260,#7040);
#5921=LINE('',#14264,#7041);
#5922=LINE('',#14267,#7042);
#5923=LINE('',#14269,#7043);
#5924=LINE('',#14271,#7044);
#5925=LINE('',#14273,#7045);
#5926=LINE('',#14277,#7046);
#5927=LINE('',#14278,#7047);
#5928=LINE('',#14282,#7048);
#5929=LINE('',#14283,#7049);
#5930=LINE('',#14287,#7050);
#5931=LINE('',#14288,#7051);
#5932=LINE('',#14290,#7052);
#5933=LINE('',#14292,#7053);
#5934=LINE('',#14293,#7054);
#5935=LINE('',#14297,#7055);
#5936=LINE('',#14298,#7056);
#5937=LINE('',#14302,#7057);
#5938=LINE('',#14303,#7058);
#5939=LINE('',#14309,#7059);
#5940=LINE('',#14311,#7060);
#5941=LINE('',#14314,#7061);
#5942=LINE('',#14316,#7062);
#5943=LINE('',#14319,#7063);
#5944=LINE('',#14321,#7064);
#5945=LINE('',#14324,#7065);
#5946=LINE('',#14326,#7066);
#5947=LINE('',#14329,#7067);
#5948=LINE('',#14331,#7068);
#5949=LINE('',#14334,#7069);
#5950=LINE('',#14336,#7070);
#5951=LINE('',#14339,#7071);
#5952=LINE('',#14341,#7072);
#5953=LINE('',#14344,#7073);
#5954=LINE('',#14346,#7074);
#5955=LINE('',#14349,#7075);
#5956=LINE('',#14351,#7076);
#5957=LINE('',#14354,#7077);
#5958=LINE('',#14356,#7078);
#5959=LINE('',#14359,#7079);
#5960=LINE('',#14361,#7080);
#5961=LINE('',#14364,#7081);
#5962=LINE('',#14366,#7082);
#5963=LINE('',#14370,#7083);
#5964=LINE('',#14375,#7084);
#5965=LINE('',#14379,#7085);
#5966=LINE('',#14383,#7086);
#5967=LINE('',#14393,#7087);
#5968=LINE('',#14397,#7088);
#5969=LINE('',#14401,#7089);
#5970=LINE('',#14405,#7090);
#5971=LINE('',#14409,#7091);
#5972=LINE('',#14427,#7092);
#5973=LINE('',#14431,#7093);
#5974=LINE('',#14435,#7094);
#5975=LINE('',#14439,#7095);
#5976=LINE('',#14449,#7096);
#5977=LINE('',#14453,#7097);
#5978=LINE('',#14457,#7098);
#5979=LINE('',#14461,#7099);
#5980=LINE('',#14464,#7100);
#5981=LINE('',#14469,#7101);
#5982=LINE('',#14473,#7102);
#5983=LINE('',#14478,#7103);
#5984=LINE('',#14498,#7104);
#5985=LINE('',#14502,#7105);
#5986=LINE('',#14506,#7106);
#5987=LINE('',#14510,#7107);
#5988=LINE('',#14514,#7108);
#5989=LINE('',#14524,#7109);
#5990=LINE('',#14528,#7110);
#5991=LINE('',#14530,#7111);
#5992=LINE('',#14534,#7112);
#5993=LINE('',#14538,#7113);
#5994=LINE('',#14548,#7114);
#5995=LINE('',#14552,#7115);
#5996=LINE('',#14556,#7116);
#5997=LINE('',#14560,#7117);
#5998=LINE('',#14563,#7118);
#5999=LINE('',#14568,#7119);
#6000=LINE('',#14571,#7120);
#6001=LINE('',#14576,#7121);
#6002=LINE('',#14582,#7122);
#6003=LINE('',#14586,#7123);
#6004=LINE('',#14588,#7124);
#6005=LINE('',#14591,#7125);
#6006=LINE('',#14592,#7126);
#6007=LINE('',#14594,#7127);
#6008=LINE('',#14596,#7128);
#6009=LINE('',#14598,#7129);
#6010=LINE('',#14600,#7130);
#6011=LINE('',#14602,#7131);
#6012=LINE('',#14604,#7132);
#6013=LINE('',#14606,#7133);
#6014=LINE('',#14609,#7134);
#6015=LINE('',#14610,#7135);
#6016=LINE('',#14612,#7136);
#6017=LINE('',#14614,#7137);
#6018=LINE('',#14616,#7138);
#6019=LINE('',#14618,#7139);
#6020=LINE('',#14619,#7140);
#6021=LINE('',#14621,#7141);
#6022=LINE('',#14622,#7142);
#6023=LINE('',#14624,#7143);
#6024=LINE('',#14625,#7144);
#6025=LINE('',#14627,#7145);
#6026=LINE('',#14628,#7146);
#6027=LINE('',#14630,#7147);
#6028=LINE('',#14631,#7148);
#6029=LINE('',#14633,#7149);
#6030=LINE('',#14635,#7150);
#6031=LINE('',#14637,#7151);
#6032=LINE('',#14639,#7152);
#6033=LINE('',#14640,#7153);
#6034=LINE('',#14642,#7154);
#6035=LINE('',#14643,#7155);
#6036=LINE('',#14645,#7156);
#6037=LINE('',#14646,#7157);
#6038=LINE('',#14648,#7158);
#6039=LINE('',#14650,#7159);
#6040=LINE('',#14651,#7160);
#6041=LINE('',#14652,#7161);
#6042=LINE('',#14654,#7162);
#6043=LINE('',#14656,#7163);
#6044=LINE('',#14659,#7164);
#6045=LINE('',#14661,#7165);
#6046=LINE('',#14663,#7166);
#6047=LINE('',#14665,#7167);
#6048=LINE('',#14668,#7168);
#6049=LINE('',#14671,#7169);
#6050=LINE('',#14673,#7170);
#6051=LINE('',#14675,#7171);
#6052=LINE('',#14677,#7172);
#6053=LINE('',#14680,#7173);
#6054=LINE('',#14682,#7174);
#6055=LINE('',#14685,#7175);
#6056=LINE('',#14688,#7176);
#6057=LINE('',#14691,#7177);
#6058=LINE('',#14694,#7178);
#6059=LINE('',#14696,#7179);
#6060=LINE('',#14699,#7180);
#6061=LINE('',#14701,#7181);
#6062=LINE('',#14703,#7182);
#6063=LINE('',#14705,#7183);
#6064=LINE('',#14707,#7184);
#6065=LINE('',#14709,#7185);
#6066=LINE('',#14711,#7186);
#6067=LINE('',#14713,#7187);
#6068=LINE('',#14715,#7188);
#6069=LINE('',#14717,#7189);
#6070=LINE('',#14720,#7190);
#6071=LINE('',#14722,#7191);
#6072=LINE('',#14724,#7192);
#6073=LINE('',#14725,#7193);
#6074=LINE('',#14726,#7194);
#6075=LINE('',#14727,#7195);
#6076=LINE('',#14730,#7196);
#6077=LINE('',#14732,#7197);
#6078=LINE('',#14734,#7198);
#6079=LINE('',#14735,#7199);
#6080=LINE('',#14738,#7200);
#6081=LINE('',#14740,#7201);
#6082=LINE('',#14742,#7202);
#6083=LINE('',#14746,#7203);
#6084=LINE('',#14751,#7204);
#6085=LINE('',#14755,#7205);
#6086=LINE('',#14756,#7206);
#6087=LINE('',#14758,#7207);
#6088=LINE('',#14759,#7208);
#6089=LINE('',#14763,#7209);
#6090=LINE('',#14768,#7210);
#6091=LINE('',#14772,#7211);
#6092=LINE('',#14773,#7212);
#6093=LINE('',#14775,#7213);
#6094=LINE('',#14776,#7214);
#6095=LINE('',#14783,#7215);
#6096=LINE('',#14788,#7216);
#6097=LINE('',#14792,#7217);
#6098=LINE('',#14793,#7218);
#6099=LINE('',#14795,#7219);
#6100=LINE('',#14796,#7220);
#6101=LINE('',#14800,#7221);
#6102=LINE('',#14801,#7222);
#6103=LINE('',#14803,#7223);
#6104=LINE('',#14805,#7224);
#6105=LINE('',#14829,#7225);
#6106=LINE('',#14831,#7226);
#6107=LINE('',#14833,#7227);
#6108=LINE('',#14835,#7228);
#6109=LINE('',#14838,#7229);
#6110=LINE('',#14840,#7230);
#6111=LINE('',#14842,#7231);
#6112=LINE('',#14846,#7232);
#6113=LINE('',#14847,#7233);
#6114=LINE('',#14851,#7234);
#6115=LINE('',#14852,#7235);
#6116=LINE('',#14857,#7236);
#6117=LINE('',#14859,#7237);
#6118=LINE('',#14861,#7238);
#6119=LINE('',#14863,#7239);
#6120=LINE('',#14865,#7240);
#6121=LINE('',#14869,#7241);
#6122=LINE('',#14874,#7242);
#6123=LINE('',#14877,#7243);
#6124=LINE('',#14882,#7244);
#6125=LINE('',#14889,#7245);
#6126=LINE('',#14894,#7246);
#6127=LINE('',#14901,#7247);
#6128=LINE('',#14905,#7248);
#6129=LINE('',#14909,#7249);
#6130=LINE('',#14913,#7250);
#6131=LINE('',#14921,#7251);
#6132=LINE('',#14925,#7252);
#6133=LINE('',#14929,#7253);
#6134=LINE('',#14930,#7254);
#6135=LINE('',#14932,#7255);
#6136=LINE('',#14934,#7256);
#6137=LINE('',#14937,#7257);
#6138=LINE('',#14938,#7258);
#6139=LINE('',#14940,#7259);
#6140=LINE('',#14942,#7260);
#6141=LINE('',#14945,#7261);
#6142=LINE('',#14946,#7262);
#6143=LINE('',#14948,#7263);
#6144=LINE('',#14950,#7264);
#6145=VECTOR('',#9853,1000.);
#6146=VECTOR('',#9854,1000.);
#6147=VECTOR('',#9855,1000.);
#6148=VECTOR('',#9856,1000.);
#6149=VECTOR('',#9857,1000.);
#6150=VECTOR('',#9858,1000.);
#6151=VECTOR('',#9861,1000.);
#6152=VECTOR('',#9862,1000.);
#6153=VECTOR('',#9863,1000.);
#6154=VECTOR('',#9866,1000.);
#6155=VECTOR('',#9867,1000.);
#6156=VECTOR('',#9868,1000.);
#6157=VECTOR('',#9869,1000.);
#6158=VECTOR('',#9872,1000.);
#6159=VECTOR('',#9873,1000.);
#6160=VECTOR('',#9874,1000.);
#6161=VECTOR('',#9877,1000.);
#6162=VECTOR('',#9878,1000.);
#6163=VECTOR('',#9881,1000.);
#6164=VECTOR('',#9882,1000.);
#6165=VECTOR('',#9885,1000.);
#6166=VECTOR('',#9886,1000.);
#6167=VECTOR('',#9887,1000.);
#6168=VECTOR('',#9888,1000.);
#6169=VECTOR('',#9891,1000.);
#6170=VECTOR('',#9892,1000.);
#6171=VECTOR('',#9893,1000.);
#6172=VECTOR('',#9896,1000.);
#6173=VECTOR('',#9897,1000.);
#6174=VECTOR('',#9898,1000.);
#6175=VECTOR('',#9899,1000.);
#6176=VECTOR('',#9902,1000.);
#6177=VECTOR('',#9903,1000.);
#6178=VECTOR('',#9904,1000.);
#6179=VECTOR('',#9907,1000.);
#6180=VECTOR('',#9908,1000.);
#6181=VECTOR('',#9911,1000.);
#6182=VECTOR('',#9912,1000.);
#6183=VECTOR('',#9915,1000.);
#6184=VECTOR('',#9916,1000.);
#6185=VECTOR('',#9917,1000.);
#6186=VECTOR('',#9918,1000.);
#6187=VECTOR('',#9921,1000.);
#6188=VECTOR('',#9922,1000.);
#6189=VECTOR('',#9923,1000.);
#6190=VECTOR('',#9926,1000.);
#6191=VECTOR('',#9927,1000.);
#6192=VECTOR('',#9928,1000.);
#6193=VECTOR('',#9929,1000.);
#6194=VECTOR('',#9932,1000.);
#6195=VECTOR('',#9933,1000.);
#6196=VECTOR('',#9934,1000.);
#6197=VECTOR('',#9937,1000.);
#6198=VECTOR('',#9938,1000.);
#6199=VECTOR('',#9941,1000.);
#6200=VECTOR('',#9942,1000.);
#6201=VECTOR('',#9945,1000.);
#6202=VECTOR('',#9946,1000.);
#6203=VECTOR('',#9947,1000.);
#6204=VECTOR('',#9948,1000.);
#6205=VECTOR('',#9951,1000.);
#6206=VECTOR('',#9952,1000.);
#6207=VECTOR('',#9953,1000.);
#6208=VECTOR('',#9956,1000.);
#6209=VECTOR('',#9957,1000.);
#6210=VECTOR('',#9958,1000.);
#6211=VECTOR('',#9959,1000.);
#6212=VECTOR('',#9962,1000.);
#6213=VECTOR('',#9963,1000.);
#6214=VECTOR('',#9964,1000.);
#6215=VECTOR('',#9967,1000.);
#6216=VECTOR('',#9968,1000.);
#6217=VECTOR('',#9971,1000.);
#6218=VECTOR('',#9972,1000.);
#6219=VECTOR('',#9975,1000.);
#6220=VECTOR('',#9976,1000.);
#6221=VECTOR('',#9977,1000.);
#6222=VECTOR('',#9978,1000.);
#6223=VECTOR('',#9981,1000.);
#6224=VECTOR('',#9982,1000.);
#6225=VECTOR('',#9983,1000.);
#6226=VECTOR('',#9986,1000.);
#6227=VECTOR('',#9987,1000.);
#6228=VECTOR('',#9988,1000.);
#6229=VECTOR('',#9989,1000.);
#6230=VECTOR('',#9992,1000.);
#6231=VECTOR('',#9993,1000.);
#6232=VECTOR('',#9994,1000.);
#6233=VECTOR('',#9997,1000.);
#6234=VECTOR('',#9998,1000.);
#6235=VECTOR('',#10001,1000.);
#6236=VECTOR('',#10002,1000.);
#6237=VECTOR('',#10005,1000.);
#6238=VECTOR('',#10006,1000.);
#6239=VECTOR('',#10007,1000.);
#6240=VECTOR('',#10008,1000.);
#6241=VECTOR('',#10011,1000.);
#6242=VECTOR('',#10012,1000.);
#6243=VECTOR('',#10013,1000.);
#6244=VECTOR('',#10016,1000.);
#6245=VECTOR('',#10017,1000.);
#6246=VECTOR('',#10018,1000.);
#6247=VECTOR('',#10019,1000.);
#6248=VECTOR('',#10022,1000.);
#6249=VECTOR('',#10023,1000.);
#6250=VECTOR('',#10024,1000.);
#6251=VECTOR('',#10027,1000.);
#6252=VECTOR('',#10028,1000.);
#6253=VECTOR('',#10031,1000.);
#6254=VECTOR('',#10032,1000.);
#6255=VECTOR('',#10035,1000.);
#6256=VECTOR('',#10036,1000.);
#6257=VECTOR('',#10037,1000.);
#6258=VECTOR('',#10038,1000.);
#6259=VECTOR('',#10041,1000.);
#6260=VECTOR('',#10042,1000.);
#6261=VECTOR('',#10043,1000.);
#6262=VECTOR('',#10046,1000.);
#6263=VECTOR('',#10047,1000.);
#6264=VECTOR('',#10048,1000.);
#6265=VECTOR('',#10049,1000.);
#6266=VECTOR('',#10052,1000.);
#6267=VECTOR('',#10053,1000.);
#6268=VECTOR('',#10054,1000.);
#6269=VECTOR('',#10057,1000.);
#6270=VECTOR('',#10058,1000.);
#6271=VECTOR('',#10061,1000.);
#6272=VECTOR('',#10062,1000.);
#6273=VECTOR('',#10065,1000.);
#6274=VECTOR('',#10066,1000.);
#6275=VECTOR('',#10067,1000.);
#6276=VECTOR('',#10068,1000.);
#6277=VECTOR('',#10071,1000.);
#6278=VECTOR('',#10072,1000.);
#6279=VECTOR('',#10073,1000.);
#6280=VECTOR('',#10076,1000.);
#6281=VECTOR('',#10077,1000.);
#6282=VECTOR('',#10078,1000.);
#6283=VECTOR('',#10079,1000.);
#6284=VECTOR('',#10082,1000.);
#6285=VECTOR('',#10083,1000.);
#6286=VECTOR('',#10084,1000.);
#6287=VECTOR('',#10087,1000.);
#6288=VECTOR('',#10088,1000.);
#6289=VECTOR('',#10091,1000.);
#6290=VECTOR('',#10092,1000.);
#6291=VECTOR('',#10095,1000.);
#6292=VECTOR('',#10096,1000.);
#6293=VECTOR('',#10097,1000.);
#6294=VECTOR('',#10098,1000.);
#6295=VECTOR('',#10101,1000.);
#6296=VECTOR('',#10102,1000.);
#6297=VECTOR('',#10103,1000.);
#6298=VECTOR('',#10106,1000.);
#6299=VECTOR('',#10107,1000.);
#6300=VECTOR('',#10108,1000.);
#6301=VECTOR('',#10109,1000.);
#6302=VECTOR('',#10112,1000.);
#6303=VECTOR('',#10113,1000.);
#6304=VECTOR('',#10114,1000.);
#6305=VECTOR('',#10117,1000.);
#6306=VECTOR('',#10118,1000.);
#6307=VECTOR('',#10121,1000.);
#6308=VECTOR('',#10122,1000.);
#6309=VECTOR('',#10125,1000.);
#6310=VECTOR('',#10126,1000.);
#6311=VECTOR('',#10127,1000.);
#6312=VECTOR('',#10128,1000.);
#6313=VECTOR('',#10131,1000.);
#6314=VECTOR('',#10132,1000.);
#6315=VECTOR('',#10133,1000.);
#6316=VECTOR('',#10136,1000.);
#6317=VECTOR('',#10137,1000.);
#6318=VECTOR('',#10138,1000.);
#6319=VECTOR('',#10139,1000.);
#6320=VECTOR('',#10142,1000.);
#6321=VECTOR('',#10143,1000.);
#6322=VECTOR('',#10144,1000.);
#6323=VECTOR('',#10147,1000.);
#6324=VECTOR('',#10148,1000.);
#6325=VECTOR('',#10151,1000.);
#6326=VECTOR('',#10152,1000.);
#6327=VECTOR('',#10155,1000.);
#6328=VECTOR('',#10156,1000.);
#6329=VECTOR('',#10157,1000.);
#6330=VECTOR('',#10158,1000.);
#6331=VECTOR('',#10161,1000.);
#6332=VECTOR('',#10162,1000.);
#6333=VECTOR('',#10163,1000.);
#6334=VECTOR('',#10166,1000.);
#6335=VECTOR('',#10167,1000.);
#6336=VECTOR('',#10168,1000.);
#6337=VECTOR('',#10169,1000.);
#6338=VECTOR('',#10172,1000.);
#6339=VECTOR('',#10173,1000.);
#6340=VECTOR('',#10174,1000.);
#6341=VECTOR('',#10177,1000.);
#6342=VECTOR('',#10178,1000.);
#6343=VECTOR('',#10181,1000.);
#6344=VECTOR('',#10182,1000.);
#6345=VECTOR('',#10185,1000.);
#6346=VECTOR('',#10186,1000.);
#6347=VECTOR('',#10187,1000.);
#6348=VECTOR('',#10188,1000.);
#6349=VECTOR('',#10191,1000.);
#6350=VECTOR('',#10192,1000.);
#6351=VECTOR('',#10193,1000.);
#6352=VECTOR('',#10196,1000.);
#6353=VECTOR('',#10197,1000.);
#6354=VECTOR('',#10198,1000.);
#6355=VECTOR('',#10199,1000.);
#6356=VECTOR('',#10202,1000.);
#6357=VECTOR('',#10203,1000.);
#6358=VECTOR('',#10204,1000.);
#6359=VECTOR('',#10207,1000.);
#6360=VECTOR('',#10208,1000.);
#6361=VECTOR('',#10211,1000.);
#6362=VECTOR('',#10212,1000.);
#6363=VECTOR('',#10215,1000.);
#6364=VECTOR('',#10216,1000.);
#6365=VECTOR('',#10217,1000.);
#6366=VECTOR('',#10218,1000.);
#6367=VECTOR('',#10221,1000.);
#6368=VECTOR('',#10222,1000.);
#6369=VECTOR('',#10223,1000.);
#6370=VECTOR('',#10226,1000.);
#6371=VECTOR('',#10227,1000.);
#6372=VECTOR('',#10228,1000.);
#6373=VECTOR('',#10229,1000.);
#6374=VECTOR('',#10232,1000.);
#6375=VECTOR('',#10233,1000.);
#6376=VECTOR('',#10234,1000.);
#6377=VECTOR('',#10237,1000.);
#6378=VECTOR('',#10238,1000.);
#6379=VECTOR('',#10241,1000.);
#6380=VECTOR('',#10242,1000.);
#6381=VECTOR('',#10245,1000.);
#6382=VECTOR('',#10246,1000.);
#6383=VECTOR('',#10247,1000.);
#6384=VECTOR('',#10248,1000.);
#6385=VECTOR('',#10251,1000.);
#6386=VECTOR('',#10252,1000.);
#6387=VECTOR('',#10253,1000.);
#6388=VECTOR('',#10256,1000.);
#6389=VECTOR('',#10257,1000.);
#6390=VECTOR('',#10258,1000.);
#6391=VECTOR('',#10259,1000.);
#6392=VECTOR('',#10262,1000.);
#6393=VECTOR('',#10263,1000.);
#6394=VECTOR('',#10264,1000.);
#6395=VECTOR('',#10267,1000.);
#6396=VECTOR('',#10268,1000.);
#6397=VECTOR('',#10271,1000.);
#6398=VECTOR('',#10272,1000.);
#6399=VECTOR('',#10275,1000.);
#6400=VECTOR('',#10276,1000.);
#6401=VECTOR('',#10277,1000.);
#6402=VECTOR('',#10278,1000.);
#6403=VECTOR('',#10281,1000.);
#6404=VECTOR('',#10282,1000.);
#6405=VECTOR('',#10283,1000.);
#6406=VECTOR('',#10286,1000.);
#6407=VECTOR('',#10287,1000.);
#6408=VECTOR('',#10288,1000.);
#6409=VECTOR('',#10289,1000.);
#6410=VECTOR('',#10292,1000.);
#6411=VECTOR('',#10293,1000.);
#6412=VECTOR('',#10294,1000.);
#6413=VECTOR('',#10297,1000.);
#6414=VECTOR('',#10298,1000.);
#6415=VECTOR('',#10301,1000.);
#6416=VECTOR('',#10302,1000.);
#6417=VECTOR('',#10305,1000.);
#6418=VECTOR('',#10306,1000.);
#6419=VECTOR('',#10307,1000.);
#6420=VECTOR('',#10308,1000.);
#6421=VECTOR('',#10311,1000.);
#6422=VECTOR('',#10312,1000.);
#6423=VECTOR('',#10313,1000.);
#6424=VECTOR('',#10316,1000.);
#6425=VECTOR('',#10317,1000.);
#6426=VECTOR('',#10318,1000.);
#6427=VECTOR('',#10319,1000.);
#6428=VECTOR('',#10322,1000.);
#6429=VECTOR('',#10323,1000.);
#6430=VECTOR('',#10324,1000.);
#6431=VECTOR('',#10327,1000.);
#6432=VECTOR('',#10328,1000.);
#6433=VECTOR('',#10331,1000.);
#6434=VECTOR('',#10332,1000.);
#6435=VECTOR('',#10335,1000.);
#6436=VECTOR('',#10336,1000.);
#6437=VECTOR('',#10337,1000.);
#6438=VECTOR('',#10338,1000.);
#6439=VECTOR('',#10341,1000.);
#6440=VECTOR('',#10342,1000.);
#6441=VECTOR('',#10343,1000.);
#6442=VECTOR('',#10346,1000.);
#6443=VECTOR('',#10347,1000.);
#6444=VECTOR('',#10348,1000.);
#6445=VECTOR('',#10349,1000.);
#6446=VECTOR('',#10352,1000.);
#6447=VECTOR('',#10353,1000.);
#6448=VECTOR('',#10354,1000.);
#6449=VECTOR('',#10357,1000.);
#6450=VECTOR('',#10358,1000.);
#6451=VECTOR('',#10361,1000.);
#6452=VECTOR('',#10362,1000.);
#6453=VECTOR('',#10365,1000.);
#6454=VECTOR('',#10366,1000.);
#6455=VECTOR('',#10367,1000.);
#6456=VECTOR('',#10368,1000.);
#6457=VECTOR('',#10371,1000.);
#6458=VECTOR('',#10372,1000.);
#6459=VECTOR('',#10373,1000.);
#6460=VECTOR('',#10376,1000.);
#6461=VECTOR('',#10377,1000.);
#6462=VECTOR('',#10378,1000.);
#6463=VECTOR('',#10379,1000.);
#6464=VECTOR('',#10382,1000.);
#6465=VECTOR('',#10383,1000.);
#6466=VECTOR('',#10384,1000.);
#6467=VECTOR('',#10387,1000.);
#6468=VECTOR('',#10388,1000.);
#6469=VECTOR('',#10391,1000.);
#6470=VECTOR('',#10392,1000.);
#6471=VECTOR('',#10395,1000.);
#6472=VECTOR('',#10396,1000.);
#6473=VECTOR('',#10397,1000.);
#6474=VECTOR('',#10398,1000.);
#6475=VECTOR('',#10401,1000.);
#6476=VECTOR('',#10402,1000.);
#6477=VECTOR('',#10403,1000.);
#6478=VECTOR('',#10406,1000.);
#6479=VECTOR('',#10407,1000.);
#6480=VECTOR('',#10408,1000.);
#6481=VECTOR('',#10409,1000.);
#6482=VECTOR('',#10412,1000.);
#6483=VECTOR('',#10413,1000.);
#6484=VECTOR('',#10414,1000.);
#6485=VECTOR('',#10417,1000.);
#6486=VECTOR('',#10418,1000.);
#6487=VECTOR('',#10421,1000.);
#6488=VECTOR('',#10422,1000.);
#6489=VECTOR('',#10425,1000.);
#6490=VECTOR('',#10426,1000.);
#6491=VECTOR('',#10427,1000.);
#6492=VECTOR('',#10428,1000.);
#6493=VECTOR('',#10431,1000.);
#6494=VECTOR('',#10432,1000.);
#6495=VECTOR('',#10433,1000.);
#6496=VECTOR('',#10436,1000.);
#6497=VECTOR('',#10437,1000.);
#6498=VECTOR('',#10438,1000.);
#6499=VECTOR('',#10439,1000.);
#6500=VECTOR('',#10442,1000.);
#6501=VECTOR('',#10443,1000.);
#6502=VECTOR('',#10444,1000.);
#6503=VECTOR('',#10447,1000.);
#6504=VECTOR('',#10448,1000.);
#6505=VECTOR('',#10451,1000.);
#6506=VECTOR('',#10452,1000.);
#6507=VECTOR('',#10455,1000.);
#6508=VECTOR('',#10456,1000.);
#6509=VECTOR('',#10457,1000.);
#6510=VECTOR('',#10458,1000.);
#6511=VECTOR('',#10461,1000.);
#6512=VECTOR('',#10462,1000.);
#6513=VECTOR('',#10463,1000.);
#6514=VECTOR('',#10466,1000.);
#6515=VECTOR('',#10467,1000.);
#6516=VECTOR('',#10468,1000.);
#6517=VECTOR('',#10469,1000.);
#6518=VECTOR('',#10472,1000.);
#6519=VECTOR('',#10473,1000.);
#6520=VECTOR('',#10474,1000.);
#6521=VECTOR('',#10477,1000.);
#6522=VECTOR('',#10478,1000.);
#6523=VECTOR('',#10481,1000.);
#6524=VECTOR('',#10482,1000.);
#6525=VECTOR('',#10485,1000.);
#6526=VECTOR('',#10486,1000.);
#6527=VECTOR('',#10487,1000.);
#6528=VECTOR('',#10488,1000.);
#6529=VECTOR('',#10491,1000.);
#6530=VECTOR('',#10492,1000.);
#6531=VECTOR('',#10493,1000.);
#6532=VECTOR('',#10496,1000.);
#6533=VECTOR('',#10497,1000.);
#6534=VECTOR('',#10498,1000.);
#6535=VECTOR('',#10499,1000.);
#6536=VECTOR('',#10502,1000.);
#6537=VECTOR('',#10503,1000.);
#6538=VECTOR('',#10504,1000.);
#6539=VECTOR('',#10507,1000.);
#6540=VECTOR('',#10508,1000.);
#6541=VECTOR('',#10511,1000.);
#6542=VECTOR('',#10512,1000.);
#6543=VECTOR('',#10515,1000.);
#6544=VECTOR('',#10516,1000.);
#6545=VECTOR('',#10517,1000.);
#6546=VECTOR('',#10518,1000.);
#6547=VECTOR('',#10521,1000.);
#6548=VECTOR('',#10522,1000.);
#6549=VECTOR('',#10523,1000.);
#6550=VECTOR('',#10526,1000.);
#6551=VECTOR('',#10527,1000.);
#6552=VECTOR('',#10528,1000.);
#6553=VECTOR('',#10529,1000.);
#6554=VECTOR('',#10532,1000.);
#6555=VECTOR('',#10533,1000.);
#6556=VECTOR('',#10534,1000.);
#6557=VECTOR('',#10537,1000.);
#6558=VECTOR('',#10538,1000.);
#6559=VECTOR('',#10541,1000.);
#6560=VECTOR('',#10542,1000.);
#6561=VECTOR('',#10545,1000.);
#6562=VECTOR('',#10546,1000.);
#6563=VECTOR('',#10547,1000.);
#6564=VECTOR('',#10548,1000.);
#6565=VECTOR('',#10551,1000.);
#6566=VECTOR('',#10552,1000.);
#6567=VECTOR('',#10553,1000.);
#6568=VECTOR('',#10556,1000.);
#6569=VECTOR('',#10557,1000.);
#6570=VECTOR('',#10558,1000.);
#6571=VECTOR('',#10559,1000.);
#6572=VECTOR('',#10562,1000.);
#6573=VECTOR('',#10563,1000.);
#6574=VECTOR('',#10564,1000.);
#6575=VECTOR('',#10567,1000.);
#6576=VECTOR('',#10568,1000.);
#6577=VECTOR('',#10571,1000.);
#6578=VECTOR('',#10572,1000.);
#6579=VECTOR('',#10575,1000.);
#6580=VECTOR('',#10576,1000.);
#6581=VECTOR('',#10577,1000.);
#6582=VECTOR('',#10578,1000.);
#6583=VECTOR('',#10581,1000.);
#6584=VECTOR('',#10582,1000.);
#6585=VECTOR('',#10583,1000.);
#6586=VECTOR('',#10586,1000.);
#6587=VECTOR('',#10587,1000.);
#6588=VECTOR('',#10588,1000.);
#6589=VECTOR('',#10589,1000.);
#6590=VECTOR('',#10592,1000.);
#6591=VECTOR('',#10593,1000.);
#6592=VECTOR('',#10594,1000.);
#6593=VECTOR('',#10597,1000.);
#6594=VECTOR('',#10598,1000.);
#6595=VECTOR('',#10601,1000.);
#6596=VECTOR('',#10602,1000.);
#6597=VECTOR('',#10605,1000.);
#6598=VECTOR('',#10606,1000.);
#6599=VECTOR('',#10607,1000.);
#6600=VECTOR('',#10608,1000.);
#6601=VECTOR('',#10611,1000.);
#6602=VECTOR('',#10612,1000.);
#6603=VECTOR('',#10613,1000.);
#6604=VECTOR('',#10616,1000.);
#6605=VECTOR('',#10617,1000.);
#6606=VECTOR('',#10618,1000.);
#6607=VECTOR('',#10619,1000.);
#6608=VECTOR('',#10622,1000.);
#6609=VECTOR('',#10623,1000.);
#6610=VECTOR('',#10624,1000.);
#6611=VECTOR('',#10627,1000.);
#6612=VECTOR('',#10628,1000.);
#6613=VECTOR('',#10631,1000.);
#6614=VECTOR('',#10632,1000.);
#6615=VECTOR('',#10635,1000.);
#6616=VECTOR('',#10636,1000.);
#6617=VECTOR('',#10637,1000.);
#6618=VECTOR('',#10638,1000.);
#6619=VECTOR('',#10641,1000.);
#6620=VECTOR('',#10642,1000.);
#6621=VECTOR('',#10643,1000.);
#6622=VECTOR('',#10646,1000.);
#6623=VECTOR('',#10647,1000.);
#6624=VECTOR('',#10648,1000.);
#6625=VECTOR('',#10649,1000.);
#6626=VECTOR('',#10652,1000.);
#6627=VECTOR('',#10653,1000.);
#6628=VECTOR('',#10654,1000.);
#6629=VECTOR('',#10657,1000.);
#6630=VECTOR('',#10658,1000.);
#6631=VECTOR('',#10661,1000.);
#6632=VECTOR('',#10662,1000.);
#6633=VECTOR('',#10665,1000.);
#6634=VECTOR('',#10666,1000.);
#6635=VECTOR('',#10667,1000.);
#6636=VECTOR('',#10668,1000.);
#6637=VECTOR('',#10671,1000.);
#6638=VECTOR('',#10672,1000.);
#6639=VECTOR('',#10673,1000.);
#6640=VECTOR('',#10676,1000.);
#6641=VECTOR('',#10677,1000.);
#6642=VECTOR('',#10678,1000.);
#6643=VECTOR('',#10679,1000.);
#6644=VECTOR('',#10682,1000.);
#6645=VECTOR('',#10683,1000.);
#6646=VECTOR('',#10684,1000.);
#6647=VECTOR('',#10687,1000.);
#6648=VECTOR('',#10688,1000.);
#6649=VECTOR('',#10691,1000.);
#6650=VECTOR('',#10692,1000.);
#6651=VECTOR('',#10695,1000.);
#6652=VECTOR('',#10696,1000.);
#6653=VECTOR('',#10697,1000.);
#6654=VECTOR('',#10698,1000.);
#6655=VECTOR('',#10701,1000.);
#6656=VECTOR('',#10702,1000.);
#6657=VECTOR('',#10703,1000.);
#6658=VECTOR('',#10706,1000.);
#6659=VECTOR('',#10707,1000.);
#6660=VECTOR('',#10708,1000.);
#6661=VECTOR('',#10709,1000.);
#6662=VECTOR('',#10712,1000.);
#6663=VECTOR('',#10713,1000.);
#6664=VECTOR('',#10714,1000.);
#6665=VECTOR('',#10717,1000.);
#6666=VECTOR('',#10718,1000.);
#6667=VECTOR('',#10721,1000.);
#6668=VECTOR('',#10722,1000.);
#6669=VECTOR('',#10725,1000.);
#6670=VECTOR('',#10726,1000.);
#6671=VECTOR('',#10727,1000.);
#6672=VECTOR('',#10728,1000.);
#6673=VECTOR('',#10731,1000.);
#6674=VECTOR('',#10732,1000.);
#6675=VECTOR('',#10733,1000.);
#6676=VECTOR('',#10736,1000.);
#6677=VECTOR('',#10737,1000.);
#6678=VECTOR('',#10738,1000.);
#6679=VECTOR('',#10739,1000.);
#6680=VECTOR('',#10742,1000.);
#6681=VECTOR('',#10743,1000.);
#6682=VECTOR('',#10744,1000.);
#6683=VECTOR('',#10747,1000.);
#6684=VECTOR('',#10748,1000.);
#6685=VECTOR('',#10751,1000.);
#6686=VECTOR('',#10752,1000.);
#6687=VECTOR('',#10755,1000.);
#6688=VECTOR('',#10756,1000.);
#6689=VECTOR('',#10757,1000.);
#6690=VECTOR('',#10758,1000.);
#6691=VECTOR('',#10761,1000.);
#6692=VECTOR('',#10762,1000.);
#6693=VECTOR('',#10763,1000.);
#6694=VECTOR('',#10766,1000.);
#6695=VECTOR('',#10767,1000.);
#6696=VECTOR('',#10768,1000.);
#6697=VECTOR('',#10769,1000.);
#6698=VECTOR('',#10772,1000.);
#6699=VECTOR('',#10773,1000.);
#6700=VECTOR('',#10774,1000.);
#6701=VECTOR('',#10777,1000.);
#6702=VECTOR('',#10778,1000.);
#6703=VECTOR('',#10781,1000.);
#6704=VECTOR('',#10782,1000.);
#6705=VECTOR('',#10785,1000.);
#6706=VECTOR('',#10786,1000.);
#6707=VECTOR('',#10787,1000.);
#6708=VECTOR('',#10788,1000.);
#6709=VECTOR('',#10791,1000.);
#6710=VECTOR('',#10792,1000.);
#6711=VECTOR('',#10793,1000.);
#6712=VECTOR('',#10796,1000.);
#6713=VECTOR('',#10797,1000.);
#6714=VECTOR('',#10798,1000.);
#6715=VECTOR('',#10799,1000.);
#6716=VECTOR('',#10802,1000.);
#6717=VECTOR('',#10803,1000.);
#6718=VECTOR('',#10804,1000.);
#6719=VECTOR('',#10807,1000.);
#6720=VECTOR('',#10808,1000.);
#6721=VECTOR('',#10811,1000.);
#6722=VECTOR('',#10812,1000.);
#6723=VECTOR('',#10815,1000.);
#6724=VECTOR('',#10816,1000.);
#6725=VECTOR('',#10817,1000.);
#6726=VECTOR('',#10818,1000.);
#6727=VECTOR('',#10821,1000.);
#6728=VECTOR('',#10822,1000.);
#6729=VECTOR('',#10823,1000.);
#6730=VECTOR('',#10826,1000.);
#6731=VECTOR('',#10827,1000.);
#6732=VECTOR('',#10828,1000.);
#6733=VECTOR('',#10829,1000.);
#6734=VECTOR('',#10832,1000.);
#6735=VECTOR('',#10833,1000.);
#6736=VECTOR('',#10834,1000.);
#6737=VECTOR('',#10837,1000.);
#6738=VECTOR('',#10838,1000.);
#6739=VECTOR('',#10841,1000.);
#6740=VECTOR('',#10842,1000.);
#6741=VECTOR('',#10845,1000.);
#6742=VECTOR('',#10846,1000.);
#6743=VECTOR('',#10847,1000.);
#6744=VECTOR('',#10848,1000.);
#6745=VECTOR('',#10851,1000.);
#6746=VECTOR('',#10852,1000.);
#6747=VECTOR('',#10853,1000.);
#6748=VECTOR('',#10856,1000.);
#6749=VECTOR('',#10857,1000.);
#6750=VECTOR('',#10858,1000.);
#6751=VECTOR('',#10859,1000.);
#6752=VECTOR('',#10862,1000.);
#6753=VECTOR('',#10863,1000.);
#6754=VECTOR('',#10864,1000.);
#6755=VECTOR('',#10867,1000.);
#6756=VECTOR('',#10868,1000.);
#6757=VECTOR('',#10871,1000.);
#6758=VECTOR('',#10872,1000.);
#6759=VECTOR('',#10875,1000.);
#6760=VECTOR('',#10876,1000.);
#6761=VECTOR('',#10877,1000.);
#6762=VECTOR('',#10878,1000.);
#6763=VECTOR('',#10881,1000.);
#6764=VECTOR('',#10882,1000.);
#6765=VECTOR('',#10883,1000.);
#6766=VECTOR('',#10886,1000.);
#6767=VECTOR('',#10887,1000.);
#6768=VECTOR('',#10888,1000.);
#6769=VECTOR('',#10889,1000.);
#6770=VECTOR('',#10892,1000.);
#6771=VECTOR('',#10893,1000.);
#6772=VECTOR('',#10894,1000.);
#6773=VECTOR('',#10897,1000.);
#6774=VECTOR('',#10898,1000.);
#6775=VECTOR('',#10901,1000.);
#6776=VECTOR('',#10902,1000.);
#6777=VECTOR('',#10905,1000.);
#6778=VECTOR('',#10906,1000.);
#6779=VECTOR('',#10907,1000.);
#6780=VECTOR('',#10908,1000.);
#6781=VECTOR('',#10911,1000.);
#6782=VECTOR('',#10912,1000.);
#6783=VECTOR('',#10913,1000.);
#6784=VECTOR('',#10916,1000.);
#6785=VECTOR('',#10917,1000.);
#6786=VECTOR('',#10918,1000.);
#6787=VECTOR('',#10919,1000.);
#6788=VECTOR('',#10922,1000.);
#6789=VECTOR('',#10923,1000.);
#6790=VECTOR('',#10924,1000.);
#6791=VECTOR('',#10927,1000.);
#6792=VECTOR('',#10928,1000.);
#6793=VECTOR('',#10931,1000.);
#6794=VECTOR('',#10932,1000.);
#6795=VECTOR('',#10935,1000.);
#6796=VECTOR('',#10936,1000.);
#6797=VECTOR('',#10937,1000.);
#6798=VECTOR('',#10938,1000.);
#6799=VECTOR('',#10941,1000.);
#6800=VECTOR('',#10942,1000.);
#6801=VECTOR('',#10943,1000.);
#6802=VECTOR('',#10946,1000.);
#6803=VECTOR('',#10947,1000.);
#6804=VECTOR('',#10948,1000.);
#6805=VECTOR('',#10949,1000.);
#6806=VECTOR('',#10952,1000.);
#6807=VECTOR('',#10953,1000.);
#6808=VECTOR('',#10954,1000.);
#6809=VECTOR('',#10957,1000.);
#6810=VECTOR('',#10958,1000.);
#6811=VECTOR('',#10961,1000.);
#6812=VECTOR('',#10962,1000.);
#6813=VECTOR('',#10965,1000.);
#6814=VECTOR('',#10966,1000.);
#6815=VECTOR('',#10967,1000.);
#6816=VECTOR('',#10968,1000.);
#6817=VECTOR('',#10971,1000.);
#6818=VECTOR('',#10972,1000.);
#6819=VECTOR('',#10973,1000.);
#6820=VECTOR('',#10974,1000.);
#6821=VECTOR('',#10975,1000.);
#6822=VECTOR('',#10978,1000.);
#6823=VECTOR('',#10979,1000.);
#6824=VECTOR('',#10980,1000.);
#6825=VECTOR('',#10983,1000.);
#6826=VECTOR('',#10984,1000.);
#6827=VECTOR('',#10985,1000.);
#6828=VECTOR('',#10986,1000.);
#6829=VECTOR('',#10987,1000.);
#6830=VECTOR('',#10990,1000.);
#6831=VECTOR('',#10991,1000.);
#6832=VECTOR('',#10994,1000.);
#6833=VECTOR('',#10995,1000.);
#6834=VECTOR('',#10996,1000.);
#6835=VECTOR('',#10997,1000.);
#6836=VECTOR('',#11000,1000.);
#6837=VECTOR('',#11001,1000.);
#6838=VECTOR('',#11002,1000.);
#6839=VECTOR('',#11005,1000.);
#6840=VECTOR('',#11006,1000.);
#6841=VECTOR('',#11007,1000.);
#6842=VECTOR('',#11008,1000.);
#6843=VECTOR('',#11013,1000.);
#6844=VECTOR('',#11016,1000.);
#6845=VECTOR('',#11019,1000.);
#6846=VECTOR('',#11022,1000.);
#6847=VECTOR('',#11029,1000.);
#6848=VECTOR('',#11032,1000.);
#6849=VECTOR('',#11037,1000.);
#6850=VECTOR('',#11040,1000.);
#6851=VECTOR('',#11045,1000.);
#6852=VECTOR('',#11048,1000.);
#6853=VECTOR('',#11055,1000.);
#6854=VECTOR('',#11058,1000.);
#6855=VECTOR('',#11061,1000.);
#6856=VECTOR('',#11064,1000.);
#6857=VECTOR('',#11071,1000.);
#6858=VECTOR('',#11074,1000.);
#6859=VECTOR('',#11079,1000.);
#6860=VECTOR('',#11082,1000.);
#6861=VECTOR('',#11085,1000.);
#6862=VECTOR('',#11088,1000.);
#6863=VECTOR('',#11091,1000.);
#6864=VECTOR('',#11094,1000.);
#6865=VECTOR('',#11097,1000.);
#6866=VECTOR('',#11100,1000.);
#6867=VECTOR('',#11103,1000.);
#6868=VECTOR('',#11106,1000.);
#6869=VECTOR('',#11109,1000.);
#6870=VECTOR('',#11112,1000.);
#6871=VECTOR('',#11115,1000.);
#6872=VECTOR('',#11116,1000.);
#6873=VECTOR('',#11119,1000.);
#6874=VECTOR('',#11120,1000.);
#6875=VECTOR('',#11121,1000.);
#6876=VECTOR('',#11124,1000.);
#6877=VECTOR('',#11125,1000.);
#6878=VECTOR('',#11128,1000.);
#6879=VECTOR('',#11135,1000.);
#6880=VECTOR('',#11138,1000.);
#6881=VECTOR('',#11139,1000.);
#6882=VECTOR('',#11142,1000.);
#6883=VECTOR('',#11143,1000.);
#6884=VECTOR('',#11144,1000.);
#6885=VECTOR('',#11149,1000.);
#6886=VECTOR('',#11152,1000.);
#6887=VECTOR('',#11155,1000.);
#6888=VECTOR('',#11158,1000.);
#6889=VECTOR('',#11161,1000.);
#6890=VECTOR('',#11164,1000.);
#6891=VECTOR('',#11167,1000.);
#6892=VECTOR('',#11170,1000.);
#6893=VECTOR('',#11173,1000.);
#6894=VECTOR('',#11176,1000.);
#6895=VECTOR('',#11179,1000.);
#6896=VECTOR('',#11182,1000.);
#6897=VECTOR('',#11185,1000.);
#6898=VECTOR('',#11186,1000.);
#6899=VECTOR('',#11187,1000.);
#6900=VECTOR('',#11190,1000.);
#6901=VECTOR('',#11191,1000.);
#6902=VECTOR('',#11194,1000.);
#6903=VECTOR('',#11201,1000.);
#6904=VECTOR('',#11204,1000.);
#6905=VECTOR('',#11205,1000.);
#6906=VECTOR('',#11208,1000.);
#6907=VECTOR('',#11209,1000.);
#6908=VECTOR('',#11210,1000.);
#6909=VECTOR('',#11213,1000.);
#6910=VECTOR('',#11214,1000.);
#6911=VECTOR('',#11217,1000.);
#6912=VECTOR('',#11218,1000.);
#6913=VECTOR('',#11221,1000.);
#6914=VECTOR('',#11222,1000.);
#6915=VECTOR('',#11225,1000.);
#6916=VECTOR('',#11226,1000.);
#6917=VECTOR('',#11229,1000.);
#6918=VECTOR('',#11230,1000.);
#6919=VECTOR('',#11233,1000.);
#6920=VECTOR('',#11234,1000.);
#6921=VECTOR('',#11237,1000.);
#6922=VECTOR('',#11238,1000.);
#6923=VECTOR('',#11241,1000.);
#6924=VECTOR('',#11246,1000.);
#6925=VECTOR('',#11247,1000.);
#6926=VECTOR('',#11250,1000.);
#6927=VECTOR('',#11255,1000.);
#6928=VECTOR('',#11256,1000.);
#6929=VECTOR('',#11259,1000.);
#6930=VECTOR('',#11262,1000.);
#6931=VECTOR('',#11267,1000.);
#6932=VECTOR('',#11268,1000.);
#6933=VECTOR('',#11271,1000.);
#6934=VECTOR('',#11274,1000.);
#6935=VECTOR('',#11279,1000.);
#6936=VECTOR('',#11282,1000.);
#6937=VECTOR('',#11287,1000.);
#6938=VECTOR('',#11290,1000.);
#6939=VECTOR('',#11295,1000.);
#6940=VECTOR('',#11298,1000.);
#6941=VECTOR('',#11303,1000.);
#6942=VECTOR('',#11306,1000.);
#6943=VECTOR('',#11311,1000.);
#6944=VECTOR('',#11314,1000.);
#6945=VECTOR('',#11319,1000.);
#6946=VECTOR('',#11322,1000.);
#6947=VECTOR('',#11327,1000.);
#6948=VECTOR('',#11330,1000.);
#6949=VECTOR('',#11335,1000.);
#6950=VECTOR('',#11338,1000.);
#6951=VECTOR('',#11343,1000.);
#6952=VECTOR('',#11346,1000.);
#6953=VECTOR('',#11351,1000.);
#6954=VECTOR('',#11356,1000.);
#6955=VECTOR('',#11365,1000.);
#6956=VECTOR('',#11368,1000.);
#6957=VECTOR('',#11373,1000.);
#6958=VECTOR('',#11376,1000.);
#6959=VECTOR('',#11377,1000.);
#6960=VECTOR('',#11378,1000.);
#6961=VECTOR('',#11381,1000.);
#6962=VECTOR('',#11386,1000.);
#6963=VECTOR('',#11389,1000.);
#6964=VECTOR('',#11394,1000.);
#6965=VECTOR('',#11397,1000.);
#6966=VECTOR('',#11400,1000.);
#6967=VECTOR('',#11403,1000.);
#6968=VECTOR('',#11406,1000.);
#6969=VECTOR('',#11407,1000.);
#6970=VECTOR('',#11408,1000.);
#6971=VECTOR('',#11413,1000.);
#6972=VECTOR('',#11416,1000.);
#6973=VECTOR('',#11421,1000.);
#6974=VECTOR('',#11424,1000.);
#6975=VECTOR('',#11425,1000.);
#6976=VECTOR('',#11428,1000.);
#6977=VECTOR('',#11429,1000.);
#6978=VECTOR('',#11432,1000.);
#6979=VECTOR('',#11433,1000.);
#6980=VECTOR('',#11436,1000.);
#6981=VECTOR('',#11439,1000.);
#6982=VECTOR('',#11442,1000.);
#6983=VECTOR('',#11443,1000.);
#6984=VECTOR('',#11446,1000.);
#6985=VECTOR('',#11447,1000.);
#6986=VECTOR('',#11450,1000.);
#6987=VECTOR('',#11451,1000.);
#6988=VECTOR('',#11454,1000.);
#6989=VECTOR('',#11457,1000.);
#6990=VECTOR('',#11460,1000.);
#6991=VECTOR('',#11461,1000.);
#6992=VECTOR('',#11464,1000.);
#6993=VECTOR('',#11465,1000.);
#6994=VECTOR('',#11468,1000.);
#6995=VECTOR('',#11469,1000.);
#6996=VECTOR('',#11472,1000.);
#6997=VECTOR('',#11473,1000.);
#6998=VECTOR('',#11476,1000.);
#6999=VECTOR('',#11477,1000.);
#7000=VECTOR('',#11480,1000.);
#7001=VECTOR('',#11485,1000.);
#7002=VECTOR('',#11486,1000.);
#7003=VECTOR('',#11487,1000.);
#7004=VECTOR('',#11488,1000.);
#7005=VECTOR('',#11489,1000.);
#7006=VECTOR('',#11490,1000.);
#7007=VECTOR('',#11493,1000.);
#7008=VECTOR('',#11494,1000.);
#7009=VECTOR('',#11495,1000.);
#7010=VECTOR('',#11496,1000.);
#7011=VECTOR('',#11499,1000.);
#7012=VECTOR('',#11500,1000.);
#7013=VECTOR('',#11501,1000.);
#7014=VECTOR('',#11502,1000.);
#7015=VECTOR('',#11505,1000.);
#7016=VECTOR('',#11506,1000.);
#7017=VECTOR('',#11507,1000.);
#7018=VECTOR('',#11508,1000.);
#7019=VECTOR('',#11511,1000.);
#7020=VECTOR('',#11512,1000.);
#7021=VECTOR('',#11513,1000.);
#7022=VECTOR('',#11514,1000.);
#7023=VECTOR('',#11517,1000.);
#7024=VECTOR('',#11518,1000.);
#7025=VECTOR('',#11519,1000.);
#7026=VECTOR('',#11520,1000.);
#7027=VECTOR('',#11523,1000.);
#7028=VECTOR('',#11526,1000.);
#7029=VECTOR('',#11527,1000.);
#7030=VECTOR('',#11530,1000.);
#7031=VECTOR('',#11531,1000.);
#7032=VECTOR('',#11534,1000.);
#7033=VECTOR('',#11535,1000.);
#7034=VECTOR('',#11538,1000.);
#7035=VECTOR('',#11539,1000.);
#7036=VECTOR('',#11540,1000.);
#7037=VECTOR('',#11543,1000.);
#7038=VECTOR('',#11544,1000.);
#7039=VECTOR('',#11547,1000.);
#7040=VECTOR('',#11548,1000.);
#7041=VECTOR('',#11553,1000.);
#7042=VECTOR('',#11554,1000.);
#7043=VECTOR('',#11555,1000.);
#7044=VECTOR('',#11556,1000.);
#7045=VECTOR('',#11559,1000.);
#7046=VECTOR('',#11562,1000.);
#7047=VECTOR('',#11563,1000.);
#7048=VECTOR('',#11566,1000.);
#7049=VECTOR('',#11567,1000.);
#7050=VECTOR('',#11570,1000.);
#7051=VECTOR('',#11571,1000.);
#7052=VECTOR('',#11574,1000.);
#7053=VECTOR('',#11575,1000.);
#7054=VECTOR('',#11576,1000.);
#7055=VECTOR('',#11579,1000.);
#7056=VECTOR('',#11580,1000.);
#7057=VECTOR('',#11583,1000.);
#7058=VECTOR('',#11584,1000.);
#7059=VECTOR('',#11593,1000.);
#7060=VECTOR('',#11596,1000.);
#7061=VECTOR('',#11601,1000.);
#7062=VECTOR('',#11604,1000.);
#7063=VECTOR('',#11609,1000.);
#7064=VECTOR('',#11612,1000.);
#7065=VECTOR('',#11617,1000.);
#7066=VECTOR('',#11620,1000.);
#7067=VECTOR('',#11625,1000.);
#7068=VECTOR('',#11628,1000.);
#7069=VECTOR('',#11633,1000.);
#7070=VECTOR('',#11636,1000.);
#7071=VECTOR('',#11641,1000.);
#7072=VECTOR('',#11644,1000.);
#7073=VECTOR('',#11649,1000.);
#7074=VECTOR('',#11652,1000.);
#7075=VECTOR('',#11657,1000.);
#7076=VECTOR('',#11660,1000.);
#7077=VECTOR('',#11665,1000.);
#7078=VECTOR('',#11668,1000.);
#7079=VECTOR('',#11673,1000.);
#7080=VECTOR('',#11676,1000.);
#7081=VECTOR('',#11681,1000.);
#7082=VECTOR('',#11684,1000.);
#7083=VECTOR('',#11691,1000.);
#7084=VECTOR('',#11694,1000.);
#7085=VECTOR('',#11697,1000.);
#7086=VECTOR('',#11700,1000.);
#7087=VECTOR('',#11701,1000.);
#7088=VECTOR('',#11704,1000.);
#7089=VECTOR('',#11707,1000.);
#7090=VECTOR('',#11710,1000.);
#7091=VECTOR('',#11713,1000.);
#7092=VECTOR('',#11722,1000.);
#7093=VECTOR('',#11725,1000.);
#7094=VECTOR('',#11728,1000.);
#7095=VECTOR('',#11731,1000.);
#7096=VECTOR('',#11732,1000.);
#7097=VECTOR('',#11735,1000.);
#7098=VECTOR('',#11738,1000.);
#7099=VECTOR('',#11741,1000.);
#7100=VECTOR('',#11744,1000.);
#7101=VECTOR('',#11747,1000.);
#7102=VECTOR('',#11752,1000.);
#7103=VECTOR('',#11755,1000.);
#7104=VECTOR('',#11766,1000.);
#7105=VECTOR('',#11769,1000.);
#7106=VECTOR('',#11772,1000.);
#7107=VECTOR('',#11775,1000.);
#7108=VECTOR('',#11778,1000.);
#7109=VECTOR('',#11779,1000.);
#7110=VECTOR('',#11782,1000.);
#7111=VECTOR('',#11783,1000.);
#7112=VECTOR('',#11786,1000.);
#7113=VECTOR('',#11789,1000.);
#7114=VECTOR('',#11790,1000.);
#7115=VECTOR('',#11793,1000.);
#7116=VECTOR('',#11796,1000.);
#7117=VECTOR('',#11799,1000.);
#7118=VECTOR('',#11802,1000.);
#7119=VECTOR('',#11805,1000.);
#7120=VECTOR('',#11808,1000.);
#7121=VECTOR('',#11811,1000.);
#7122=VECTOR('',#11816,1000.);
#7123=VECTOR('',#11819,1000.);
#7124=VECTOR('',#11822,1000.);
#7125=VECTOR('',#11823,1000.);
#7126=VECTOR('',#11824,1000.);
#7127=VECTOR('',#11827,1000.);
#7128=VECTOR('',#11828,1000.);
#7129=VECTOR('',#11829,1000.);
#7130=VECTOR('',#11832,1000.);
#7131=VECTOR('',#11833,1000.);
#7132=VECTOR('',#11834,1000.);
#7133=VECTOR('',#11837,1000.);
#7134=VECTOR('',#11838,1000.);
#7135=VECTOR('',#11839,1000.);
#7136=VECTOR('',#11842,1000.);
#7137=VECTOR('',#11843,1000.);
#7138=VECTOR('',#11844,1000.);
#7139=VECTOR('',#11847,1000.);
#7140=VECTOR('',#11848,1000.);
#7141=VECTOR('',#11851,1000.);
#7142=VECTOR('',#11852,1000.);
#7143=VECTOR('',#11855,1000.);
#7144=VECTOR('',#11856,1000.);
#7145=VECTOR('',#11859,1000.);
#7146=VECTOR('',#11860,1000.);
#7147=VECTOR('',#11863,1000.);
#7148=VECTOR('',#11864,1000.);
#7149=VECTOR('',#11867,1000.);
#7150=VECTOR('',#11868,1000.);
#7151=VECTOR('',#11869,1000.);
#7152=VECTOR('',#11872,1000.);
#7153=VECTOR('',#11873,1000.);
#7154=VECTOR('',#11876,1000.);
#7155=VECTOR('',#11877,1000.);
#7156=VECTOR('',#11880,1000.);
#7157=VECTOR('',#11881,1000.);
#7158=VECTOR('',#11884,1000.);
#7159=VECTOR('',#11885,1000.);
#7160=VECTOR('',#11886,1000.);
#7161=VECTOR('',#11887,1000.);
#7162=VECTOR('',#11888,1000.);
#7163=VECTOR('',#11891,1000.);
#7164=VECTOR('',#11896,1000.);
#7165=VECTOR('',#11897,1000.);
#7166=VECTOR('',#11900,1000.);
#7167=VECTOR('',#11903,1000.);
#7168=VECTOR('',#11908,1000.);
#7169=VECTOR('',#11913,1000.);
#7170=VECTOR('',#11916,1000.);
#7171=VECTOR('',#11919,1000.);
#7172=VECTOR('',#11922,1000.);
#7173=VECTOR('',#11927,1000.);
#7174=VECTOR('',#11930,1000.);
#7175=VECTOR('',#11935,1000.);
#7176=VECTOR('',#11940,1000.);
#7177=VECTOR('',#11945,1000.);
#7178=VECTOR('',#11950,1000.);
#7179=VECTOR('',#11953,1000.);
#7180=VECTOR('',#11958,1000.);
#7181=VECTOR('',#11961,1000.);
#7182=VECTOR('',#11964,1000.);
#7183=VECTOR('',#11967,1000.);
#7184=VECTOR('',#11970,1000.);
#7185=VECTOR('',#11971,1000.);
#7186=VECTOR('',#11974,1000.);
#7187=VECTOR('',#11975,1000.);
#7188=VECTOR('',#11978,1000.);
#7189=VECTOR('',#11981,1000.);
#7190=VECTOR('',#11982,1000.);
#7191=VECTOR('',#11983,1000.);
#7192=VECTOR('',#11984,1000.);
#7193=VECTOR('',#11985,1000.);
#7194=VECTOR('',#11986,1000.);
#7195=VECTOR('',#11987,1000.);
#7196=VECTOR('',#11988,1000.);
#7197=VECTOR('',#11989,1000.);
#7198=VECTOR('',#11990,1000.);
#7199=VECTOR('',#11991,1000.);
#7200=VECTOR('',#11992,1000.);
#7201=VECTOR('',#11993,1000.);
#7202=VECTOR('',#11994,1000.);
#7203=VECTOR('',#12001,1000.);
#7204=VECTOR('',#12004,1000.);
#7205=VECTOR('',#12009,1000.);
#7206=VECTOR('',#12010,1000.);
#7207=VECTOR('',#12013,1000.);
#7208=VECTOR('',#12014,1000.);
#7209=VECTOR('',#12021,1000.);
#7210=VECTOR('',#12024,1000.);
#7211=VECTOR('',#12029,1000.);
#7212=VECTOR('',#12030,1000.);
#7213=VECTOR('',#12033,1000.);
#7214=VECTOR('',#12034,1000.);
#7215=VECTOR('',#12047,1000.);
#7216=VECTOR('',#12050,1000.);
#7217=VECTOR('',#12055,1000.);
#7218=VECTOR('',#12056,1000.);
#7219=VECTOR('',#12059,1000.);
#7220=VECTOR('',#12060,1000.);
#7221=VECTOR('',#12067,1000.);
#7222=VECTOR('',#12068,1000.);
#7223=VECTOR('',#12071,1000.);
#7224=VECTOR('',#12074,1000.);
#7225=VECTOR('',#12103,1000.);
#7226=VECTOR('',#12104,1000.);
#7227=VECTOR('',#12105,1000.);
#7228=VECTOR('',#12108,1000.);
#7229=VECTOR('',#12109,1000.);
#7230=VECTOR('',#12110,1000.);
#7231=VECTOR('',#12111,1000.);
#7232=VECTOR('',#12116,1000.);
#7233=VECTOR('',#12117,1000.);
#7234=VECTOR('',#12122,1000.);
#7235=VECTOR('',#12123,1000.);
#7236=VECTOR('',#12132,1000.);
#7237=VECTOR('',#12133,1000.);
#7238=VECTOR('',#12136,1000.);
#7239=VECTOR('',#12137,1000.);
#7240=VECTOR('',#12140,1000.);
#7241=VECTOR('',#12147,1000.);
#7242=VECTOR('',#12150,1000.);
#7243=VECTOR('',#12153,1000.);
#7244=VECTOR('',#12156,1000.);
#7245=VECTOR('',#12163,1000.);
#7246=VECTOR('',#12166,1000.);
#7247=VECTOR('',#12173,1000.);
#7248=VECTOR('',#12176,1000.);
#7249=VECTOR('',#12179,1000.);
#7250=VECTOR('',#12182,1000.);
#7251=VECTOR('',#12189,1000.);
#7252=VECTOR('',#12192,1000.);
#7253=VECTOR('',#12199,1000.);
#7254=VECTOR('',#12200,1000.);
#7255=VECTOR('',#12203,1000.);
#7256=VECTOR('',#12206,1000.);
#7257=VECTOR('',#12211,1000.);
#7258=VECTOR('',#12212,1000.);
#7259=VECTOR('',#12215,1000.);
#7260=VECTOR('',#12218,1000.);
#7261=VECTOR('',#12223,1000.);
#7262=VECTOR('',#12224,1000.);
#7263=VECTOR('',#12227,1000.);
#7264=VECTOR('',#12230,1000.);
#7265=EDGE_LOOP('',(#237,#238,#239,#240,#241,#242));
#7266=EDGE_LOOP('',(#243,#244,#245,#246));
#7267=EDGE_LOOP('',(#247,#248,#249,#250));
#7268=EDGE_LOOP('',(#251,#252,#253,#254));
#7269=EDGE_LOOP('',(#255,#256,#257,#258));
#7270=EDGE_LOOP('',(#259,#260,#261,#262,#263,#264));
#7271=EDGE_LOOP('',(#265,#266,#267,#268,#269,#270));
#7272=EDGE_LOOP('',(#271,#272,#273,#274));
#7273=EDGE_LOOP('',(#275,#276,#277,#278));
#7274=EDGE_LOOP('',(#279,#280,#281,#282));
#7275=EDGE_LOOP('',(#283,#284,#285,#286));
#7276=EDGE_LOOP('',(#287,#288,#289,#290,#291,#292));
#7277=EDGE_LOOP('',(#293,#294,#295,#296,#297,#298));
#7278=EDGE_LOOP('',(#299,#300,#301,#302));
#7279=EDGE_LOOP('',(#303,#304,#305,#306));
#7280=EDGE_LOOP('',(#307,#308,#309,#310));
#7281=EDGE_LOOP('',(#311,#312,#313,#314));
#7282=EDGE_LOOP('',(#315,#316,#317,#318,#319,#320));
#7283=EDGE_LOOP('',(#321,#322,#323,#324,#325,#326));
#7284=EDGE_LOOP('',(#327,#328,#329,#330));
#7285=EDGE_LOOP('',(#331,#332,#333,#334));
#7286=EDGE_LOOP('',(#335,#336,#337,#338));
#7287=EDGE_LOOP('',(#339,#340,#341,#342));
#7288=EDGE_LOOP('',(#343,#344,#345,#346,#347,#348));
#7289=EDGE_LOOP('',(#349,#350,#351,#352,#353,#354));
#7290=EDGE_LOOP('',(#355,#356,#357,#358));
#7291=EDGE_LOOP('',(#359,#360,#361,#362));
#7292=EDGE_LOOP('',(#363,#364,#365,#366));
#7293=EDGE_LOOP('',(#367,#368,#369,#370));
#7294=EDGE_LOOP('',(#371,#372,#373,#374,#375,#376));
#7295=EDGE_LOOP('',(#377,#378,#379,#380,#381,#382));
#7296=EDGE_LOOP('',(#383,#384,#385,#386));
#7297=EDGE_LOOP('',(#387,#388,#389,#390));
#7298=EDGE_LOOP('',(#391,#392,#393,#394));
#7299=EDGE_LOOP('',(#395,#396,#397,#398));
#7300=EDGE_LOOP('',(#399,#400,#401,#402,#403,#404));
#7301=EDGE_LOOP('',(#405,#406,#407,#408,#409,#410));
#7302=EDGE_LOOP('',(#411,#412,#413,#414));
#7303=EDGE_LOOP('',(#415,#416,#417,#418));
#7304=EDGE_LOOP('',(#419,#420,#421,#422));
#7305=EDGE_LOOP('',(#423,#424,#425,#426));
#7306=EDGE_LOOP('',(#427,#428,#429,#430,#431,#432));
#7307=EDGE_LOOP('',(#433,#434,#435,#436,#437,#438));
#7308=EDGE_LOOP('',(#439,#440,#441,#442));
#7309=EDGE_LOOP('',(#443,#444,#445,#446));
#7310=EDGE_LOOP('',(#447,#448,#449,#450));
#7311=EDGE_LOOP('',(#451,#452,#453,#454));
#7312=EDGE_LOOP('',(#455,#456,#457,#458,#459,#460));
#7313=EDGE_LOOP('',(#461,#462,#463,#464,#465,#466));
#7314=EDGE_LOOP('',(#467,#468,#469,#470));
#7315=EDGE_LOOP('',(#471,#472,#473,#474));
#7316=EDGE_LOOP('',(#475,#476,#477,#478));
#7317=EDGE_LOOP('',(#479,#480,#481,#482));
#7318=EDGE_LOOP('',(#483,#484,#485,#486,#487,#488));
#7319=EDGE_LOOP('',(#489,#490,#491,#492,#493,#494));
#7320=EDGE_LOOP('',(#495,#496,#497,#498));
#7321=EDGE_LOOP('',(#499,#500,#501,#502));
#7322=EDGE_LOOP('',(#503,#504,#505,#506));
#7323=EDGE_LOOP('',(#507,#508,#509,#510));
#7324=EDGE_LOOP('',(#511,#512,#513,#514,#515,#516));
#7325=EDGE_LOOP('',(#517,#518,#519,#520,#521,#522));
#7326=EDGE_LOOP('',(#523,#524,#525,#526));
#7327=EDGE_LOOP('',(#527,#528,#529,#530));
#7328=EDGE_LOOP('',(#531,#532,#533,#534));
#7329=EDGE_LOOP('',(#535,#536,#537,#538));
#7330=EDGE_LOOP('',(#539,#540,#541,#542,#543,#544));
#7331=EDGE_LOOP('',(#545,#546,#547,#548,#549,#550));
#7332=EDGE_LOOP('',(#551,#552,#553,#554));
#7333=EDGE_LOOP('',(#555,#556,#557,#558));
#7334=EDGE_LOOP('',(#559,#560,#561,#562));
#7335=EDGE_LOOP('',(#563,#564,#565,#566));
#7336=EDGE_LOOP('',(#567,#568,#569,#570,#571,#572));
#7337=EDGE_LOOP('',(#573,#574,#575,#576,#577,#578));
#7338=EDGE_LOOP('',(#579,#580,#581,#582));
#7339=EDGE_LOOP('',(#583,#584,#585,#586));
#7340=EDGE_LOOP('',(#587,#588,#589,#590));
#7341=EDGE_LOOP('',(#591,#592,#593,#594));
#7342=EDGE_LOOP('',(#595,#596,#597,#598,#599,#600));
#7343=EDGE_LOOP('',(#601,#602,#603,#604,#605,#606));
#7344=EDGE_LOOP('',(#607,#608,#609,#610));
#7345=EDGE_LOOP('',(#611,#612,#613,#614));
#7346=EDGE_LOOP('',(#615,#616,#617,#618));
#7347=EDGE_LOOP('',(#619,#620,#621,#622));
#7348=EDGE_LOOP('',(#623,#624,#625,#626,#627,#628));
#7349=EDGE_LOOP('',(#629,#630,#631,#632,#633,#634));
#7350=EDGE_LOOP('',(#635,#636,#637,#638));
#7351=EDGE_LOOP('',(#639,#640,#641,#642));
#7352=EDGE_LOOP('',(#643,#644,#645,#646));
#7353=EDGE_LOOP('',(#647,#648,#649,#650));
#7354=EDGE_LOOP('',(#651,#652,#653,#654,#655,#656));
#7355=EDGE_LOOP('',(#657,#658,#659,#660,#661,#662));
#7356=EDGE_LOOP('',(#663,#664,#665,#666));
#7357=EDGE_LOOP('',(#667,#668,#669,#670));
#7358=EDGE_LOOP('',(#671,#672,#673,#674));
#7359=EDGE_LOOP('',(#675,#676,#677,#678));
#7360=EDGE_LOOP('',(#679,#680,#681,#682,#683,#684));
#7361=EDGE_LOOP('',(#685,#686,#687,#688,#689,#690));
#7362=EDGE_LOOP('',(#691,#692,#693,#694));
#7363=EDGE_LOOP('',(#695,#696,#697,#698));
#7364=EDGE_LOOP('',(#699,#700,#701,#702));
#7365=EDGE_LOOP('',(#703,#704,#705,#706));
#7366=EDGE_LOOP('',(#707,#708,#709,#710,#711,#712));
#7367=EDGE_LOOP('',(#713,#714,#715,#716,#717,#718));
#7368=EDGE_LOOP('',(#719,#720,#721,#722));
#7369=EDGE_LOOP('',(#723,#724,#725,#726));
#7370=EDGE_LOOP('',(#727,#728,#729,#730));
#7371=EDGE_LOOP('',(#731,#732,#733,#734));
#7372=EDGE_LOOP('',(#735,#736,#737,#738,#739,#740));
#7373=EDGE_LOOP('',(#741,#742,#743,#744,#745,#746));
#7374=EDGE_LOOP('',(#747,#748,#749,#750));
#7375=EDGE_LOOP('',(#751,#752,#753,#754));
#7376=EDGE_LOOP('',(#755,#756,#757,#758));
#7377=EDGE_LOOP('',(#759,#760,#761,#762));
#7378=EDGE_LOOP('',(#763,#764,#765,#766,#767,#768));
#7379=EDGE_LOOP('',(#769,#770,#771,#772,#773,#774));
#7380=EDGE_LOOP('',(#775,#776,#777,#778));
#7381=EDGE_LOOP('',(#779,#780,#781,#782));
#7382=EDGE_LOOP('',(#783,#784,#785,#786));
#7383=EDGE_LOOP('',(#787,#788,#789,#790));
#7384=EDGE_LOOP('',(#791,#792,#793,#794,#795,#796));
#7385=EDGE_LOOP('',(#797,#798,#799,#800,#801,#802));
#7386=EDGE_LOOP('',(#803,#804,#805,#806));
#7387=EDGE_LOOP('',(#807,#808,#809,#810));
#7388=EDGE_LOOP('',(#811,#812,#813,#814));
#7389=EDGE_LOOP('',(#815,#816,#817,#818));
#7390=EDGE_LOOP('',(#819,#820,#821,#822,#823,#824));
#7391=EDGE_LOOP('',(#825,#826,#827,#828,#829,#830));
#7392=EDGE_LOOP('',(#831,#832,#833,#834));
#7393=EDGE_LOOP('',(#835,#836,#837,#838));
#7394=EDGE_LOOP('',(#839,#840,#841,#842));
#7395=EDGE_LOOP('',(#843,#844,#845,#846));
#7396=EDGE_LOOP('',(#847,#848,#849,#850,#851,#852));
#7397=EDGE_LOOP('',(#853,#854,#855,#856,#857,#858));
#7398=EDGE_LOOP('',(#859,#860,#861,#862));
#7399=EDGE_LOOP('',(#863,#864,#865,#866));
#7400=EDGE_LOOP('',(#867,#868,#869,#870));
#7401=EDGE_LOOP('',(#871,#872,#873,#874));
#7402=EDGE_LOOP('',(#875,#876,#877,#878,#879,#880));
#7403=EDGE_LOOP('',(#881,#882,#883,#884,#885,#886));
#7404=EDGE_LOOP('',(#887,#888,#889,#890));
#7405=EDGE_LOOP('',(#891,#892,#893,#894));
#7406=EDGE_LOOP('',(#895,#896,#897,#898));
#7407=EDGE_LOOP('',(#899,#900,#901,#902));
#7408=EDGE_LOOP('',(#903,#904,#905,#906,#907,#908));
#7409=EDGE_LOOP('',(#909,#910,#911,#912,#913,#914));
#7410=EDGE_LOOP('',(#915,#916,#917,#918));
#7411=EDGE_LOOP('',(#919,#920,#921,#922));
#7412=EDGE_LOOP('',(#923,#924,#925,#926));
#7413=EDGE_LOOP('',(#927,#928,#929,#930));
#7414=EDGE_LOOP('',(#931,#932,#933,#934,#935,#936));
#7415=EDGE_LOOP('',(#937,#938,#939,#940,#941,#942));
#7416=EDGE_LOOP('',(#943,#944,#945,#946));
#7417=EDGE_LOOP('',(#947,#948,#949,#950));
#7418=EDGE_LOOP('',(#951,#952,#953,#954));
#7419=EDGE_LOOP('',(#955,#956,#957,#958));
#7420=EDGE_LOOP('',(#959,#960,#961,#962,#963,#964));
#7421=EDGE_LOOP('',(#965,#966,#967,#968,#969,#970));
#7422=EDGE_LOOP('',(#971,#972,#973,#974));
#7423=EDGE_LOOP('',(#975,#976,#977,#978));
#7424=EDGE_LOOP('',(#979,#980,#981,#982));
#7425=EDGE_LOOP('',(#983,#984,#985,#986));
#7426=EDGE_LOOP('',(#987,#988,#989,#990,#991,#992));
#7427=EDGE_LOOP('',(#993,#994,#995,#996,#997,#998));
#7428=EDGE_LOOP('',(#999,#1000,#1001,#1002));
#7429=EDGE_LOOP('',(#1003,#1004,#1005,#1006));
#7430=EDGE_LOOP('',(#1007,#1008,#1009,#1010));
#7431=EDGE_LOOP('',(#1011,#1012,#1013,#1014));
#7432=EDGE_LOOP('',(#1015,#1016,#1017,#1018,#1019,#1020));
#7433=EDGE_LOOP('',(#1021,#1022,#1023,#1024,#1025,#1026));
#7434=EDGE_LOOP('',(#1027,#1028,#1029,#1030));
#7435=EDGE_LOOP('',(#1031,#1032,#1033,#1034));
#7436=EDGE_LOOP('',(#1035,#1036,#1037,#1038));
#7437=EDGE_LOOP('',(#1039,#1040,#1041,#1042));
#7438=EDGE_LOOP('',(#1043,#1044,#1045,#1046,#1047,#1048));
#7439=EDGE_LOOP('',(#1049,#1050,#1051,#1052,#1053,#1054));
#7440=EDGE_LOOP('',(#1055,#1056,#1057,#1058));
#7441=EDGE_LOOP('',(#1059,#1060,#1061,#1062));
#7442=EDGE_LOOP('',(#1063,#1064,#1065,#1066));
#7443=EDGE_LOOP('',(#1067,#1068,#1069,#1070));
#7444=EDGE_LOOP('',(#1071,#1072,#1073,#1074,#1075,#1076));
#7445=EDGE_LOOP('',(#1077,#1078,#1079,#1080,#1081,#1082));
#7446=EDGE_LOOP('',(#1083,#1084,#1085,#1086));
#7447=EDGE_LOOP('',(#1087,#1088,#1089,#1090));
#7448=EDGE_LOOP('',(#1091,#1092,#1093,#1094));
#7449=EDGE_LOOP('',(#1095,#1096,#1097,#1098));
#7450=EDGE_LOOP('',(#1099,#1100,#1101,#1102,#1103,#1104));
#7451=EDGE_LOOP('',(#1105,#1106,#1107,#1108,#1109,#1110));
#7452=EDGE_LOOP('',(#1111,#1112,#1113,#1114));
#7453=EDGE_LOOP('',(#1115,#1116,#1117,#1118));
#7454=EDGE_LOOP('',(#1119,#1120,#1121,#1122));
#7455=EDGE_LOOP('',(#1123,#1124,#1125,#1126));
#7456=EDGE_LOOP('',(#1127,#1128,#1129,#1130,#1131,#1132));
#7457=EDGE_LOOP('',(#1133,#1134,#1135,#1136,#1137,#1138));
#7458=EDGE_LOOP('',(#1139,#1140,#1141,#1142));
#7459=EDGE_LOOP('',(#1143,#1144,#1145,#1146));
#7460=EDGE_LOOP('',(#1147,#1148,#1149,#1150));
#7461=EDGE_LOOP('',(#1151,#1152,#1153,#1154));
#7462=EDGE_LOOP('',(#1155,#1156,#1157,#1158,#1159,#1160));
#7463=EDGE_LOOP('',(#1161,#1162,#1163,#1164,#1165,#1166));
#7464=EDGE_LOOP('',(#1167,#1168,#1169,#1170));
#7465=EDGE_LOOP('',(#1171,#1172,#1173,#1174));
#7466=EDGE_LOOP('',(#1175,#1176,#1177,#1178));
#7467=EDGE_LOOP('',(#1179,#1180,#1181,#1182));
#7468=EDGE_LOOP('',(#1183,#1184,#1185,#1186,#1187,#1188));
#7469=EDGE_LOOP('',(#1189,#1190,#1191,#1192,#1193,#1194));
#7470=EDGE_LOOP('',(#1195,#1196,#1197,#1198));
#7471=EDGE_LOOP('',(#1199,#1200,#1201,#1202));
#7472=EDGE_LOOP('',(#1203,#1204,#1205,#1206));
#7473=EDGE_LOOP('',(#1207,#1208,#1209,#1210));
#7474=EDGE_LOOP('',(#1211,#1212,#1213,#1214,#1215,#1216));
#7475=EDGE_LOOP('',(#1217,#1218,#1219,#1220,#1221,#1222));
#7476=EDGE_LOOP('',(#1223,#1224,#1225,#1226));
#7477=EDGE_LOOP('',(#1227,#1228,#1229,#1230));
#7478=EDGE_LOOP('',(#1231,#1232,#1233,#1234));
#7479=EDGE_LOOP('',(#1235,#1236,#1237,#1238));
#7480=EDGE_LOOP('',(#1239,#1240,#1241,#1242,#1243,#1244));
#7481=EDGE_LOOP('',(#1245,#1246,#1247,#1248,#1249,#1250));
#7482=EDGE_LOOP('',(#1251,#1252,#1253,#1254));
#7483=EDGE_LOOP('',(#1255,#1256,#1257,#1258));
#7484=EDGE_LOOP('',(#1259,#1260,#1261,#1262));
#7485=EDGE_LOOP('',(#1263,#1264,#1265,#1266));
#7486=EDGE_LOOP('',(#1267,#1268,#1269,#1270,#1271,#1272));
#7487=EDGE_LOOP('',(#1273,#1274,#1275,#1276));
#7488=EDGE_LOOP('',(#1277,#1278,#1279,#1280,#1281,#1282));
#7489=EDGE_LOOP('',(#1283,#1284,#1285,#1286));
#7490=EDGE_LOOP('',(#1287,#1288,#1289,#1290,#1291,#1292));
#7491=EDGE_LOOP('',(#1293,#1294,#1295,#1296));
#7492=EDGE_LOOP('',(#1297,#1298,#1299,#1300,#1301,#1302));
#7493=EDGE_LOOP('',(#1303,#1304,#1305,#1306));
#7494=EDGE_LOOP('',(#1307,#1308,#1309,#1310,#1311,#1312));
#7495=EDGE_LOOP('',(#1313,#1314,#1315,#1316,#1317,#1318,#1319,#1320,#1321,
#1322,#1323,#1324,#1325,#1326,#1327,#1328,#1329,#1330,#1331,#1332,#1333,
#1334,#1335,#1336,#1337,#1338,#1339,#1340,#1341,#1342,#1343,#1344,#1345,
#1346,#1347,#1348,#1349,#1350,#1351,#1352,#1353,#1354,#1355,#1356,#1357,
#1358,#1359,#1360,#1361,#1362,#1363,#1364,#1365,#1366,#1367,#1368,#1369,
#1370,#1371,#1372,#1373,#1374,#1375,#1376,#1377,#1378,#1379,#1380,#1381,
#1382,#1383,#1384,#1385,#1386,#1387,#1388,#1389,#1390,#1391,#1392,#1393,
#1394,#1395,#1396,#1397,#1398,#1399,#1400,#1401,#1402,#1403,#1404,#1405,
#1406,#1407,#1408,#1409,#1410,#1411,#1412,#1413,#1414,#1415,#1416,#1417,
#1418,#1419,#1420,#1421,#1422,#1423,#1424,#1425,#1426,#1427,#1428,#1429,
#1430,#1431,#1432,#1433,#1434,#1435,#1436,#1437,#1438,#1439,#1440,#1441,
#1442,#1443,#1444,#1445,#1446,#1447,#1448,#1449,#1450,#1451,#1452,#1453,
#1454,#1455,#1456,#1457,#1458,#1459,#1460,#1461,#1462,#1463,#1464,#1465,
#1466,#1467,#1468));
#7496=EDGE_LOOP('',(#1469,#1470,#1471,#1472));
#7497=EDGE_LOOP('',(#1473,#1474,#1475,#1476));
#7498=EDGE_LOOP('',(#1477,#1478,#1479,#1480));
#7499=EDGE_LOOP('',(#1481,#1482,#1483,#1484));
#7500=EDGE_LOOP('',(#1485,#1486,#1487,#1488,#1489,#1490,#1491,#1492,#1493,
#1494,#1495,#1496,#1497,#1498,#1499,#1500,#1501,#1502,#1503,#1504,#1505,
#1506,#1507,#1508,#1509,#1510,#1511,#1512,#1513,#1514,#1515,#1516,#1517,
#1518,#1519,#1520,#1521,#1522,#1523,#1524,#1525,#1526,#1527,#1528,#1529,
#1530,#1531,#1532,#1533,#1534,#1535,#1536,#1537,#1538,#1539,#1540,#1541,
#1542,#1543,#1544,#1545,#1546,#1547,#1548,#1549,#1550,#1551,#1552,#1553,
#1554,#1555,#1556,#1557,#1558,#1559,#1560,#1561,#1562,#1563,#1564,#1565,
#1566,#1567,#1568,#1569,#1570,#1571,#1572,#1573,#1574,#1575,#1576,#1577,
#1578,#1579,#1580,#1581,#1582,#1583,#1584,#1585,#1586,#1587,#1588,#1589,
#1590,#1591,#1592,#1593,#1594,#1595,#1596,#1597,#1598,#1599,#1600,#1601,
#1602,#1603,#1604,#1605,#1606,#1607,#1608,#1609,#1610,#1611,#1612,#1613,
#1614,#1615,#1616,#1617,#1618,#1619,#1620,#1621,#1622,#1623,#1624,#1625,
#1626,#1627,#1628,#1629,#1630,#1631,#1632,#1633,#1634,#1635,#1636,#1637,
#1638,#1639,#1640));
#7501=EDGE_LOOP('',(#1641,#1642,#1643,#1644));
#7502=EDGE_LOOP('',(#1645,#1646,#1647,#1648));
#7503=EDGE_LOOP('',(#1649,#1650,#1651,#1652));
#7504=EDGE_LOOP('',(#1653,#1654,#1655,#1656));
#7505=EDGE_LOOP('',(#1657,#1658,#1659,#1660));
#7506=EDGE_LOOP('',(#1661,#1662,#1663,#1664));
#7507=EDGE_LOOP('',(#1665,#1666,#1667,#1668,#1669,#1670,#1671,#1672,#1673,
#1674,#1675,#1676,#1677,#1678,#1679,#1680,#1681,#1682,#1683,#1684,#1685,
#1686,#1687,#1688));
#7508=EDGE_LOOP('',(#1689,#1690,#1691,#1692,#1693,#1694,#1695,#1696,#1697,
#1698,#1699,#1700,#1701,#1702,#1703,#1704,#1705,#1706,#1707,#1708,#1709,
#1710,#1711,#1712,#1713,#1714,#1715,#1716,#1717,#1718,#1719,#1720));
#7509=EDGE_LOOP('',(#1721,#1722,#1723,#1724,#1725,#1726,#1727,#1728,#1729,
#1730,#1731,#1732,#1733,#1734,#1735,#1736,#1737,#1738,#1739,#1740,#1741,
#1742,#1743,#1744));
#7510=EDGE_LOOP('',(#1745,#1746,#1747,#1748,#1749,#1750,#1751,#1752,#1753,
#1754,#1755,#1756,#1757,#1758,#1759,#1760,#1761,#1762,#1763,#1764,#1765,
#1766,#1767,#1768,#1769,#1770,#1771,#1772,#1773,#1774,#1775,#1776));
#7511=EDGE_LOOP('',(#1777,#1778,#1779,#1780));
#7512=EDGE_LOOP('',(#1781,#1782,#1783,#1784));
#7513=EDGE_LOOP('',(#1785,#1786,#1787,#1788));
#7514=EDGE_LOOP('',(#1789,#1790,#1791,#1792));
#7515=EDGE_LOOP('',(#1793,#1794,#1795,#1796));
#7516=EDGE_LOOP('',(#1797,#1798,#1799,#1800));
#7517=EDGE_LOOP('',(#1801,#1802,#1803,#1804));
#7518=EDGE_LOOP('',(#1805,#1806,#1807,#1808));
#7519=EDGE_LOOP('',(#1809,#1810,#1811,#1812));
#7520=EDGE_LOOP('',(#1813,#1814,#1815,#1816));
#7521=EDGE_LOOP('',(#1817,#1818,#1819,#1820));
#7522=EDGE_LOOP('',(#1821,#1822,#1823,#1824));
#7523=EDGE_LOOP('',(#1825,#1826,#1827,#1828));
#7524=EDGE_LOOP('',(#1829,#1830,#1831,#1832));
#7525=EDGE_LOOP('',(#1833,#1834,#1835,#1836));
#7526=EDGE_LOOP('',(#1837,#1838,#1839,#1840));
#7527=EDGE_LOOP('',(#1841,#1842,#1843,#1844));
#7528=EDGE_LOOP('',(#1845,#1846,#1847,#1848));
#7529=EDGE_LOOP('',(#1849,#1850,#1851,#1852));
#7530=EDGE_LOOP('',(#1853,#1854,#1855,#1856));
#7531=EDGE_LOOP('',(#1857,#1858,#1859,#1860));
#7532=EDGE_LOOP('',(#1861,#1862,#1863,#1864));
#7533=EDGE_LOOP('',(#1865,#1866,#1867,#1868));
#7534=EDGE_LOOP('',(#1869,#1870,#1871,#1872));
#7535=EDGE_LOOP('',(#1873,#1874,#1875,#1876));
#7536=EDGE_LOOP('',(#1877,#1878,#1879,#1880));
#7537=EDGE_LOOP('',(#1881,#1882,#1883,#1884));
#7538=EDGE_LOOP('',(#1885,#1886,#1887,#1888));
#7539=EDGE_LOOP('',(#1889,#1890,#1891,#1892));
#7540=EDGE_LOOP('',(#1893,#1894,#1895,#1896));
#7541=EDGE_LOOP('',(#1897,#1898,#1899,#1900));
#7542=EDGE_LOOP('',(#1901,#1902,#1903,#1904));
#7543=EDGE_LOOP('',(#1905,#1906,#1907,#1908));
#7544=EDGE_LOOP('',(#1909,#1910,#1911,#1912));
#7545=EDGE_LOOP('',(#1913,#1914,#1915,#1916));
#7546=EDGE_LOOP('',(#1917,#1918,#1919,#1920));
#7547=EDGE_LOOP('',(#1921,#1922,#1923,#1924));
#7548=EDGE_LOOP('',(#1925,#1926,#1927,#1928));
#7549=EDGE_LOOP('',(#1929,#1930,#1931,#1932));
#7550=EDGE_LOOP('',(#1933,#1934,#1935,#1936));
#7551=EDGE_LOOP('',(#1937,#1938,#1939,#1940));
#7552=EDGE_LOOP('',(#1941,#1942,#1943,#1944));
#7553=EDGE_LOOP('',(#1945,#1946,#1947,#1948));
#7554=EDGE_LOOP('',(#1949,#1950,#1951,#1952));
#7555=EDGE_LOOP('',(#1953,#1954,#1955,#1956));
#7556=EDGE_LOOP('',(#1957,#1958,#1959,#1960));
#7557=EDGE_LOOP('',(#1961,#1962,#1963,#1964));
#7558=EDGE_LOOP('',(#1965,#1966,#1967,#1968));
#7559=EDGE_LOOP('',(#1969,#1970,#1971,#1972));
#7560=EDGE_LOOP('',(#1973,#1974,#1975,#1976));
#7561=EDGE_LOOP('',(#1977,#1978,#1979,#1980));
#7562=EDGE_LOOP('',(#1981,#1982,#1983,#1984,#1985,#1986,#1987,#1988));
#7563=EDGE_LOOP('',(#1989,#1990,#1991,#1992));
#7564=EDGE_LOOP('',(#1993,#1994,#1995,#1996));
#7565=EDGE_LOOP('',(#1997,#1998,#1999,#2000,#2001,#2002,#2003,#2004));
#7566=EDGE_LOOP('',(#2005,#2006,#2007,#2008));
#7567=EDGE_LOOP('',(#2009,#2010,#2011,#2012,#2013,#2014,#2015,#2016,#2017,
#2018,#2019,#2020,#2021,#2022,#2023,#2024));
#7568=EDGE_LOOP('',(#2025,#2026,#2027,#2028,#2029,#2030,#2031,#2032,#2033,
#2034,#2035,#2036,#2037,#2038,#2039,#2040));
#7569=EDGE_LOOP('',(#2041,#2042,#2043,#2044,#2045,#2046,#2047,#2048,#2049,
#2050,#2051,#2052,#2053,#2054,#2055,#2056,#2057,#2058,#2059,#2060,#2061,
#2062,#2063,#2064));
#7570=EDGE_LOOP('',(#2065));
#7571=EDGE_LOOP('',(#2066));
#7572=EDGE_LOOP('',(#2067,#2068,#2069,#2070,#2071,#2072,#2073,#2074));
#7573=EDGE_LOOP('',(#2075,#2076,#2077,#2078));
#7574=EDGE_LOOP('',(#2079,#2080,#2081,#2082));
#7575=EDGE_LOOP('',(#2083,#2084,#2085,#2086));
#7576=EDGE_LOOP('',(#2087,#2088,#2089,#2090));
#7577=EDGE_LOOP('',(#2091,#2092,#2093,#2094));
#7578=EDGE_LOOP('',(#2095,#2096,#2097,#2098,#2099,#2100,#2101,#2102,#2103,
#2104,#2105,#2106,#2107,#2108,#2109,#2110));
#7579=EDGE_LOOP('',(#2111,#2112,#2113,#2114,#2115,#2116,#2117,#2118,#2119,
#2120,#2121,#2122,#2123,#2124,#2125,#2126));
#7580=EDGE_LOOP('',(#2127,#2128,#2129,#2130));
#7581=EDGE_LOOP('',(#2131,#2132,#2133,#2134,#2135,#2136,#2137,#2138,#2139,
#2140,#2141,#2142,#2143,#2144,#2145,#2146));
#7582=EDGE_LOOP('',(#2147,#2148,#2149,#2150,#2151,#2152,#2153,#2154,#2155,
#2156,#2157,#2158,#2159,#2160,#2161,#2162));
#7583=EDGE_LOOP('',(#2163,#2164,#2165,#2166));
#7584=EDGE_LOOP('',(#2167,#2168,#2169,#2170));
#7585=EDGE_LOOP('',(#2171,#2172,#2173,#2174));
#7586=EDGE_LOOP('',(#2175,#2176,#2177,#2178));
#7587=EDGE_LOOP('',(#2179,#2180,#2181,#2182));
#7588=EDGE_LOOP('',(#2183,#2184,#2185,#2186));
#7589=EDGE_LOOP('',(#2187,#2188,#2189,#2190));
#7590=EDGE_LOOP('',(#2191,#2192,#2193,#2194));
#7591=EDGE_LOOP('',(#2195,#2196,#2197,#2198));
#7592=EDGE_LOOP('',(#2199,#2200,#2201,#2202));
#7593=EDGE_LOOP('',(#2203,#2204,#2205,#2206));
#7594=EDGE_LOOP('',(#2207,#2208,#2209,#2210));
#7595=EDGE_LOOP('',(#2211,#2212,#2213,#2214));
#7596=EDGE_LOOP('',(#2215,#2216,#2217,#2218));
#7597=EDGE_LOOP('',(#2219,#2220,#2221,#2222));
#7598=EDGE_LOOP('',(#2223,#2224,#2225,#2226));
#7599=EDGE_LOOP('',(#2227,#2228,#2229,#2230));
#7600=EDGE_LOOP('',(#2231,#2232,#2233,#2234));
#7601=EDGE_LOOP('',(#2235,#2236,#2237,#2238));
#7602=EDGE_LOOP('',(#2239,#2240,#2241,#2242));
#7603=EDGE_LOOP('',(#2243,#2244,#2245,#2246));
#7604=EDGE_LOOP('',(#2247,#2248,#2249,#2250));
#7605=EDGE_LOOP('',(#2251,#2252,#2253,#2254));
#7606=EDGE_LOOP('',(#2255,#2256,#2257,#2258));
#7607=EDGE_LOOP('',(#2259,#2260,#2261,#2262));
#7608=EDGE_LOOP('',(#2263,#2264,#2265,#2266));
#7609=EDGE_LOOP('',(#2267,#2268,#2269,#2270));
#7610=EDGE_LOOP('',(#2271,#2272,#2273,#2274));
#7611=EDGE_LOOP('',(#2275,#2276,#2277,#2278));
#7612=EDGE_LOOP('',(#2279,#2280,#2281,#2282));
#7613=EDGE_LOOP('',(#2283,#2284,#2285,#2286));
#7614=EDGE_LOOP('',(#2287,#2288,#2289,#2290));
#7615=EDGE_LOOP('',(#2291,#2292,#2293,#2294));
#7616=EDGE_LOOP('',(#2295,#2296,#2297,#2298));
#7617=EDGE_LOOP('',(#2299,#2300,#2301,#2302));
#7618=EDGE_LOOP('',(#2303,#2304,#2305,#2306));
#7619=EDGE_LOOP('',(#2307,#2308,#2309,#2310));
#7620=EDGE_LOOP('',(#2311,#2312,#2313,#2314));
#7621=EDGE_LOOP('',(#2315,#2316,#2317,#2318,#2319,#2320,#2321,#2322,#2323,
#2324,#2325,#2326,#2327,#2328,#2329,#2330,#2331,#2332,#2333,#2334,#2335,
#2336,#2337,#2338,#2339,#2340,#2341,#2342,#2343,#2344,#2345,#2346,#2347,
#2348,#2349,#2350,#2351,#2352));
#7622=EDGE_LOOP('',(#2353,#2354,#2355,#2356));
#7623=EDGE_LOOP('',(#2357,#2358,#2359,#2360));
#7624=EDGE_LOOP('',(#2361,#2362,#2363,#2364,#2365,#2366,#2367,#2368,#2369,
#2370,#2371,#2372,#2373,#2374,#2375,#2376,#2377,#2378,#2379,#2380,#2381,
#2382,#2383,#2384,#2385,#2386,#2387,#2388,#2389,#2390,#2391));
#7625=EDGE_LOOP('',(#2392));
#7626=EDGE_LOOP('',(#2393,#2394,#2395,#2396));
#7627=EDGE_LOOP('',(#2397,#2398,#2399,#2400));
#7628=EDGE_LOOP('',(#2401,#2402,#2403,#2404));
#7629=EDGE_LOOP('',(#2405,#2406,#2407,#2408));
#7630=EDGE_LOOP('',(#2409,#2410,#2411,#2412));
#7631=EDGE_LOOP('',(#2413,#2414,#2415,#2416));
#7632=EDGE_LOOP('',(#2417,#2418,#2419,#2420));
#7633=EDGE_LOOP('',(#2421,#2422,#2423,#2424));
#7634=EDGE_LOOP('',(#2425,#2426,#2427,#2428));
#7635=EDGE_LOOP('',(#2429,#2430,#2431,#2432));
#7636=EDGE_LOOP('',(#2433,#2434,#2435,#2436));
#7637=EDGE_LOOP('',(#2437,#2438,#2439,#2440));
#7638=EDGE_LOOP('',(#2441,#2442,#2443,#2444));
#7639=EDGE_LOOP('',(#2445,#2446,#2447,#2448));
#7640=EDGE_LOOP('',(#2449));
#7641=EDGE_LOOP('',(#2450,#2451,#2452,#2453));
#7642=EDGE_LOOP('',(#2454,#2455,#2456,#2457));
#7643=EDGE_LOOP('',(#2458,#2459,#2460,#2461));
#7644=EDGE_LOOP('',(#2462,#2463,#2464,#2465,#2466,#2467,#2468,#2469));
#7645=EDGE_LOOP('',(#2470,#2471,#2472,#2473));
#7646=EDGE_LOOP('',(#2474,#2475,#2476,#2477));
#7647=EDGE_LOOP('',(#2478,#2479,#2480,#2481,#2482));
#7648=EDGE_LOOP('',(#2483,#2484,#2485,#2486));
#7649=EDGE_LOOP('',(#2487,#2488,#2489,#2490));
#7650=EDGE_LOOP('',(#2491,#2492,#2493,#2494));
#7651=EDGE_LOOP('',(#2495,#2496,#2497,#2498));
#7652=EDGE_LOOP('',(#2499,#2500,#2501,#2502));
#7653=EDGE_LOOP('',(#2503,#2504,#2505));
#7654=EDGE_LOOP('',(#2506,#2507,#2508,#2509));
#7655=EDGE_LOOP('',(#2510,#2511,#2512,#2513));
#7656=EDGE_LOOP('',(#2514,#2515,#2516,#2517));
#7657=EDGE_LOOP('',(#2518,#2519,#2520,#2521));
#7658=EDGE_LOOP('',(#2522,#2523,#2524,#2525));
#7659=EDGE_LOOP('',(#2526,#2527,#2528,#2529));
#7660=EDGE_LOOP('',(#2530,#2531,#2532,#2533));
#7661=EDGE_LOOP('',(#2534,#2535,#2536,#2537));
#7662=EDGE_LOOP('',(#2538,#2539,#2540,#2541));
#7663=EDGE_LOOP('',(#2542,#2543,#2544,#2545));
#7664=EDGE_LOOP('',(#2546,#2547,#2548));
#7665=EDGE_LOOP('',(#2549,#2550,#2551,#2552));
#7666=EDGE_LOOP('',(#2553,#2554,#2555,#2556));
#7667=EDGE_LOOP('',(#2557,#2558,#2559,#2560));
#7668=EDGE_LOOP('',(#2561,#2562,#2563,#2564));
#7669=EDGE_LOOP('',(#2565,#2566,#2567,#2568));
#7670=EDGE_LOOP('',(#2569,#2570,#2571,#2572));
#7671=EDGE_LOOP('',(#2573,#2574,#2575,#2576));
#7672=EDGE_LOOP('',(#2577,#2578,#2579,#2580));
#7673=EDGE_LOOP('',(#2581,#2582,#2583,#2584));
#7674=EDGE_LOOP('',(#2585,#2586,#2587,#2588));
#7675=EDGE_LOOP('',(#2589,#2590,#2591,#2592));
#7676=EDGE_LOOP('',(#2593,#2594,#2595,#2596));
#7677=EDGE_LOOP('',(#2597,#2598,#2599,#2600));
#7678=EDGE_LOOP('',(#2601,#2602,#2603,#2604));
#7679=EDGE_LOOP('',(#2605,#2606,#2607,#2608));
#7680=EDGE_LOOP('',(#2609,#2610,#2611,#2612));
#7681=EDGE_LOOP('',(#2613,#2614,#2615,#2616));
#7682=EDGE_LOOP('',(#2617,#2618,#2619,#2620));
#7683=EDGE_LOOP('',(#2621,#2622,#2623,#2624));
#7684=EDGE_LOOP('',(#2625,#2626,#2627,#2628));
#7685=EDGE_LOOP('',(#2629,#2630,#2631,#2632));
#7686=EDGE_LOOP('',(#2633,#2634,#2635,#2636));
#7687=EDGE_LOOP('',(#2637,#2638,#2639,#2640));
#7688=EDGE_LOOP('',(#2641,#2642,#2643,#2644));
#7689=EDGE_LOOP('',(#2645,#2646,#2647,#2648));
#7690=EDGE_LOOP('',(#2649,#2650,#2651,#2652));
#7691=EDGE_LOOP('',(#2653,#2654,#2655,#2656));
#7692=EDGE_LOOP('',(#2657,#2658,#2659,#2660));
#7693=EDGE_LOOP('',(#2661,#2662,#2663,#2664));
#7694=EDGE_LOOP('',(#2665,#2666,#2667,#2668));
#7695=EDGE_LOOP('',(#2669,#2670,#2671,#2672));
#7696=EDGE_LOOP('',(#2673,#2674,#2675,#2676));
#7697=EDGE_LOOP('',(#2677,#2678,#2679,#2680));
#7698=EDGE_LOOP('',(#2681,#2682,#2683,#2684));
#7699=EDGE_LOOP('',(#2685,#2686,#2687,#2688));
#7700=EDGE_LOOP('',(#2689,#2690,#2691,#2692));
#7701=EDGE_LOOP('',(#2693,#2694,#2695,#2696));
#7702=EDGE_LOOP('',(#2697,#2698,#2699,#2700));
#7703=EDGE_LOOP('',(#2701,#2702,#2703,#2704));
#7704=EDGE_LOOP('',(#2705,#2706,#2707,#2708));
#7705=EDGE_LOOP('',(#2709));
#7706=EDGE_LOOP('',(#2710,#2711,#2712,#2713));
#7707=EDGE_LOOP('',(#2714,#2715,#2716,#2717));
#7708=EDGE_LOOP('',(#2718,#2719,#2720,#2721));
#7709=EDGE_LOOP('',(#2722));
#7710=EDGE_LOOP('',(#2723,#2724,#2725,#2726));
#7711=EDGE_LOOP('',(#2727));
#7712=EDGE_LOOP('',(#2728,#2729,#2730,#2731));
#7713=EDGE_LOOP('',(#2732));
#7714=EDGE_LOOP('',(#2733,#2734,#2735,#2736));
#7715=EDGE_LOOP('',(#2737,#2738,#2739,#2740));
#7716=EDGE_LOOP('',(#2741,#2742,#2743,#2744));
#7717=EDGE_LOOP('',(#2745));
#7718=EDGE_LOOP('',(#2746));
#7719=EDGE_LOOP('',(#2747,#2748,#2749,#2750));
#7720=EDGE_LOOP('',(#2751,#2752,#2753,#2754));
#7721=EDGE_LOOP('',(#2755,#2756,#2757,#2758));
#7722=EDGE_LOOP('',(#2759,#2760,#2761,#2762));
#7723=EDGE_LOOP('',(#2763,#2764,#2765,#2766));
#7724=EDGE_LOOP('',(#2767,#2768,#2769,#2770));
#7725=EDGE_LOOP('',(#2771));
#7726=EDGE_LOOP('',(#2772));
#7727=EDGE_LOOP('',(#2773,#2774,#2775,#2776));
#7728=EDGE_LOOP('',(#2777,#2778,#2779,#2780));
#7729=EDGE_LOOP('',(#2781,#2782,#2783,#2784));
#7730=EDGE_LOOP('',(#2785));
#7731=EDGE_LOOP('',(#2786));
#7732=EDGE_LOOP('',(#2787,#2788,#2789,#2790));
#7733=EDGE_LOOP('',(#2791));
#7734=EDGE_LOOP('',(#2792));
#7735=EDGE_LOOP('',(#2793));
#7736=EDGE_LOOP('',(#2794));
#7737=EDGE_LOOP('',(#2795,#2796,#2797,#2798));
#7738=EDGE_LOOP('',(#2799,#2800,#2801,#2802));
#7739=EDGE_LOOP('',(#2803,#2804,#2805,#2806));
#7740=EDGE_LOOP('',(#2807,#2808,#2809,#2810));
#7741=EDGE_LOOP('',(#2811,#2812,#2813,#2814));
#7742=EDGE_LOOP('',(#2815,#2816,#2817,#2818));
#7743=EDGE_LOOP('',(#2819,#2820,#2821,#2822));
#7744=EDGE_LOOP('',(#2823,#2824,#2825,#2826));
#7745=EDGE_LOOP('',(#2827,#2828,#2829,#2830));
#7746=EDGE_LOOP('',(#2831,#2832,#2833,#2834));
#7747=EDGE_LOOP('',(#2835,#2836,#2837,#2838));
#7748=EDGE_LOOP('',(#2839,#2840,#2841,#2842));
#7749=EDGE_LOOP('',(#2843));
#7750=EDGE_LOOP('',(#2844));
#7751=EDGE_LOOP('',(#2845));
#7752=EDGE_LOOP('',(#2846));
#7753=FACE_BOUND('',#7265,.T.);
#7754=FACE_BOUND('',#7266,.T.);
#7755=FACE_BOUND('',#7267,.T.);
#7756=FACE_BOUND('',#7268,.T.);
#7757=FACE_BOUND('',#7269,.T.);
#7758=FACE_BOUND('',#7270,.T.);
#7759=FACE_BOUND('',#7271,.T.);
#7760=FACE_BOUND('',#7272,.T.);
#7761=FACE_BOUND('',#7273,.T.);
#7762=FACE_BOUND('',#7274,.T.);
#7763=FACE_BOUND('',#7275,.T.);
#7764=FACE_BOUND('',#7276,.T.);
#7765=FACE_BOUND('',#7277,.T.);
#7766=FACE_BOUND('',#7278,.T.);
#7767=FACE_BOUND('',#7279,.T.);
#7768=FACE_BOUND('',#7280,.T.);
#7769=FACE_BOUND('',#7281,.T.);
#7770=FACE_BOUND('',#7282,.T.);
#7771=FACE_BOUND('',#7283,.T.);
#7772=FACE_BOUND('',#7284,.T.);
#7773=FACE_BOUND('',#7285,.T.);
#7774=FACE_BOUND('',#7286,.T.);
#7775=FACE_BOUND('',#7287,.T.);
#7776=FACE_BOUND('',#7288,.T.);
#7777=FACE_BOUND('',#7289,.T.);
#7778=FACE_BOUND('',#7290,.T.);
#7779=FACE_BOUND('',#7291,.T.);
#7780=FACE_BOUND('',#7292,.T.);
#7781=FACE_BOUND('',#7293,.T.);
#7782=FACE_BOUND('',#7294,.T.);
#7783=FACE_BOUND('',#7295,.T.);
#7784=FACE_BOUND('',#7296,.T.);
#7785=FACE_BOUND('',#7297,.T.);
#7786=FACE_BOUND('',#7298,.T.);
#7787=FACE_BOUND('',#7299,.T.);
#7788=FACE_BOUND('',#7300,.T.);
#7789=FACE_BOUND('',#7301,.T.);
#7790=FACE_BOUND('',#7302,.T.);
#7791=FACE_BOUND('',#7303,.T.);
#7792=FACE_BOUND('',#7304,.T.);
#7793=FACE_BOUND('',#7305,.T.);
#7794=FACE_BOUND('',#7306,.T.);
#7795=FACE_BOUND('',#7307,.T.);
#7796=FACE_BOUND('',#7308,.T.);
#7797=FACE_BOUND('',#7309,.T.);
#7798=FACE_BOUND('',#7310,.T.);
#7799=FACE_BOUND('',#7311,.T.);
#7800=FACE_BOUND('',#7312,.T.);
#7801=FACE_BOUND('',#7313,.T.);
#7802=FACE_BOUND('',#7314,.T.);
#7803=FACE_BOUND('',#7315,.T.);
#7804=FACE_BOUND('',#7316,.T.);
#7805=FACE_BOUND('',#7317,.T.);
#7806=FACE_BOUND('',#7318,.T.);
#7807=FACE_BOUND('',#7319,.T.);
#7808=FACE_BOUND('',#7320,.T.);
#7809=FACE_BOUND('',#7321,.T.);
#7810=FACE_BOUND('',#7322,.T.);
#7811=FACE_BOUND('',#7323,.T.);
#7812=FACE_BOUND('',#7324,.T.);
#7813=FACE_BOUND('',#7325,.T.);
#7814=FACE_BOUND('',#7326,.T.);
#7815=FACE_BOUND('',#7327,.T.);
#7816=FACE_BOUND('',#7328,.T.);
#7817=FACE_BOUND('',#7329,.T.);
#7818=FACE_BOUND('',#7330,.T.);
#7819=FACE_BOUND('',#7331,.T.);
#7820=FACE_BOUND('',#7332,.T.);
#7821=FACE_BOUND('',#7333,.T.);
#7822=FACE_BOUND('',#7334,.T.);
#7823=FACE_BOUND('',#7335,.T.);
#7824=FACE_BOUND('',#7336,.T.);
#7825=FACE_BOUND('',#7337,.T.);
#7826=FACE_BOUND('',#7338,.T.);
#7827=FACE_BOUND('',#7339,.T.);
#7828=FACE_BOUND('',#7340,.T.);
#7829=FACE_BOUND('',#7341,.T.);
#7830=FACE_BOUND('',#7342,.T.);
#7831=FACE_BOUND('',#7343,.T.);
#7832=FACE_BOUND('',#7344,.T.);
#7833=FACE_BOUND('',#7345,.T.);
#7834=FACE_BOUND('',#7346,.T.);
#7835=FACE_BOUND('',#7347,.T.);
#7836=FACE_BOUND('',#7348,.T.);
#7837=FACE_BOUND('',#7349,.T.);
#7838=FACE_BOUND('',#7350,.T.);
#7839=FACE_BOUND('',#7351,.T.);
#7840=FACE_BOUND('',#7352,.T.);
#7841=FACE_BOUND('',#7353,.T.);
#7842=FACE_BOUND('',#7354,.T.);
#7843=FACE_BOUND('',#7355,.T.);
#7844=FACE_BOUND('',#7356,.T.);
#7845=FACE_BOUND('',#7357,.T.);
#7846=FACE_BOUND('',#7358,.T.);
#7847=FACE_BOUND('',#7359,.T.);
#7848=FACE_BOUND('',#7360,.T.);
#7849=FACE_BOUND('',#7361,.T.);
#7850=FACE_BOUND('',#7362,.T.);
#7851=FACE_BOUND('',#7363,.T.);
#7852=FACE_BOUND('',#7364,.T.);
#7853=FACE_BOUND('',#7365,.T.);
#7854=FACE_BOUND('',#7366,.T.);
#7855=FACE_BOUND('',#7367,.T.);
#7856=FACE_BOUND('',#7368,.T.);
#7857=FACE_BOUND('',#7369,.T.);
#7858=FACE_BOUND('',#7370,.T.);
#7859=FACE_BOUND('',#7371,.T.);
#7860=FACE_BOUND('',#7372,.T.);
#7861=FACE_BOUND('',#7373,.T.);
#7862=FACE_BOUND('',#7374,.T.);
#7863=FACE_BOUND('',#7375,.T.);
#7864=FACE_BOUND('',#7376,.T.);
#7865=FACE_BOUND('',#7377,.T.);
#7866=FACE_BOUND('',#7378,.T.);
#7867=FACE_BOUND('',#7379,.T.);
#7868=FACE_BOUND('',#7380,.T.);
#7869=FACE_BOUND('',#7381,.T.);
#7870=FACE_BOUND('',#7382,.T.);
#7871=FACE_BOUND('',#7383,.T.);
#7872=FACE_BOUND('',#7384,.T.);
#7873=FACE_BOUND('',#7385,.T.);
#7874=FACE_BOUND('',#7386,.T.);
#7875=FACE_BOUND('',#7387,.T.);
#7876=FACE_BOUND('',#7388,.T.);
#7877=FACE_BOUND('',#7389,.T.);
#7878=FACE_BOUND('',#7390,.T.);
#7879=FACE_BOUND('',#7391,.T.);
#7880=FACE_BOUND('',#7392,.T.);
#7881=FACE_BOUND('',#7393,.T.);
#7882=FACE_BOUND('',#7394,.T.);
#7883=FACE_BOUND('',#7395,.T.);
#7884=FACE_BOUND('',#7396,.T.);
#7885=FACE_BOUND('',#7397,.T.);
#7886=FACE_BOUND('',#7398,.T.);
#7887=FACE_BOUND('',#7399,.T.);
#7888=FACE_BOUND('',#7400,.T.);
#7889=FACE_BOUND('',#7401,.T.);
#7890=FACE_BOUND('',#7402,.T.);
#7891=FACE_BOUND('',#7403,.T.);
#7892=FACE_BOUND('',#7404,.T.);
#7893=FACE_BOUND('',#7405,.T.);
#7894=FACE_BOUND('',#7406,.T.);
#7895=FACE_BOUND('',#7407,.T.);
#7896=FACE_BOUND('',#7408,.T.);
#7897=FACE_BOUND('',#7409,.T.);
#7898=FACE_BOUND('',#7410,.T.);
#7899=FACE_BOUND('',#7411,.T.);
#7900=FACE_BOUND('',#7412,.T.);
#7901=FACE_BOUND('',#7413,.T.);
#7902=FACE_BOUND('',#7414,.T.);
#7903=FACE_BOUND('',#7415,.T.);
#7904=FACE_BOUND('',#7416,.T.);
#7905=FACE_BOUND('',#7417,.T.);
#7906=FACE_BOUND('',#7418,.T.);
#7907=FACE_BOUND('',#7419,.T.);
#7908=FACE_BOUND('',#7420,.T.);
#7909=FACE_BOUND('',#7421,.T.);
#7910=FACE_BOUND('',#7422,.T.);
#7911=FACE_BOUND('',#7423,.T.);
#7912=FACE_BOUND('',#7424,.T.);
#7913=FACE_BOUND('',#7425,.T.);
#7914=FACE_BOUND('',#7426,.T.);
#7915=FACE_BOUND('',#7427,.T.);
#7916=FACE_BOUND('',#7428,.T.);
#7917=FACE_BOUND('',#7429,.T.);
#7918=FACE_BOUND('',#7430,.T.);
#7919=FACE_BOUND('',#7431,.T.);
#7920=FACE_BOUND('',#7432,.T.);
#7921=FACE_BOUND('',#7433,.T.);
#7922=FACE_BOUND('',#7434,.T.);
#7923=FACE_BOUND('',#7435,.T.);
#7924=FACE_BOUND('',#7436,.T.);
#7925=FACE_BOUND('',#7437,.T.);
#7926=FACE_BOUND('',#7438,.T.);
#7927=FACE_BOUND('',#7439,.T.);
#7928=FACE_BOUND('',#7440,.T.);
#7929=FACE_BOUND('',#7441,.T.);
#7930=FACE_BOUND('',#7442,.T.);
#7931=FACE_BOUND('',#7443,.T.);
#7932=FACE_BOUND('',#7444,.T.);
#7933=FACE_BOUND('',#7445,.T.);
#7934=FACE_BOUND('',#7446,.T.);
#7935=FACE_BOUND('',#7447,.T.);
#7936=FACE_BOUND('',#7448,.T.);
#7937=FACE_BOUND('',#7449,.T.);
#7938=FACE_BOUND('',#7450,.T.);
#7939=FACE_BOUND('',#7451,.T.);
#7940=FACE_BOUND('',#7452,.T.);
#7941=FACE_BOUND('',#7453,.T.);
#7942=FACE_BOUND('',#7454,.T.);
#7943=FACE_BOUND('',#7455,.T.);
#7944=FACE_BOUND('',#7456,.T.);
#7945=FACE_BOUND('',#7457,.T.);
#7946=FACE_BOUND('',#7458,.T.);
#7947=FACE_BOUND('',#7459,.T.);
#7948=FACE_BOUND('',#7460,.T.);
#7949=FACE_BOUND('',#7461,.T.);
#7950=FACE_BOUND('',#7462,.T.);
#7951=FACE_BOUND('',#7463,.T.);
#7952=FACE_BOUND('',#7464,.T.);
#7953=FACE_BOUND('',#7465,.T.);
#7954=FACE_BOUND('',#7466,.T.);
#7955=FACE_BOUND('',#7467,.T.);
#7956=FACE_BOUND('',#7468,.T.);
#7957=FACE_BOUND('',#7469,.T.);
#7958=FACE_BOUND('',#7470,.T.);
#7959=FACE_BOUND('',#7471,.T.);
#7960=FACE_BOUND('',#7472,.T.);
#7961=FACE_BOUND('',#7473,.T.);
#7962=FACE_BOUND('',#7474,.T.);
#7963=FACE_BOUND('',#7475,.T.);
#7964=FACE_BOUND('',#7476,.T.);
#7965=FACE_BOUND('',#7477,.T.);
#7966=FACE_BOUND('',#7478,.T.);
#7967=FACE_BOUND('',#7479,.T.);
#7968=FACE_BOUND('',#7480,.T.);
#7969=FACE_BOUND('',#7481,.T.);
#7970=FACE_BOUND('',#7482,.T.);
#7971=FACE_BOUND('',#7483,.T.);
#7972=FACE_BOUND('',#7484,.T.);
#7973=FACE_BOUND('',#7485,.T.);
#7974=FACE_BOUND('',#7486,.T.);
#7975=FACE_BOUND('',#7487,.T.);
#7976=FACE_BOUND('',#7488,.T.);
#7977=FACE_BOUND('',#7489,.T.);
#7978=FACE_BOUND('',#7490,.T.);
#7979=FACE_BOUND('',#7491,.T.);
#7980=FACE_BOUND('',#7492,.T.);
#7981=FACE_BOUND('',#7493,.T.);
#7982=FACE_BOUND('',#7494,.T.);
#7983=FACE_BOUND('',#7495,.T.);
#7984=FACE_BOUND('',#7496,.T.);
#7985=FACE_BOUND('',#7497,.T.);
#7986=FACE_BOUND('',#7498,.T.);
#7987=FACE_BOUND('',#7499,.T.);
#7988=FACE_BOUND('',#7500,.T.);
#7989=FACE_BOUND('',#7501,.T.);
#7990=FACE_BOUND('',#7502,.T.);
#7991=FACE_BOUND('',#7503,.T.);
#7992=FACE_BOUND('',#7504,.T.);
#7993=FACE_BOUND('',#7505,.T.);
#7994=FACE_BOUND('',#7506,.T.);
#7995=FACE_BOUND('',#7507,.T.);
#7996=FACE_BOUND('',#7508,.T.);
#7997=FACE_BOUND('',#7509,.T.);
#7998=FACE_BOUND('',#7510,.T.);
#7999=FACE_BOUND('',#7511,.T.);
#8000=FACE_BOUND('',#7512,.T.);
#8001=FACE_BOUND('',#7513,.T.);
#8002=FACE_BOUND('',#7514,.T.);
#8003=FACE_BOUND('',#7515,.T.);
#8004=FACE_BOUND('',#7516,.T.);
#8005=FACE_BOUND('',#7517,.T.);
#8006=FACE_BOUND('',#7518,.T.);
#8007=FACE_BOUND('',#7519,.T.);
#8008=FACE_BOUND('',#7520,.T.);
#8009=FACE_BOUND('',#7521,.T.);
#8010=FACE_BOUND('',#7522,.T.);
#8011=FACE_BOUND('',#7523,.T.);
#8012=FACE_BOUND('',#7524,.T.);
#8013=FACE_BOUND('',#7525,.T.);
#8014=FACE_BOUND('',#7526,.T.);
#8015=FACE_BOUND('',#7527,.T.);
#8016=FACE_BOUND('',#7528,.T.);
#8017=FACE_BOUND('',#7529,.T.);
#8018=FACE_BOUND('',#7530,.T.);
#8019=FACE_BOUND('',#7531,.T.);
#8020=FACE_BOUND('',#7532,.T.);
#8021=FACE_BOUND('',#7533,.T.);
#8022=FACE_BOUND('',#7534,.T.);
#8023=FACE_BOUND('',#7535,.T.);
#8024=FACE_BOUND('',#7536,.T.);
#8025=FACE_BOUND('',#7537,.T.);
#8026=FACE_BOUND('',#7538,.T.);
#8027=FACE_BOUND('',#7539,.T.);
#8028=FACE_BOUND('',#7540,.T.);
#8029=FACE_BOUND('',#7541,.T.);
#8030=FACE_BOUND('',#7542,.T.);
#8031=FACE_BOUND('',#7543,.T.);
#8032=FACE_BOUND('',#7544,.T.);
#8033=FACE_BOUND('',#7545,.T.);
#8034=FACE_BOUND('',#7546,.T.);
#8035=FACE_BOUND('',#7547,.T.);
#8036=FACE_BOUND('',#7548,.T.);
#8037=FACE_BOUND('',#7549,.T.);
#8038=FACE_BOUND('',#7550,.T.);
#8039=FACE_BOUND('',#7551,.T.);
#8040=FACE_BOUND('',#7552,.T.);
#8041=FACE_BOUND('',#7553,.T.);
#8042=FACE_BOUND('',#7554,.T.);
#8043=FACE_BOUND('',#7555,.T.);
#8044=FACE_BOUND('',#7556,.T.);
#8045=FACE_BOUND('',#7557,.T.);
#8046=FACE_BOUND('',#7558,.T.);
#8047=FACE_BOUND('',#7559,.T.);
#8048=FACE_BOUND('',#7560,.T.);
#8049=FACE_BOUND('',#7561,.T.);
#8050=FACE_BOUND('',#7562,.T.);
#8051=FACE_BOUND('',#7563,.T.);
#8052=FACE_BOUND('',#7564,.T.);
#8053=FACE_BOUND('',#7565,.T.);
#8054=FACE_BOUND('',#7566,.T.);
#8055=FACE_BOUND('',#7567,.T.);
#8056=FACE_BOUND('',#7568,.T.);
#8057=FACE_BOUND('',#7569,.T.);
#8058=FACE_BOUND('',#7570,.T.);
#8059=FACE_BOUND('',#7571,.T.);
#8060=FACE_BOUND('',#7572,.T.);
#8061=FACE_BOUND('',#7573,.T.);
#8062=FACE_BOUND('',#7574,.T.);
#8063=FACE_BOUND('',#7575,.T.);
#8064=FACE_BOUND('',#7576,.T.);
#8065=FACE_BOUND('',#7577,.T.);
#8066=FACE_BOUND('',#7578,.T.);
#8067=FACE_BOUND('',#7579,.T.);
#8068=FACE_BOUND('',#7580,.T.);
#8069=FACE_BOUND('',#7581,.T.);
#8070=FACE_BOUND('',#7582,.T.);
#8071=FACE_BOUND('',#7583,.T.);
#8072=FACE_BOUND('',#7584,.T.);
#8073=FACE_BOUND('',#7585,.T.);
#8074=FACE_BOUND('',#7586,.T.);
#8075=FACE_BOUND('',#7587,.T.);
#8076=FACE_BOUND('',#7588,.T.);
#8077=FACE_BOUND('',#7589,.T.);
#8078=FACE_BOUND('',#7590,.T.);
#8079=FACE_BOUND('',#7591,.T.);
#8080=FACE_BOUND('',#7592,.T.);
#8081=FACE_BOUND('',#7593,.T.);
#8082=FACE_BOUND('',#7594,.T.);
#8083=FACE_BOUND('',#7595,.T.);
#8084=FACE_BOUND('',#7596,.T.);
#8085=FACE_BOUND('',#7597,.T.);
#8086=FACE_BOUND('',#7598,.T.);
#8087=FACE_BOUND('',#7599,.T.);
#8088=FACE_BOUND('',#7600,.T.);
#8089=FACE_BOUND('',#7601,.T.);
#8090=FACE_BOUND('',#7602,.T.);
#8091=FACE_BOUND('',#7603,.T.);
#8092=FACE_BOUND('',#7604,.T.);
#8093=FACE_BOUND('',#7605,.T.);
#8094=FACE_BOUND('',#7606,.T.);
#8095=FACE_BOUND('',#7607,.T.);
#8096=FACE_BOUND('',#7608,.T.);
#8097=FACE_BOUND('',#7609,.T.);
#8098=FACE_BOUND('',#7610,.T.);
#8099=FACE_BOUND('',#7611,.T.);
#8100=FACE_BOUND('',#7612,.T.);
#8101=FACE_BOUND('',#7613,.T.);
#8102=FACE_BOUND('',#7614,.T.);
#8103=FACE_BOUND('',#7615,.T.);
#8104=FACE_BOUND('',#7616,.T.);
#8105=FACE_BOUND('',#7617,.T.);
#8106=FACE_BOUND('',#7618,.T.);
#8107=FACE_BOUND('',#7619,.T.);
#8108=FACE_BOUND('',#7620,.T.);
#8109=FACE_BOUND('',#7621,.T.);
#8110=FACE_BOUND('',#7622,.T.);
#8111=FACE_BOUND('',#7623,.T.);
#8112=FACE_BOUND('',#7624,.T.);
#8113=FACE_BOUND('',#7625,.T.);
#8114=FACE_BOUND('',#7626,.T.);
#8115=FACE_BOUND('',#7627,.T.);
#8116=FACE_BOUND('',#7628,.T.);
#8117=FACE_BOUND('',#7629,.T.);
#8118=FACE_BOUND('',#7630,.T.);
#8119=FACE_BOUND('',#7631,.T.);
#8120=FACE_BOUND('',#7632,.T.);
#8121=FACE_BOUND('',#7633,.T.);
#8122=FACE_BOUND('',#7634,.T.);
#8123=FACE_BOUND('',#7635,.T.);
#8124=FACE_BOUND('',#7636,.T.);
#8125=FACE_BOUND('',#7637,.T.);
#8126=FACE_BOUND('',#7638,.T.);
#8127=FACE_BOUND('',#7639,.T.);
#8128=FACE_BOUND('',#7640,.T.);
#8129=FACE_BOUND('',#7641,.T.);
#8130=FACE_BOUND('',#7642,.T.);
#8131=FACE_BOUND('',#7643,.T.);
#8132=FACE_BOUND('',#7644,.T.);
#8133=FACE_BOUND('',#7645,.T.);
#8134=FACE_BOUND('',#7646,.T.);
#8135=FACE_BOUND('',#7647,.T.);
#8136=FACE_BOUND('',#7648,.T.);
#8137=FACE_BOUND('',#7649,.T.);
#8138=FACE_BOUND('',#7650,.T.);
#8139=FACE_BOUND('',#7651,.T.);
#8140=FACE_BOUND('',#7652,.T.);
#8141=FACE_BOUND('',#7653,.T.);
#8142=FACE_BOUND('',#7654,.T.);
#8143=FACE_BOUND('',#7655,.T.);
#8144=FACE_BOUND('',#7656,.T.);
#8145=FACE_BOUND('',#7657,.T.);
#8146=FACE_BOUND('',#7658,.T.);
#8147=FACE_BOUND('',#7659,.T.);
#8148=FACE_BOUND('',#7660,.T.);
#8149=FACE_BOUND('',#7661,.T.);
#8150=FACE_BOUND('',#7662,.T.);
#8151=FACE_BOUND('',#7663,.T.);
#8152=FACE_BOUND('',#7664,.T.);
#8153=FACE_BOUND('',#7665,.T.);
#8154=FACE_BOUND('',#7666,.T.);
#8155=FACE_BOUND('',#7667,.T.);
#8156=FACE_BOUND('',#7668,.T.);
#8157=FACE_BOUND('',#7669,.T.);
#8158=FACE_BOUND('',#7670,.T.);
#8159=FACE_BOUND('',#7671,.T.);
#8160=FACE_BOUND('',#7672,.T.);
#8161=FACE_BOUND('',#7673,.T.);
#8162=FACE_BOUND('',#7674,.T.);
#8163=FACE_BOUND('',#7675,.T.);
#8164=FACE_BOUND('',#7676,.T.);
#8165=FACE_BOUND('',#7677,.T.);
#8166=FACE_BOUND('',#7678,.T.);
#8167=FACE_BOUND('',#7679,.T.);
#8168=FACE_BOUND('',#7680,.T.);
#8169=FACE_BOUND('',#7681,.T.);
#8170=FACE_BOUND('',#7682,.T.);
#8171=FACE_BOUND('',#7683,.T.);
#8172=FACE_BOUND('',#7684,.T.);
#8173=FACE_BOUND('',#7685,.T.);
#8174=FACE_BOUND('',#7686,.T.);
#8175=FACE_BOUND('',#7687,.T.);
#8176=FACE_BOUND('',#7688,.T.);
#8177=FACE_BOUND('',#7689,.T.);
#8178=FACE_BOUND('',#7690,.T.);
#8179=FACE_BOUND('',#7691,.T.);
#8180=FACE_BOUND('',#7692,.T.);
#8181=FACE_BOUND('',#7693,.T.);
#8182=FACE_BOUND('',#7694,.T.);
#8183=FACE_BOUND('',#7695,.T.);
#8184=FACE_BOUND('',#7696,.T.);
#8185=FACE_BOUND('',#7697,.T.);
#8186=FACE_BOUND('',#7698,.T.);
#8187=FACE_BOUND('',#7699,.T.);
#8188=FACE_BOUND('',#7700,.T.);
#8189=FACE_BOUND('',#7701,.T.);
#8190=FACE_BOUND('',#7702,.T.);
#8191=FACE_BOUND('',#7703,.T.);
#8192=FACE_BOUND('',#7704,.T.);
#8193=FACE_BOUND('',#7705,.T.);
#8194=FACE_BOUND('',#7706,.T.);
#8195=FACE_BOUND('',#7707,.T.);
#8196=FACE_BOUND('',#7708,.T.);
#8197=FACE_BOUND('',#7709,.T.);
#8198=FACE_BOUND('',#7710,.T.);
#8199=FACE_BOUND('',#7711,.T.);
#8200=FACE_BOUND('',#7712,.T.);
#8201=FACE_BOUND('',#7713,.T.);
#8202=FACE_BOUND('',#7714,.T.);
#8203=FACE_BOUND('',#7715,.T.);
#8204=FACE_BOUND('',#7716,.T.);
#8205=FACE_BOUND('',#7717,.T.);
#8206=FACE_BOUND('',#7718,.T.);
#8207=FACE_BOUND('',#7719,.T.);
#8208=FACE_BOUND('',#7720,.T.);
#8209=FACE_BOUND('',#7721,.T.);
#8210=FACE_BOUND('',#7722,.T.);
#8211=FACE_BOUND('',#7723,.T.);
#8212=FACE_BOUND('',#7724,.T.);
#8213=FACE_BOUND('',#7725,.T.);
#8214=FACE_BOUND('',#7726,.T.);
#8215=FACE_BOUND('',#7727,.T.);
#8216=FACE_BOUND('',#7728,.T.);
#8217=FACE_BOUND('',#7729,.T.);
#8218=FACE_BOUND('',#7730,.T.);
#8219=FACE_BOUND('',#7731,.T.);
#8220=FACE_BOUND('',#7732,.T.);
#8221=FACE_BOUND('',#7733,.T.);
#8222=FACE_BOUND('',#7734,.T.);
#8223=FACE_BOUND('',#7735,.T.);
#8224=FACE_BOUND('',#7736,.T.);
#8225=FACE_BOUND('',#7737,.T.);
#8226=FACE_BOUND('',#7738,.T.);
#8227=FACE_BOUND('',#7739,.T.);
#8228=FACE_BOUND('',#7740,.T.);
#8229=FACE_BOUND('',#7741,.T.);
#8230=FACE_BOUND('',#7742,.T.);
#8231=FACE_BOUND('',#7743,.T.);
#8232=FACE_BOUND('',#7744,.T.);
#8233=FACE_BOUND('',#7745,.T.);
#8234=FACE_BOUND('',#7746,.T.);
#8235=FACE_BOUND('',#7747,.T.);
#8236=FACE_BOUND('',#7748,.T.);
#8237=FACE_BOUND('',#7749,.T.);
#8238=FACE_BOUND('',#7750,.T.);
#8239=FACE_BOUND('',#7751,.T.);
#8240=FACE_BOUND('',#7752,.T.);
#8241=PLANE('',#9212);
#8242=PLANE('',#9213);
#8243=PLANE('',#9214);
#8244=PLANE('',#9215);
#8245=PLANE('',#9216);
#8246=PLANE('',#9217);
#8247=PLANE('',#9218);
#8248=PLANE('',#9219);
#8249=PLANE('',#9220);
#8250=PLANE('',#9221);
#8251=PLANE('',#9222);
#8252=PLANE('',#9223);
#8253=PLANE('',#9224);
#8254=PLANE('',#9225);
#8255=PLANE('',#9226);
#8256=PLANE('',#9227);
#8257=PLANE('',#9228);
#8258=PLANE('',#9229);
#8259=PLANE('',#9230);
#8260=PLANE('',#9231);
#8261=PLANE('',#9232);
#8262=PLANE('',#9233);
#8263=PLANE('',#9234);
#8264=PLANE('',#9235);
#8265=PLANE('',#9236);
#8266=PLANE('',#9237);
#8267=PLANE('',#9238);
#8268=PLANE('',#9239);
#8269=PLANE('',#9240);
#8270=PLANE('',#9241);
#8271=PLANE('',#9242);
#8272=PLANE('',#9243);
#8273=PLANE('',#9244);
#8274=PLANE('',#9245);
#8275=PLANE('',#9246);
#8276=PLANE('',#9247);
#8277=PLANE('',#9248);
#8278=PLANE('',#9249);
#8279=PLANE('',#9250);
#8280=PLANE('',#9251);
#8281=PLANE('',#9252);
#8282=PLANE('',#9253);
#8283=PLANE('',#9254);
#8284=PLANE('',#9255);
#8285=PLANE('',#9256);
#8286=PLANE('',#9257);
#8287=PLANE('',#9258);
#8288=PLANE('',#9259);
#8289=PLANE('',#9260);
#8290=PLANE('',#9261);
#8291=PLANE('',#9262);
#8292=PLANE('',#9263);
#8293=PLANE('',#9264);
#8294=PLANE('',#9265);
#8295=PLANE('',#9266);
#8296=PLANE('',#9267);
#8297=PLANE('',#9268);
#8298=PLANE('',#9269);
#8299=PLANE('',#9270);
#8300=PLANE('',#9271);
#8301=PLANE('',#9272);
#8302=PLANE('',#9273);
#8303=PLANE('',#9274);
#8304=PLANE('',#9275);
#8305=PLANE('',#9276);
#8306=PLANE('',#9277);
#8307=PLANE('',#9278);
#8308=PLANE('',#9279);
#8309=PLANE('',#9280);
#8310=PLANE('',#9281);
#8311=PLANE('',#9282);
#8312=PLANE('',#9283);
#8313=PLANE('',#9284);
#8314=PLANE('',#9285);
#8315=PLANE('',#9286);
#8316=PLANE('',#9287);
#8317=PLANE('',#9288);
#8318=PLANE('',#9289);
#8319=PLANE('',#9290);
#8320=PLANE('',#9291);
#8321=PLANE('',#9292);
#8322=PLANE('',#9293);
#8323=PLANE('',#9294);
#8324=PLANE('',#9295);
#8325=PLANE('',#9296);
#8326=PLANE('',#9297);
#8327=PLANE('',#9298);
#8328=PLANE('',#9299);
#8329=PLANE('',#9300);
#8330=PLANE('',#9301);
#8331=PLANE('',#9302);
#8332=PLANE('',#9303);
#8333=PLANE('',#9304);
#8334=PLANE('',#9305);
#8335=PLANE('',#9306);
#8336=PLANE('',#9307);
#8337=PLANE('',#9308);
#8338=PLANE('',#9309);
#8339=PLANE('',#9310);
#8340=PLANE('',#9311);
#8341=PLANE('',#9312);
#8342=PLANE('',#9313);
#8343=PLANE('',#9314);
#8344=PLANE('',#9315);
#8345=PLANE('',#9316);
#8346=PLANE('',#9317);
#8347=PLANE('',#9318);
#8348=PLANE('',#9319);
#8349=PLANE('',#9320);
#8350=PLANE('',#9321);
#8351=PLANE('',#9322);
#8352=PLANE('',#9323);
#8353=PLANE('',#9324);
#8354=PLANE('',#9325);
#8355=PLANE('',#9326);
#8356=PLANE('',#9327);
#8357=PLANE('',#9328);
#8358=PLANE('',#9329);
#8359=PLANE('',#9330);
#8360=PLANE('',#9331);
#8361=PLANE('',#9332);
#8362=PLANE('',#9333);
#8363=PLANE('',#9334);
#8364=PLANE('',#9335);
#8365=PLANE('',#9336);
#8366=PLANE('',#9337);
#8367=PLANE('',#9338);
#8368=PLANE('',#9339);
#8369=PLANE('',#9340);
#8370=PLANE('',#9341);
#8371=PLANE('',#9342);
#8372=PLANE('',#9343);
#8373=PLANE('',#9344);
#8374=PLANE('',#9345);
#8375=PLANE('',#9346);
#8376=PLANE('',#9347);
#8377=PLANE('',#9348);
#8378=PLANE('',#9349);
#8379=PLANE('',#9350);
#8380=PLANE('',#9351);
#8381=PLANE('',#9352);
#8382=PLANE('',#9353);
#8383=PLANE('',#9354);
#8384=PLANE('',#9355);
#8385=PLANE('',#9356);
#8386=PLANE('',#9357);
#8387=PLANE('',#9358);
#8388=PLANE('',#9359);
#8389=PLANE('',#9360);
#8390=PLANE('',#9361);
#8391=PLANE('',#9362);
#8392=PLANE('',#9363);
#8393=PLANE('',#9364);
#8394=PLANE('',#9365);
#8395=PLANE('',#9366);
#8396=PLANE('',#9367);
#8397=PLANE('',#9368);
#8398=PLANE('',#9369);
#8399=PLANE('',#9370);
#8400=PLANE('',#9371);
#8401=PLANE('',#9372);
#8402=PLANE('',#9373);
#8403=PLANE('',#9374);
#8404=PLANE('',#9375);
#8405=PLANE('',#9376);
#8406=PLANE('',#9377);
#8407=PLANE('',#9378);
#8408=PLANE('',#9379);
#8409=PLANE('',#9380);
#8410=PLANE('',#9381);
#8411=PLANE('',#9382);
#8412=PLANE('',#9383);
#8413=PLANE('',#9384);
#8414=PLANE('',#9385);
#8415=PLANE('',#9386);
#8416=PLANE('',#9387);
#8417=PLANE('',#9388);
#8418=PLANE('',#9389);
#8419=PLANE('',#9390);
#8420=PLANE('',#9391);
#8421=PLANE('',#9392);
#8422=PLANE('',#9393);
#8423=PLANE('',#9394);
#8424=PLANE('',#9395);
#8425=PLANE('',#9396);
#8426=PLANE('',#9397);
#8427=PLANE('',#9398);
#8428=PLANE('',#9399);
#8429=PLANE('',#9400);
#8430=PLANE('',#9401);
#8431=PLANE('',#9402);
#8432=PLANE('',#9403);
#8433=PLANE('',#9404);
#8434=PLANE('',#9405);
#8435=PLANE('',#9406);
#8436=PLANE('',#9407);
#8437=PLANE('',#9408);
#8438=PLANE('',#9409);
#8439=PLANE('',#9410);
#8440=PLANE('',#9411);
#8441=PLANE('',#9412);
#8442=PLANE('',#9413);
#8443=PLANE('',#9414);
#8444=PLANE('',#9415);
#8445=PLANE('',#9416);
#8446=PLANE('',#9417);
#8447=PLANE('',#9418);
#8448=PLANE('',#9419);
#8449=PLANE('',#9420);
#8450=PLANE('',#9421);
#8451=PLANE('',#9422);
#8452=PLANE('',#9423);
#8453=PLANE('',#9424);
#8454=PLANE('',#9425);
#8455=PLANE('',#9426);
#8456=PLANE('',#9427);
#8457=PLANE('',#9428);
#8458=PLANE('',#9429);
#8459=PLANE('',#9430);
#8460=PLANE('',#9431);
#8461=PLANE('',#9432);
#8462=PLANE('',#9433);
#8463=PLANE('',#9434);
#8464=PLANE('',#9435);
#8465=PLANE('',#9436);
#8466=PLANE('',#9437);
#8467=PLANE('',#9438);
#8468=PLANE('',#9439);
#8469=PLANE('',#9440);
#8470=PLANE('',#9441);
#8471=PLANE('',#9442);
#8472=PLANE('',#9443);
#8473=PLANE('',#9444);
#8474=PLANE('',#9445);
#8475=PLANE('',#9446);
#8476=PLANE('',#9447);
#8477=PLANE('',#9449);
#8478=PLANE('',#9452);
#8479=PLANE('',#9455);
#8480=PLANE('',#9458);
#8481=PLANE('',#9461);
#8482=PLANE('',#9464);
#8483=PLANE('',#9511);
#8484=PLANE('',#9512);
#8485=PLANE('',#9513);
#8486=PLANE('',#9514);
#8487=PLANE('',#9515);
#8488=PLANE('',#9516);
#8489=PLANE('',#9518);
#8490=PLANE('',#9519);
#8491=PLANE('',#9521);
#8492=PLANE('',#9522);
#8493=PLANE('',#9523);
#8494=PLANE('',#9525);
#8495=PLANE('',#9526);
#8496=PLANE('',#9527);
#8497=PLANE('',#9528);
#8498=PLANE('',#9529);
#8499=PLANE('',#9530);
#8500=PLANE('',#9531);
#8501=PLANE('',#9532);
#8502=PLANE('',#9533);
#8503=PLANE('',#9534);
#8504=PLANE('',#9535);
#8505=PLANE('',#9536);
#8506=PLANE('',#9537);
#8507=PLANE('',#9538);
#8508=PLANE('',#9539);
#8509=PLANE('',#9540);
#8510=PLANE('',#9541);
#8511=PLANE('',#9542);
#8512=PLANE('',#9543);
#8513=PLANE('',#9544);
#8514=PLANE('',#9545);
#8515=PLANE('',#9546);
#8516=PLANE('',#9547);
#8517=PLANE('',#9548);
#8518=PLANE('',#9549);
#8519=PLANE('',#9550);
#8520=PLANE('',#9551);
#8521=PLANE('',#9552);
#8522=PLANE('',#9553);
#8523=PLANE('',#9554);
#8524=PLANE('',#9555);
#8525=PLANE('',#9556);
#8526=PLANE('',#9557);
#8527=PLANE('',#9558);
#8528=PLANE('',#9559);
#8529=PLANE('',#9560);
#8530=PLANE('',#9562);
#8531=PLANE('',#9565);
#8532=PLANE('',#9569);
#8533=PLANE('',#9572);
#8534=PLANE('',#9575);
#8535=PLANE('',#9579);
#8536=PLANE('',#9600);
#8537=PLANE('',#9601);
#8538=PLANE('',#9602);
#8539=PLANE('',#9603);
#8540=PLANE('',#9604);
#8541=PLANE('',#9605);
#8542=PLANE('',#9606);
#8543=PLANE('',#9610);
#8544=PLANE('',#9614);
#8545=PLANE('',#9615);
#8546=PLANE('',#9619);
#8547=PLANE('',#9623);
#8548=PLANE('',#9624);
#8549=PLANE('',#9625);
#8550=PLANE('',#9626);
#8551=PLANE('',#9628);
#8552=PLANE('',#9629);
#8553=PLANE('',#9631);
#8554=PLANE('',#9632);
#8555=PLANE('',#9634);
#8556=PLANE('',#9635);
#8557=PLANE('',#9637);
#8558=PLANE('',#9638);
#8559=PLANE('',#9640);
#8560=PLANE('',#9641);
#8561=PLANE('',#9643);
#8562=PLANE('',#9644);
#8563=PLANE('',#9645);
#8564=PLANE('',#9646);
#8565=PLANE('',#9647);
#8566=PLANE('',#9648);
#8567=PLANE('',#9649);
#8568=PLANE('',#9650);
#8569=PLANE('',#9651);
#8570=PLANE('',#9652);
#8571=PLANE('',#9653);
#8572=PLANE('',#9654);
#8573=PLANE('',#9655);
#8574=PLANE('',#9656);
#8575=PLANE('',#9657);
#8576=PLANE('',#9658);
#8577=PLANE('',#9659);
#8578=PLANE('',#9660);
#8579=PLANE('',#9707);
#8580=PLANE('',#9708);
#8581=PLANE('',#9709);
#8582=PLANE('',#9710);
#8583=PLANE('',#9711);
#8584=PLANE('',#9712);
#8585=PLANE('',#9713);
#8586=PLANE('',#9714);
#8587=PLANE('',#9715);
#8588=PLANE('',#9716);
#8589=PLANE('',#9717);
#8590=PLANE('',#9721);
#8591=PLANE('',#9722);
#8592=PLANE('',#9723);
#8593=PLANE('',#9724);
#8594=PLANE('',#9725);
#8595=PLANE('',#9726);
#8596=PLANE('',#9727);
#8597=PLANE('',#9728);
#8598=PLANE('',#9729);
#8599=PLANE('',#9730);
#8600=PLANE('',#9731);
#8601=PLANE('',#9732);
#8602=PLANE('',#9733);
#8603=PLANE('',#9734);
#8604=PLANE('',#9735);
#8605=PLANE('',#9736);
#8606=PLANE('',#9737);
#8607=PLANE('',#9738);
#8608=PLANE('',#9739);
#8609=PLANE('',#9740);
#8610=PLANE('',#9741);
#8611=PLANE('',#9742);
#8612=PLANE('',#9743);
#8613=PLANE('',#9744);
#8614=PLANE('',#9745);
#8615=PLANE('',#9746);
#8616=PLANE('',#9747);
#8617=PLANE('',#9748);
#8618=PLANE('',#9749);
#8619=PLANE('',#9750);
#8620=PLANE('',#9751);
#8621=PLANE('',#9752);
#8622=PLANE('',#9753);
#8623=PLANE('',#9754);
#8624=PLANE('',#9755);
#8625=PLANE('',#9756);
#8626=PLANE('',#9760);
#8627=PLANE('',#9761);
#8628=PLANE('',#9762);
#8629=PLANE('',#9763);
#8630=PLANE('',#9767);
#8631=PLANE('',#9768);
#8632=PLANE('',#9769);
#8633=PLANE('',#9770);
#8634=PLANE('',#9771);
#8635=PLANE('',#9772);
#8636=PLANE('',#9773);
#8637=PLANE('',#9777);
#8638=PLANE('',#9778);
#8639=PLANE('',#9779);
#8640=PLANE('',#9780);
#8641=PLANE('',#9781);
#8642=PLANE('',#9782);
#8643=PLANE('',#9783);
#8644=PLANE('',#9784);
#8645=PLANE('',#9797);
#8646=PLANE('',#9798);
#8647=PLANE('',#9799);
#8648=PLANE('',#9801);
#8649=PLANE('',#9803);
#8650=PLANE('',#9804);
#8651=PLANE('',#9806);
#8652=PLANE('',#9807);
#8653=PLANE('',#9808);
#8654=PLANE('',#9809);
#8655=PLANE('',#9829);
#8656=PLANE('',#9830);
#8657=PLANE('',#9831);
#8658=PLANE('',#9832);
#8659=PLANE('',#9833);
#8660=PLANE('',#9834);
#8661=PLANE('',#9835);
#8662=PLANE('',#9836);
#8663=PLANE('',#9837);
#8664=PLANE('',#9838);
#8665=PLANE('',#9839);
#8666=PLANE('',#9840);
#8667=PLANE('',#9841);
#8668=PLANE('',#9842);
#8669=PLANE('',#9847);
#8670=PLANE('',#9848);
#8671=ADVANCED_FACE('',(#7753),#8241,.T.);
#8672=ADVANCED_FACE('',(#7754),#8242,.T.);
#8673=ADVANCED_FACE('',(#7755),#8243,.T.);
#8674=ADVANCED_FACE('',(#7756),#8244,.T.);
#8675=ADVANCED_FACE('',(#7757),#8245,.T.);
#8676=ADVANCED_FACE('',(#7758),#8246,.T.);
#8677=ADVANCED_FACE('',(#7759),#8247,.T.);
#8678=ADVANCED_FACE('',(#7760),#8248,.T.);
#8679=ADVANCED_FACE('',(#7761),#8249,.T.);
#8680=ADVANCED_FACE('',(#7762),#8250,.T.);
#8681=ADVANCED_FACE('',(#7763),#8251,.T.);
#8682=ADVANCED_FACE('',(#7764),#8252,.T.);
#8683=ADVANCED_FACE('',(#7765),#8253,.T.);
#8684=ADVANCED_FACE('',(#7766),#8254,.T.);
#8685=ADVANCED_FACE('',(#7767),#8255,.T.);
#8686=ADVANCED_FACE('',(#7768),#8256,.T.);
#8687=ADVANCED_FACE('',(#7769),#8257,.T.);
#8688=ADVANCED_FACE('',(#7770),#8258,.T.);
#8689=ADVANCED_FACE('',(#7771),#8259,.T.);
#8690=ADVANCED_FACE('',(#7772),#8260,.T.);
#8691=ADVANCED_FACE('',(#7773),#8261,.T.);
#8692=ADVANCED_FACE('',(#7774),#8262,.T.);
#8693=ADVANCED_FACE('',(#7775),#8263,.T.);
#8694=ADVANCED_FACE('',(#7776),#8264,.T.);
#8695=ADVANCED_FACE('',(#7777),#8265,.T.);
#8696=ADVANCED_FACE('',(#7778),#8266,.T.);
#8697=ADVANCED_FACE('',(#7779),#8267,.T.);
#8698=ADVANCED_FACE('',(#7780),#8268,.T.);
#8699=ADVANCED_FACE('',(#7781),#8269,.T.);
#8700=ADVANCED_FACE('',(#7782),#8270,.T.);
#8701=ADVANCED_FACE('',(#7783),#8271,.T.);
#8702=ADVANCED_FACE('',(#7784),#8272,.T.);
#8703=ADVANCED_FACE('',(#7785),#8273,.T.);
#8704=ADVANCED_FACE('',(#7786),#8274,.T.);
#8705=ADVANCED_FACE('',(#7787),#8275,.T.);
#8706=ADVANCED_FACE('',(#7788),#8276,.T.);
#8707=ADVANCED_FACE('',(#7789),#8277,.T.);
#8708=ADVANCED_FACE('',(#7790),#8278,.T.);
#8709=ADVANCED_FACE('',(#7791),#8279,.T.);
#8710=ADVANCED_FACE('',(#7792),#8280,.T.);
#8711=ADVANCED_FACE('',(#7793),#8281,.T.);
#8712=ADVANCED_FACE('',(#7794),#8282,.T.);
#8713=ADVANCED_FACE('',(#7795),#8283,.T.);
#8714=ADVANCED_FACE('',(#7796),#8284,.T.);
#8715=ADVANCED_FACE('',(#7797),#8285,.T.);
#8716=ADVANCED_FACE('',(#7798),#8286,.T.);
#8717=ADVANCED_FACE('',(#7799),#8287,.T.);
#8718=ADVANCED_FACE('',(#7800),#8288,.T.);
#8719=ADVANCED_FACE('',(#7801),#8289,.T.);
#8720=ADVANCED_FACE('',(#7802),#8290,.T.);
#8721=ADVANCED_FACE('',(#7803),#8291,.T.);
#8722=ADVANCED_FACE('',(#7804),#8292,.T.);
#8723=ADVANCED_FACE('',(#7805),#8293,.T.);
#8724=ADVANCED_FACE('',(#7806),#8294,.T.);
#8725=ADVANCED_FACE('',(#7807),#8295,.T.);
#8726=ADVANCED_FACE('',(#7808),#8296,.T.);
#8727=ADVANCED_FACE('',(#7809),#8297,.T.);
#8728=ADVANCED_FACE('',(#7810),#8298,.T.);
#8729=ADVANCED_FACE('',(#7811),#8299,.T.);
#8730=ADVANCED_FACE('',(#7812),#8300,.T.);
#8731=ADVANCED_FACE('',(#7813),#8301,.T.);
#8732=ADVANCED_FACE('',(#7814),#8302,.T.);
#8733=ADVANCED_FACE('',(#7815),#8303,.T.);
#8734=ADVANCED_FACE('',(#7816),#8304,.T.);
#8735=ADVANCED_FACE('',(#7817),#8305,.T.);
#8736=ADVANCED_FACE('',(#7818),#8306,.T.);
#8737=ADVANCED_FACE('',(#7819),#8307,.T.);
#8738=ADVANCED_FACE('',(#7820),#8308,.T.);
#8739=ADVANCED_FACE('',(#7821),#8309,.T.);
#8740=ADVANCED_FACE('',(#7822),#8310,.T.);
#8741=ADVANCED_FACE('',(#7823),#8311,.T.);
#8742=ADVANCED_FACE('',(#7824),#8312,.T.);
#8743=ADVANCED_FACE('',(#7825),#8313,.T.);
#8744=ADVANCED_FACE('',(#7826),#8314,.T.);
#8745=ADVANCED_FACE('',(#7827),#8315,.T.);
#8746=ADVANCED_FACE('',(#7828),#8316,.T.);
#8747=ADVANCED_FACE('',(#7829),#8317,.T.);
#8748=ADVANCED_FACE('',(#7830),#8318,.T.);
#8749=ADVANCED_FACE('',(#7831),#8319,.T.);
#8750=ADVANCED_FACE('',(#7832),#8320,.T.);
#8751=ADVANCED_FACE('',(#7833),#8321,.T.);
#8752=ADVANCED_FACE('',(#7834),#8322,.T.);
#8753=ADVANCED_FACE('',(#7835),#8323,.T.);
#8754=ADVANCED_FACE('',(#7836),#8324,.T.);
#8755=ADVANCED_FACE('',(#7837),#8325,.T.);
#8756=ADVANCED_FACE('',(#7838),#8326,.T.);
#8757=ADVANCED_FACE('',(#7839),#8327,.T.);
#8758=ADVANCED_FACE('',(#7840),#8328,.T.);
#8759=ADVANCED_FACE('',(#7841),#8329,.T.);
#8760=ADVANCED_FACE('',(#7842),#8330,.T.);
#8761=ADVANCED_FACE('',(#7843),#8331,.T.);
#8762=ADVANCED_FACE('',(#7844),#8332,.T.);
#8763=ADVANCED_FACE('',(#7845),#8333,.T.);
#8764=ADVANCED_FACE('',(#7846),#8334,.T.);
#8765=ADVANCED_FACE('',(#7847),#8335,.T.);
#8766=ADVANCED_FACE('',(#7848),#8336,.T.);
#8767=ADVANCED_FACE('',(#7849),#8337,.T.);
#8768=ADVANCED_FACE('',(#7850),#8338,.T.);
#8769=ADVANCED_FACE('',(#7851),#8339,.T.);
#8770=ADVANCED_FACE('',(#7852),#8340,.T.);
#8771=ADVANCED_FACE('',(#7853),#8341,.T.);
#8772=ADVANCED_FACE('',(#7854),#8342,.T.);
#8773=ADVANCED_FACE('',(#7855),#8343,.T.);
#8774=ADVANCED_FACE('',(#7856),#8344,.T.);
#8775=ADVANCED_FACE('',(#7857),#8345,.T.);
#8776=ADVANCED_FACE('',(#7858),#8346,.T.);
#8777=ADVANCED_FACE('',(#7859),#8347,.T.);
#8778=ADVANCED_FACE('',(#7860),#8348,.T.);
#8779=ADVANCED_FACE('',(#7861),#8349,.T.);
#8780=ADVANCED_FACE('',(#7862),#8350,.T.);
#8781=ADVANCED_FACE('',(#7863),#8351,.T.);
#8782=ADVANCED_FACE('',(#7864),#8352,.T.);
#8783=ADVANCED_FACE('',(#7865),#8353,.T.);
#8784=ADVANCED_FACE('',(#7866),#8354,.T.);
#8785=ADVANCED_FACE('',(#7867),#8355,.T.);
#8786=ADVANCED_FACE('',(#7868),#8356,.T.);
#8787=ADVANCED_FACE('',(#7869),#8357,.T.);
#8788=ADVANCED_FACE('',(#7870),#8358,.T.);
#8789=ADVANCED_FACE('',(#7871),#8359,.T.);
#8790=ADVANCED_FACE('',(#7872),#8360,.T.);
#8791=ADVANCED_FACE('',(#7873),#8361,.T.);
#8792=ADVANCED_FACE('',(#7874),#8362,.T.);
#8793=ADVANCED_FACE('',(#7875),#8363,.T.);
#8794=ADVANCED_FACE('',(#7876),#8364,.T.);
#8795=ADVANCED_FACE('',(#7877),#8365,.T.);
#8796=ADVANCED_FACE('',(#7878),#8366,.T.);
#8797=ADVANCED_FACE('',(#7879),#8367,.T.);
#8798=ADVANCED_FACE('',(#7880),#8368,.T.);
#8799=ADVANCED_FACE('',(#7881),#8369,.T.);
#8800=ADVANCED_FACE('',(#7882),#8370,.T.);
#8801=ADVANCED_FACE('',(#7883),#8371,.T.);
#8802=ADVANCED_FACE('',(#7884),#8372,.T.);
#8803=ADVANCED_FACE('',(#7885),#8373,.T.);
#8804=ADVANCED_FACE('',(#7886),#8374,.T.);
#8805=ADVANCED_FACE('',(#7887),#8375,.T.);
#8806=ADVANCED_FACE('',(#7888),#8376,.T.);
#8807=ADVANCED_FACE('',(#7889),#8377,.T.);
#8808=ADVANCED_FACE('',(#7890),#8378,.T.);
#8809=ADVANCED_FACE('',(#7891),#8379,.T.);
#8810=ADVANCED_FACE('',(#7892),#8380,.T.);
#8811=ADVANCED_FACE('',(#7893),#8381,.T.);
#8812=ADVANCED_FACE('',(#7894),#8382,.T.);
#8813=ADVANCED_FACE('',(#7895),#8383,.T.);
#8814=ADVANCED_FACE('',(#7896),#8384,.T.);
#8815=ADVANCED_FACE('',(#7897),#8385,.T.);
#8816=ADVANCED_FACE('',(#7898),#8386,.T.);
#8817=ADVANCED_FACE('',(#7899),#8387,.T.);
#8818=ADVANCED_FACE('',(#7900),#8388,.T.);
#8819=ADVANCED_FACE('',(#7901),#8389,.T.);
#8820=ADVANCED_FACE('',(#7902),#8390,.T.);
#8821=ADVANCED_FACE('',(#7903),#8391,.T.);
#8822=ADVANCED_FACE('',(#7904),#8392,.T.);
#8823=ADVANCED_FACE('',(#7905),#8393,.T.);
#8824=ADVANCED_FACE('',(#7906),#8394,.T.);
#8825=ADVANCED_FACE('',(#7907),#8395,.T.);
#8826=ADVANCED_FACE('',(#7908),#8396,.T.);
#8827=ADVANCED_FACE('',(#7909),#8397,.T.);
#8828=ADVANCED_FACE('',(#7910),#8398,.T.);
#8829=ADVANCED_FACE('',(#7911),#8399,.T.);
#8830=ADVANCED_FACE('',(#7912),#8400,.T.);
#8831=ADVANCED_FACE('',(#7913),#8401,.T.);
#8832=ADVANCED_FACE('',(#7914),#8402,.T.);
#8833=ADVANCED_FACE('',(#7915),#8403,.T.);
#8834=ADVANCED_FACE('',(#7916),#8404,.T.);
#8835=ADVANCED_FACE('',(#7917),#8405,.T.);
#8836=ADVANCED_FACE('',(#7918),#8406,.T.);
#8837=ADVANCED_FACE('',(#7919),#8407,.T.);
#8838=ADVANCED_FACE('',(#7920),#8408,.T.);
#8839=ADVANCED_FACE('',(#7921),#8409,.T.);
#8840=ADVANCED_FACE('',(#7922),#8410,.T.);
#8841=ADVANCED_FACE('',(#7923),#8411,.T.);
#8842=ADVANCED_FACE('',(#7924),#8412,.T.);
#8843=ADVANCED_FACE('',(#7925),#8413,.T.);
#8844=ADVANCED_FACE('',(#7926),#8414,.T.);
#8845=ADVANCED_FACE('',(#7927),#8415,.T.);
#8846=ADVANCED_FACE('',(#7928),#8416,.T.);
#8847=ADVANCED_FACE('',(#7929),#8417,.T.);
#8848=ADVANCED_FACE('',(#7930),#8418,.T.);
#8849=ADVANCED_FACE('',(#7931),#8419,.T.);
#8850=ADVANCED_FACE('',(#7932),#8420,.T.);
#8851=ADVANCED_FACE('',(#7933),#8421,.T.);
#8852=ADVANCED_FACE('',(#7934),#8422,.T.);
#8853=ADVANCED_FACE('',(#7935),#8423,.T.);
#8854=ADVANCED_FACE('',(#7936),#8424,.T.);
#8855=ADVANCED_FACE('',(#7937),#8425,.T.);
#8856=ADVANCED_FACE('',(#7938),#8426,.T.);
#8857=ADVANCED_FACE('',(#7939),#8427,.T.);
#8858=ADVANCED_FACE('',(#7940),#8428,.T.);
#8859=ADVANCED_FACE('',(#7941),#8429,.T.);
#8860=ADVANCED_FACE('',(#7942),#8430,.T.);
#8861=ADVANCED_FACE('',(#7943),#8431,.T.);
#8862=ADVANCED_FACE('',(#7944),#8432,.T.);
#8863=ADVANCED_FACE('',(#7945),#8433,.T.);
#8864=ADVANCED_FACE('',(#7946),#8434,.T.);
#8865=ADVANCED_FACE('',(#7947),#8435,.T.);
#8866=ADVANCED_FACE('',(#7948),#8436,.T.);
#8867=ADVANCED_FACE('',(#7949),#8437,.T.);
#8868=ADVANCED_FACE('',(#7950),#8438,.T.);
#8869=ADVANCED_FACE('',(#7951),#8439,.T.);
#8870=ADVANCED_FACE('',(#7952),#8440,.T.);
#8871=ADVANCED_FACE('',(#7953),#8441,.T.);
#8872=ADVANCED_FACE('',(#7954),#8442,.T.);
#8873=ADVANCED_FACE('',(#7955),#8443,.T.);
#8874=ADVANCED_FACE('',(#7956),#8444,.T.);
#8875=ADVANCED_FACE('',(#7957),#8445,.T.);
#8876=ADVANCED_FACE('',(#7958),#8446,.T.);
#8877=ADVANCED_FACE('',(#7959),#8447,.T.);
#8878=ADVANCED_FACE('',(#7960),#8448,.T.);
#8879=ADVANCED_FACE('',(#7961),#8449,.T.);
#8880=ADVANCED_FACE('',(#7962),#8450,.T.);
#8881=ADVANCED_FACE('',(#7963),#8451,.T.);
#8882=ADVANCED_FACE('',(#7964),#8452,.T.);
#8883=ADVANCED_FACE('',(#7965),#8453,.T.);
#8884=ADVANCED_FACE('',(#7966),#8454,.T.);
#8885=ADVANCED_FACE('',(#7967),#8455,.T.);
#8886=ADVANCED_FACE('',(#7968),#8456,.T.);
#8887=ADVANCED_FACE('',(#7969),#8457,.T.);
#8888=ADVANCED_FACE('',(#7970),#8458,.T.);
#8889=ADVANCED_FACE('',(#7971),#8459,.T.);
#8890=ADVANCED_FACE('',(#7972),#8460,.T.);
#8891=ADVANCED_FACE('',(#7973),#8461,.T.);
#8892=ADVANCED_FACE('',(#7974),#8462,.T.);
#8893=ADVANCED_FACE('',(#7975),#8463,.T.);
#8894=ADVANCED_FACE('',(#7976),#8464,.T.);
#8895=ADVANCED_FACE('',(#7977),#8465,.F.);
#8896=ADVANCED_FACE('',(#7978),#8466,.F.);
#8897=ADVANCED_FACE('',(#7979),#8467,.T.);
#8898=ADVANCED_FACE('',(#7980),#8468,.T.);
#8899=ADVANCED_FACE('',(#7981),#8469,.T.);
#8900=ADVANCED_FACE('',(#7982),#8470,.T.);
#8901=ADVANCED_FACE('',(#7983),#8471,.F.);
#8902=ADVANCED_FACE('',(#7984),#8472,.T.);
#8903=ADVANCED_FACE('',(#7985),#8473,.F.);
#8904=ADVANCED_FACE('',(#7986),#8474,.T.);
#8905=ADVANCED_FACE('',(#7987),#8475,.T.);
#8906=ADVANCED_FACE('',(#7988),#8476,.F.);
#8907=ADVANCED_FACE('',(#7989),#8477,.F.);
#8908=ADVANCED_FACE('',(#7990),#8478,.F.);
#8909=ADVANCED_FACE('',(#7991),#8479,.F.);
#8910=ADVANCED_FACE('',(#7992),#8480,.F.);
#8911=ADVANCED_FACE('',(#7993),#8481,.F.);
#8912=ADVANCED_FACE('',(#7994),#8482,.F.);
#8913=ADVANCED_FACE('',(#7995,#7996),#32,.T.);
#8914=ADVANCED_FACE('',(#7997,#7998),#33,.F.);
#8915=ADVANCED_FACE('',(#7999),#8483,.T.);
#8916=ADVANCED_FACE('',(#8000),#8484,.T.);
#8917=ADVANCED_FACE('',(#8001),#8485,.T.);
#8918=ADVANCED_FACE('',(#8002),#8486,.T.);
#8919=ADVANCED_FACE('',(#8003),#8487,.T.);
#8920=ADVANCED_FACE('',(#8004),#8488,.F.);
#8921=ADVANCED_FACE('',(#8005),#34,.F.);
#8922=ADVANCED_FACE('',(#8006),#8489,.T.);
#8923=ADVANCED_FACE('',(#8007),#8490,.T.);
#8924=ADVANCED_FACE('',(#8008),#35,.F.);
#8925=ADVANCED_FACE('',(#8009),#8491,.F.);
#8926=ADVANCED_FACE('',(#8010),#8492,.F.);
#8927=ADVANCED_FACE('',(#8011),#8493,.F.);
#8928=ADVANCED_FACE('',(#8012),#36,.F.);
#8929=ADVANCED_FACE('',(#8013),#8494,.T.);
#8930=ADVANCED_FACE('',(#8014),#8495,.T.);
#8931=ADVANCED_FACE('',(#8015),#8496,.T.);
#8932=ADVANCED_FACE('',(#8016),#8497,.F.);
#8933=ADVANCED_FACE('',(#8017),#8498,.F.);
#8934=ADVANCED_FACE('',(#8018),#8499,.T.);
#8935=ADVANCED_FACE('',(#8019),#8500,.F.);
#8936=ADVANCED_FACE('',(#8020),#8501,.F.);
#8937=ADVANCED_FACE('',(#8021),#8502,.F.);
#8938=ADVANCED_FACE('',(#8022),#8503,.T.);
#8939=ADVANCED_FACE('',(#8023),#8504,.F.);
#8940=ADVANCED_FACE('',(#8024),#8505,.F.);
#8941=ADVANCED_FACE('',(#8025),#8506,.T.);
#8942=ADVANCED_FACE('',(#8026),#8507,.F.);
#8943=ADVANCED_FACE('',(#8027),#8508,.F.);
#8944=ADVANCED_FACE('',(#8028),#8509,.T.);
#8945=ADVANCED_FACE('',(#8029),#8510,.F.);
#8946=ADVANCED_FACE('',(#8030),#8511,.F.);
#8947=ADVANCED_FACE('',(#8031),#8512,.T.);
#8948=ADVANCED_FACE('',(#8032),#8513,.F.);
#8949=ADVANCED_FACE('',(#8033),#8514,.F.);
#8950=ADVANCED_FACE('',(#8034),#8515,.T.);
#8951=ADVANCED_FACE('',(#8035),#8516,.F.);
#8952=ADVANCED_FACE('',(#8036),#8517,.F.);
#8953=ADVANCED_FACE('',(#8037),#8518,.T.);
#8954=ADVANCED_FACE('',(#8038),#8519,.F.);
#8955=ADVANCED_FACE('',(#8039),#8520,.T.);
#8956=ADVANCED_FACE('',(#8040),#8521,.F.);
#8957=ADVANCED_FACE('',(#8041),#8522,.F.);
#8958=ADVANCED_FACE('',(#8042),#8523,.F.);
#8959=ADVANCED_FACE('',(#8043),#8524,.T.);
#8960=ADVANCED_FACE('',(#8044),#8525,.F.);
#8961=ADVANCED_FACE('',(#8045),#8526,.F.);
#8962=ADVANCED_FACE('',(#8046),#8527,.F.);
#8963=ADVANCED_FACE('',(#8047),#8528,.F.);
#8964=ADVANCED_FACE('',(#8048),#8529,.F.);
#8965=ADVANCED_FACE('',(#8049),#8530,.T.);
#8966=ADVANCED_FACE('',(#8050),#8531,.T.);
#8967=ADVANCED_FACE('',(#8051),#8532,.T.);
#8968=ADVANCED_FACE('',(#8052),#8533,.T.);
#8969=ADVANCED_FACE('',(#8053),#8534,.T.);
#8970=ADVANCED_FACE('',(#8054),#8535,.T.);
#8971=ADVANCED_FACE('',(#8055),#37,.T.);
#8972=ADVANCED_FACE('',(#8056),#38,.T.);
#8973=ADVANCED_FACE('',(#8057,#8058),#39,.F.);
#8974=ADVANCED_FACE('',(#8059,#8060),#8536,.T.);
#8975=ADVANCED_FACE('',(#8061),#8537,.T.);
#8976=ADVANCED_FACE('',(#8062),#8538,.T.);
#8977=ADVANCED_FACE('',(#8063),#8539,.T.);
#8978=ADVANCED_FACE('',(#8064),#8540,.T.);
#8979=ADVANCED_FACE('',(#8065),#8541,.T.);
#8980=ADVANCED_FACE('',(#8066),#8542,.F.);
#8981=ADVANCED_FACE('',(#8067),#8543,.T.);
#8982=ADVANCED_FACE('',(#8068),#8544,.T.);
#8983=ADVANCED_FACE('',(#8069),#8545,.F.);
#8984=ADVANCED_FACE('',(#8070),#8546,.T.);
#8985=ADVANCED_FACE('',(#8071),#8547,.F.);
#8986=ADVANCED_FACE('',(#8072),#8548,.T.);
#8987=ADVANCED_FACE('',(#8073),#8549,.T.);
#8988=ADVANCED_FACE('',(#8074),#8550,.F.);
#8989=ADVANCED_FACE('',(#8075),#40,.F.);
#8990=ADVANCED_FACE('',(#8076),#8551,.T.);
#8991=ADVANCED_FACE('',(#8077),#8552,.F.);
#8992=ADVANCED_FACE('',(#8078),#41,.F.);
#8993=ADVANCED_FACE('',(#8079),#8553,.T.);
#8994=ADVANCED_FACE('',(#8080),#8554,.F.);
#8995=ADVANCED_FACE('',(#8081),#42,.F.);
#8996=ADVANCED_FACE('',(#8082),#8555,.T.);
#8997=ADVANCED_FACE('',(#8083),#8556,.F.);
#8998=ADVANCED_FACE('',(#8084),#43,.F.);
#8999=ADVANCED_FACE('',(#8085),#8557,.T.);
#9000=ADVANCED_FACE('',(#8086),#8558,.F.);
#9001=ADVANCED_FACE('',(#8087),#44,.F.);
#9002=ADVANCED_FACE('',(#8088),#8559,.T.);
#9003=ADVANCED_FACE('',(#8089),#8560,.F.);
#9004=ADVANCED_FACE('',(#8090),#45,.F.);
#9005=ADVANCED_FACE('',(#8091),#8561,.F.);
#9006=ADVANCED_FACE('',(#8092),#8562,.T.);
#9007=ADVANCED_FACE('',(#8093),#8563,.T.);
#9008=ADVANCED_FACE('',(#8094),#8564,.T.);
#9009=ADVANCED_FACE('',(#8095),#8565,.F.);
#9010=ADVANCED_FACE('',(#8096),#8566,.T.);
#9011=ADVANCED_FACE('',(#8097),#8567,.T.);
#9012=ADVANCED_FACE('',(#8098),#8568,.F.);
#9013=ADVANCED_FACE('',(#8099),#8569,.T.);
#9014=ADVANCED_FACE('',(#8100),#8570,.T.);
#9015=ADVANCED_FACE('',(#8101),#8571,.F.);
#9016=ADVANCED_FACE('',(#8102),#8572,.T.);
#9017=ADVANCED_FACE('',(#8103),#8573,.F.);
#9018=ADVANCED_FACE('',(#8104),#8574,.T.);
#9019=ADVANCED_FACE('',(#8105),#8575,.T.);
#9020=ADVANCED_FACE('',(#8106),#8576,.T.);
#9021=ADVANCED_FACE('',(#8107),#8577,.F.);
#9022=ADVANCED_FACE('',(#8108),#8578,.T.);
#9023=ADVANCED_FACE('',(#8109,#8110),#46,.T.);
#9024=ADVANCED_FACE('',(#8111,#8112,#8113,#8114,#8115,#8116),#47,.F.);
#9025=ADVANCED_FACE('',(#8117),#8579,.F.);
#9026=ADVANCED_FACE('',(#8118),#8580,.T.);
#9027=ADVANCED_FACE('',(#8119),#8581,.T.);
#9028=ADVANCED_FACE('',(#8120),#8582,.F.);
#9029=ADVANCED_FACE('',(#8121),#8583,.T.);
#9030=ADVANCED_FACE('',(#8122),#8584,.T.);
#9031=ADVANCED_FACE('',(#8123),#8585,.T.);
#9032=ADVANCED_FACE('',(#8124),#8586,.T.);
#9033=ADVANCED_FACE('',(#8125),#8587,.T.);
#9034=ADVANCED_FACE('',(#8126),#8588,.T.);
#9035=ADVANCED_FACE('',(#8127,#8128),#8589,.F.);
#9036=ADVANCED_FACE('',(#8129),#48,.F.);
#9037=ADVANCED_FACE('',(#8130),#49,.F.);
#9038=ADVANCED_FACE('',(#8131),#50,.F.);
#9039=ADVANCED_FACE('',(#8132),#8590,.T.);
#9040=ADVANCED_FACE('',(#8133),#8591,.F.);
#9041=ADVANCED_FACE('',(#8134),#8592,.T.);
#9042=ADVANCED_FACE('',(#8135),#8593,.T.);
#9043=ADVANCED_FACE('',(#8136),#8594,.F.);
#9044=ADVANCED_FACE('',(#8137),#8595,.T.);
#9045=ADVANCED_FACE('',(#8138),#8596,.F.);
#9046=ADVANCED_FACE('',(#8139),#8597,.F.);
#9047=ADVANCED_FACE('',(#8140),#8598,.T.);
#9048=ADVANCED_FACE('',(#8141),#8599,.T.);
#9049=ADVANCED_FACE('',(#8142),#8600,.T.);
#9050=ADVANCED_FACE('',(#8143),#8601,.F.);
#9051=ADVANCED_FACE('',(#8144),#8602,.T.);
#9052=ADVANCED_FACE('',(#8145),#8603,.T.);
#9053=ADVANCED_FACE('',(#8146),#8604,.T.);
#9054=ADVANCED_FACE('',(#8147),#8605,.F.);
#9055=ADVANCED_FACE('',(#8148),#8606,.T.);
#9056=ADVANCED_FACE('',(#8149),#8607,.T.);
#9057=ADVANCED_FACE('',(#8150),#8608,.T.);
#9058=ADVANCED_FACE('',(#8151),#8609,.T.);
#9059=ADVANCED_FACE('',(#8152),#8610,.T.);
#9060=ADVANCED_FACE('',(#8153),#8611,.T.);
#9061=ADVANCED_FACE('',(#8154),#8612,.T.);
#9062=ADVANCED_FACE('',(#8155),#8613,.T.);
#9063=ADVANCED_FACE('',(#8156),#8614,.F.);
#9064=ADVANCED_FACE('',(#8157),#8615,.T.);
#9065=ADVANCED_FACE('',(#8158),#8616,.T.);
#9066=ADVANCED_FACE('',(#8159),#8617,.F.);
#9067=ADVANCED_FACE('',(#8160),#8618,.T.);
#9068=ADVANCED_FACE('',(#8161),#8619,.F.);
#9069=ADVANCED_FACE('',(#8162),#8620,.F.);
#9070=ADVANCED_FACE('',(#8163),#8621,.T.);
#9071=ADVANCED_FACE('',(#8164),#8622,.T.);
#9072=ADVANCED_FACE('',(#8165,#8166,#8167,#8168),#8623,.T.);
#9073=ADVANCED_FACE('',(#8169),#8624,.F.);
#9074=ADVANCED_FACE('',(#8170),#8625,.T.);
#9075=ADVANCED_FACE('',(#8171),#51,.F.);
#9076=ADVANCED_FACE('',(#8172),#8626,.T.);
#9077=ADVANCED_FACE('',(#8173),#8627,.F.);
#9078=ADVANCED_FACE('',(#8174),#8628,.T.);
#9079=ADVANCED_FACE('',(#8175),#8629,.F.);
#9080=ADVANCED_FACE('',(#8176),#52,.F.);
#9081=ADVANCED_FACE('',(#8177),#8630,.T.);
#9082=ADVANCED_FACE('',(#8178),#8631,.F.);
#9083=ADVANCED_FACE('',(#8179),#8632,.T.);
#9084=ADVANCED_FACE('',(#8180),#8633,.F.);
#9085=ADVANCED_FACE('',(#8181),#8634,.T.);
#9086=ADVANCED_FACE('',(#8182),#8635,.T.);
#9087=ADVANCED_FACE('',(#8183),#8636,.T.);
#9088=ADVANCED_FACE('',(#8184),#53,.F.);
#9089=ADVANCED_FACE('',(#8185),#8637,.T.);
#9090=ADVANCED_FACE('',(#8186),#8638,.F.);
#9091=ADVANCED_FACE('',(#8187),#8639,.F.);
#9092=ADVANCED_FACE('',(#8188),#8640,.T.);
#9093=ADVANCED_FACE('',(#8189),#8641,.T.);
#9094=ADVANCED_FACE('',(#8190),#8642,.F.);
#9095=ADVANCED_FACE('',(#8191),#8643,.F.);
#9096=ADVANCED_FACE('',(#8192),#8644,.F.);
#9097=ADVANCED_FACE('',(#8193),#10,.F.);
#9098=ADVANCED_FACE('',(#8194,#8195),#11,.T.);
#9099=ADVANCED_FACE('',(#8196,#8197),#8645,.T.);
#9100=ADVANCED_FACE('',(#8198),#8646,.F.);
#9101=ADVANCED_FACE('',(#8199,#8200),#8647,.F.);
#9102=ADVANCED_FACE('',(#8201,#8202),#8648,.F.);
#9103=ADVANCED_FACE('',(#8203),#8649,.T.);
#9104=ADVANCED_FACE('',(#8204),#8650,.F.);
#9105=ADVANCED_FACE('',(#8205,#8206),#54,.F.);
#9106=ADVANCED_FACE('',(#8207),#8651,.T.);
#9107=ADVANCED_FACE('',(#8208),#8652,.F.);
#9108=ADVANCED_FACE('',(#8209),#8653,.T.);
#9109=ADVANCED_FACE('',(#8210),#8654,.T.);
#9110=ADVANCED_FACE('',(#8211,#8212,#8213,#8214,#8215),#55,.T.);
#9111=ADVANCED_FACE('',(#8216,#8217,#8218,#8219,#8220),#56,.F.);
#9112=ADVANCED_FACE('',(#8221,#8222),#8655,.T.);
#9113=ADVANCED_FACE('',(#8223,#8224),#8656,.T.);
#9114=ADVANCED_FACE('',(#8225),#8657,.T.);
#9115=ADVANCED_FACE('',(#8226),#8658,.T.);
#9116=ADVANCED_FACE('',(#8227),#8659,.F.);
#9117=ADVANCED_FACE('',(#8228),#8660,.F.);
#9118=ADVANCED_FACE('',(#8229),#8661,.F.);
#9119=ADVANCED_FACE('',(#8230),#8662,.T.);
#9120=ADVANCED_FACE('',(#8231),#8663,.T.);
#9121=ADVANCED_FACE('',(#8232),#8664,.F.);
#9122=ADVANCED_FACE('',(#8233),#8665,.F.);
#9123=ADVANCED_FACE('',(#8234),#8666,.T.);
#9124=ADVANCED_FACE('',(#8235),#8667,.T.);
#9125=ADVANCED_FACE('',(#8236),#8668,.F.);
#9126=ADVANCED_FACE('',(#8237,#8238),#57,.T.);
#9127=ADVANCED_FACE('',(#8239),#8669,.T.);
#9128=ADVANCED_FACE('',(#8240),#8670,.F.);
#9129=CLOSED_SHELL('',(#8671,#8672,#8673,#8674,#8675,#8676,#8677,#8678,
#8679,#8680,#8681,#8682,#8683,#8684,#8685,#8686,#8687,#8688,#8689,#8690,
#8691,#8692,#8693,#8694,#8695,#8696,#8697,#8698,#8699,#8700,#8701,#8702,
#8703,#8704,#8705,#8706,#8707,#8708,#8709,#8710,#8711,#8712,#8713,#8714,
#8715,#8716,#8717,#8718,#8719,#8720,#8721,#8722,#8723,#8724,#8725,#8726,
#8727,#8728,#8729,#8730,#8731,#8732,#8733,#8734,#8735,#8736,#8737,#8738,
#8739,#8740,#8741,#8742,#8743,#8744,#8745,#8746,#8747,#8748,#8749,#8750,
#8751,#8752,#8753,#8754,#8755,#8756,#8757,#8758,#8759,#8760,#8761,#8762,
#8763,#8764,#8765,#8766,#8767,#8768,#8769,#8770,#8771,#8772,#8773,#8774,
#8775,#8776,#8777,#8778,#8779,#8780,#8781,#8782,#8783,#8784,#8785,#8786,
#8787,#8788,#8789,#8790,#8791,#8792,#8793,#8794,#8795,#8796,#8797,#8798,
#8799,#8800,#8801,#8802,#8803,#8804,#8805,#8806,#8807,#8808,#8809,#8810,
#8811,#8812,#8813,#8814,#8815,#8816,#8817,#8818,#8819,#8820,#8821,#8822,
#8823,#8824,#8825,#8826,#8827,#8828,#8829,#8830,#8831,#8832,#8833,#8834,
#8835,#8836,#8837,#8838,#8839,#8840,#8841,#8842,#8843,#8844,#8845,#8846,
#8847,#8848,#8849,#8850,#8851,#8852,#8853,#8854,#8855,#8856,#8857,#8858,
#8859,#8860,#8861,#8862,#8863,#8864,#8865,#8866,#8867,#8868,#8869,#8870,
#8871,#8872,#8873,#8874,#8875,#8876,#8877,#8878,#8879,#8880,#8881,#8882,
#8883,#8884,#8885,#8886,#8887,#8888,#8889,#8890,#8891,#8892,#8893,#8894,
#8895,#8896,#8897,#8898,#8899,#8900,#8901,#8902,#8903,#8904,#8905,#8906));
#9130=CLOSED_SHELL('',(#8907,#8908,#8909,#8910,#8911,#8912,#8913,#8914,
#8915,#8916,#8917,#8918,#8919,#8920,#8921,#8922,#8923,#8924,#8925,#8926,
#8927,#8928,#8929,#8930,#8931,#8932,#8933,#8934,#8935,#8936,#8937,#8938,
#8939,#8940,#8941,#8942,#8943,#8944,#8945,#8946,#8947,#8948,#8949,#8950,
#8951,#8952,#8953,#8954,#8955,#8956,#8957,#8958,#8959,#8960,#8961,#8962,
#8963,#8964));
#9131=CLOSED_SHELL('',(#8965,#8966,#8967,#8968,#8969,#8970,#8971,#8972,
#8973,#8974,#8975,#8976,#8977,#8978,#8979,#8980,#8981,#8982,#8983,#8984,
#8985,#8986,#8987,#8988,#8989,#8990,#8991,#8992,#8993,#8994,#8995,#8996,
#8997,#8998,#8999,#9000,#9001,#9002,#9003,#9004,#9005,#9006,#9007,#9008,
#9009,#9010,#9011,#9012,#9013,#9014,#9015,#9016,#9017,#9018,#9019,#9020,
#9021,#9022));
#9132=CLOSED_SHELL('',(#9023,#9024,#9025,#9026,#9027,#9028,#9029,#9030,
#9031,#9032,#9033,#9034,#9035,#9036,#9037,#9038,#9039,#9040,#9041,#9042,
#9043,#9044,#9045,#9046,#9047,#9048,#9049,#9050,#9051,#9052,#9053,#9054,
#9055,#9056,#9057,#9058,#9059,#9060,#9061,#9062,#9063,#9064,#9065,#9066,
#9067,#9068,#9069,#9070,#9071,#9072,#9073,#9074,#9075,#9076,#9077,#9078,
#9079,#9080,#9081,#9082,#9083,#9084,#9085,#9086,#9087,#9088,#9089,#9090,
#9091,#9092,#9093,#9094,#9095,#9096));
#9133=CLOSED_SHELL('',(#9097,#9098,#9099,#9100,#9101,#9102,#9103,#9104,
#9105,#9106,#9107,#9108,#9109));
#9134=CLOSED_SHELL('',(#9110,#9111,#9112,#9113,#9114,#9115,#9116,#9117,
#9118,#9119,#9120,#9121,#9122,#9123,#9124,#9125));
#9135=CLOSED_SHELL('',(#9126,#9127,#9128));
#9136=STYLED_ITEM('',(#9143),#9190);
#9137=STYLED_ITEM('',(#9144),#9191);
#9138=STYLED_ITEM('',(#9145),#9192);
#9139=STYLED_ITEM('',(#9146),#9193);
#9140=STYLED_ITEM('',(#9147),#9194);
#9141=STYLED_ITEM('',(#9148),#9195);
#9142=STYLED_ITEM('',(#9149),#9196);
#9143=PRESENTATION_STYLE_ASSIGNMENT((#9150));
#9144=PRESENTATION_STYLE_ASSIGNMENT((#9151));
#9145=PRESENTATION_STYLE_ASSIGNMENT((#9152));
#9146=PRESENTATION_STYLE_ASSIGNMENT((#9153));
#9147=PRESENTATION_STYLE_ASSIGNMENT((#9154));
#9148=PRESENTATION_STYLE_ASSIGNMENT((#9155));
#9149=PRESENTATION_STYLE_ASSIGNMENT((#9156));
#9150=SURFACE_STYLE_USAGE(.BOTH.,#9157);
#9151=SURFACE_STYLE_USAGE(.BOTH.,#9158);
#9152=SURFACE_STYLE_USAGE(.BOTH.,#9159);
#9153=SURFACE_STYLE_USAGE(.BOTH.,#9160);
#9154=SURFACE_STYLE_USAGE(.BOTH.,#9161);
#9155=SURFACE_STYLE_USAGE(.BOTH.,#9162);
#9156=SURFACE_STYLE_USAGE(.BOTH.,#9163);
#9157=SURFACE_SIDE_STYLE('',(#9164));
#9158=SURFACE_SIDE_STYLE('',(#9165));
#9159=SURFACE_SIDE_STYLE('',(#9166));
#9160=SURFACE_SIDE_STYLE('',(#9167));
#9161=SURFACE_SIDE_STYLE('',(#9168));
#9162=SURFACE_SIDE_STYLE('',(#9169));
#9163=SURFACE_SIDE_STYLE('',(#9170));
#9164=SURFACE_STYLE_FILL_AREA(#9171);
#9165=SURFACE_STYLE_FILL_AREA(#9172);
#9166=SURFACE_STYLE_FILL_AREA(#9173);
#9167=SURFACE_STYLE_FILL_AREA(#9174);
#9168=SURFACE_STYLE_FILL_AREA(#9175);
#9169=SURFACE_STYLE_FILL_AREA(#9176);
#9170=SURFACE_STYLE_FILL_AREA(#9177);
#9171=FILL_AREA_STYLE('',(#9178));
#9172=FILL_AREA_STYLE('',(#9179));
#9173=FILL_AREA_STYLE('',(#9180));
#9174=FILL_AREA_STYLE('',(#9181));
#9175=FILL_AREA_STYLE('',(#9182));
#9176=FILL_AREA_STYLE('',(#9183));
#9177=FILL_AREA_STYLE('',(#9184));
#9178=FILL_AREA_STYLE_COLOUR('',#9185);
#9179=FILL_AREA_STYLE_COLOUR('',#9186);
#9180=FILL_AREA_STYLE_COLOUR('',#9186);
#9181=FILL_AREA_STYLE_COLOUR('',#9186);
#9182=FILL_AREA_STYLE_COLOUR('',#9187);
#9183=FILL_AREA_STYLE_COLOUR('',#9188);
#9184=FILL_AREA_STYLE_COLOUR('',#9189);
#9185=COLOUR_RGB('',0.917647058823529,0.917647058823529,0.917647058823529);
#9186=COLOUR_RGB('',0.301960784313725,0.301960784313725,0.301960784313725);
#9187=COLOUR_RGB('',0.647058823529412,0.647058823529412,0.647058823529412);
#9188=COLOUR_RGB('',0.768627450980392,0.886274509803922,0.952941176470588);
#9189=COLOUR_RGB('',0.231372549019608,0.380392156862745,0.705882352941177);
#9190=MANIFOLD_SOLID_BREP('Rack (38 teeth)',#9129);
#9191=MANIFOLD_SOLID_BREP('Part 4',#9130);
#9192=MANIFOLD_SOLID_BREP('Part 5',#9131);
#9193=MANIFOLD_SOLID_BREP('Part 3',#9132);
#9194=MANIFOLD_SOLID_BREP('Part 1',#9133);
#9195=MANIFOLD_SOLID_BREP('Part 7',#9134);
#9196=MANIFOLD_SOLID_BREP('Part 2',#9135);
#9197=SHAPE_DEFINITION_REPRESENTATION(#15002,#9204);
#9198=SHAPE_DEFINITION_REPRESENTATION(#15003,#9205);
#9199=SHAPE_DEFINITION_REPRESENTATION(#15004,#9206);
#9200=SHAPE_DEFINITION_REPRESENTATION(#15005,#9207);
#9201=SHAPE_DEFINITION_REPRESENTATION(#15006,#9208);
#9202=SHAPE_DEFINITION_REPRESENTATION(#15007,#9209);
#9203=SHAPE_DEFINITION_REPRESENTATION(#15008,#9210);
#9204=SHAPE_REPRESENTATION('Rack (38 teeth)',(#9211),#14967);
#9205=SHAPE_REPRESENTATION('Part 4',(#9448),#14968);
#9206=SHAPE_REPRESENTATION('Part 5',(#9561),#14969);
#9207=SHAPE_REPRESENTATION('Part 3',(#9661),#14970);
#9208=SHAPE_REPRESENTATION('Part 1',(#9785),#14971);
#9209=SHAPE_REPRESENTATION('Part 7',(#9810),#14972);
#9210=SHAPE_REPRESENTATION('Part 2',(#9843),#14973);
#9211=AXIS2_PLACEMENT_3D('',#12245,#9849,#9850);
#9212=AXIS2_PLACEMENT_3D('',#12246,#9851,#9852);
#9213=AXIS2_PLACEMENT_3D('',#12259,#9859,#9860);
#9214=AXIS2_PLACEMENT_3D('',#12265,#9864,#9865);
#9215=AXIS2_PLACEMENT_3D('',#12274,#9870,#9871);
#9216=AXIS2_PLACEMENT_3D('',#12280,#9875,#9876);
#9217=AXIS2_PLACEMENT_3D('',#12284,#9879,#9880);
#9218=AXIS2_PLACEMENT_3D('',#12287,#9883,#9884);
#9219=AXIS2_PLACEMENT_3D('',#12295,#9889,#9890);
#9220=AXIS2_PLACEMENT_3D('',#12301,#9894,#9895);
#9221=AXIS2_PLACEMENT_3D('',#12310,#9900,#9901);
#9222=AXIS2_PLACEMENT_3D('',#12316,#9905,#9906);
#9223=AXIS2_PLACEMENT_3D('',#12320,#9909,#9910);
#9224=AXIS2_PLACEMENT_3D('',#12323,#9913,#9914);
#9225=AXIS2_PLACEMENT_3D('',#12331,#9919,#9920);
#9226=AXIS2_PLACEMENT_3D('',#12337,#9924,#9925);
#9227=AXIS2_PLACEMENT_3D('',#12346,#9930,#9931);
#9228=AXIS2_PLACEMENT_3D('',#12352,#9935,#9936);
#9229=AXIS2_PLACEMENT_3D('',#12356,#9939,#9940);
#9230=AXIS2_PLACEMENT_3D('',#12359,#9943,#9944);
#9231=AXIS2_PLACEMENT_3D('',#12367,#9949,#9950);
#9232=AXIS2_PLACEMENT_3D('',#12373,#9954,#9955);
#9233=AXIS2_PLACEMENT_3D('',#12382,#9960,#9961);
#9234=AXIS2_PLACEMENT_3D('',#12388,#9965,#9966);
#9235=AXIS2_PLACEMENT_3D('',#12392,#9969,#9970);
#9236=AXIS2_PLACEMENT_3D('',#12395,#9973,#9974);
#9237=AXIS2_PLACEMENT_3D('',#12403,#9979,#9980);
#9238=AXIS2_PLACEMENT_3D('',#12409,#9984,#9985);
#9239=AXIS2_PLACEMENT_3D('',#12418,#9990,#9991);
#9240=AXIS2_PLACEMENT_3D('',#12424,#9995,#9996);
#9241=AXIS2_PLACEMENT_3D('',#12428,#9999,#10000);
#9242=AXIS2_PLACEMENT_3D('',#12431,#10003,#10004);
#9243=AXIS2_PLACEMENT_3D('',#12439,#10009,#10010);
#9244=AXIS2_PLACEMENT_3D('',#12445,#10014,#10015);
#9245=AXIS2_PLACEMENT_3D('',#12454,#10020,#10021);
#9246=AXIS2_PLACEMENT_3D('',#12460,#10025,#10026);
#9247=AXIS2_PLACEMENT_3D('',#12464,#10029,#10030);
#9248=AXIS2_PLACEMENT_3D('',#12467,#10033,#10034);
#9249=AXIS2_PLACEMENT_3D('',#12475,#10039,#10040);
#9250=AXIS2_PLACEMENT_3D('',#12481,#10044,#10045);
#9251=AXIS2_PLACEMENT_3D('',#12490,#10050,#10051);
#9252=AXIS2_PLACEMENT_3D('',#12496,#10055,#10056);
#9253=AXIS2_PLACEMENT_3D('',#12500,#10059,#10060);
#9254=AXIS2_PLACEMENT_3D('',#12503,#10063,#10064);
#9255=AXIS2_PLACEMENT_3D('',#12511,#10069,#10070);
#9256=AXIS2_PLACEMENT_3D('',#12517,#10074,#10075);
#9257=AXIS2_PLACEMENT_3D('',#12526,#10080,#10081);
#9258=AXIS2_PLACEMENT_3D('',#12532,#10085,#10086);
#9259=AXIS2_PLACEMENT_3D('',#12536,#10089,#10090);
#9260=AXIS2_PLACEMENT_3D('',#12539,#10093,#10094);
#9261=AXIS2_PLACEMENT_3D('',#12547,#10099,#10100);
#9262=AXIS2_PLACEMENT_3D('',#12553,#10104,#10105);
#9263=AXIS2_PLACEMENT_3D('',#12562,#10110,#10111);
#9264=AXIS2_PLACEMENT_3D('',#12568,#10115,#10116);
#9265=AXIS2_PLACEMENT_3D('',#12572,#10119,#10120);
#9266=AXIS2_PLACEMENT_3D('',#12575,#10123,#10124);
#9267=AXIS2_PLACEMENT_3D('',#12583,#10129,#10130);
#9268=AXIS2_PLACEMENT_3D('',#12589,#10134,#10135);
#9269=AXIS2_PLACEMENT_3D('',#12598,#10140,#10141);
#9270=AXIS2_PLACEMENT_3D('',#12604,#10145,#10146);
#9271=AXIS2_PLACEMENT_3D('',#12608,#10149,#10150);
#9272=AXIS2_PLACEMENT_3D('',#12611,#10153,#10154);
#9273=AXIS2_PLACEMENT_3D('',#12619,#10159,#10160);
#9274=AXIS2_PLACEMENT_3D('',#12625,#10164,#10165);
#9275=AXIS2_PLACEMENT_3D('',#12634,#10170,#10171);
#9276=AXIS2_PLACEMENT_3D('',#12640,#10175,#10176);
#9277=AXIS2_PLACEMENT_3D('',#12644,#10179,#10180);
#9278=AXIS2_PLACEMENT_3D('',#12647,#10183,#10184);
#9279=AXIS2_PLACEMENT_3D('',#12655,#10189,#10190);
#9280=AXIS2_PLACEMENT_3D('',#12661,#10194,#10195);
#9281=AXIS2_PLACEMENT_3D('',#12670,#10200,#10201);
#9282=AXIS2_PLACEMENT_3D('',#12676,#10205,#10206);
#9283=AXIS2_PLACEMENT_3D('',#12680,#10209,#10210);
#9284=AXIS2_PLACEMENT_3D('',#12683,#10213,#10214);
#9285=AXIS2_PLACEMENT_3D('',#12691,#10219,#10220);
#9286=AXIS2_PLACEMENT_3D('',#12697,#10224,#10225);
#9287=AXIS2_PLACEMENT_3D('',#12706,#10230,#10231);
#9288=AXIS2_PLACEMENT_3D('',#12712,#10235,#10236);
#9289=AXIS2_PLACEMENT_3D('',#12716,#10239,#10240);
#9290=AXIS2_PLACEMENT_3D('',#12719,#10243,#10244);
#9291=AXIS2_PLACEMENT_3D('',#12727,#10249,#10250);
#9292=AXIS2_PLACEMENT_3D('',#12733,#10254,#10255);
#9293=AXIS2_PLACEMENT_3D('',#12742,#10260,#10261);
#9294=AXIS2_PLACEMENT_3D('',#12748,#10265,#10266);
#9295=AXIS2_PLACEMENT_3D('',#12752,#10269,#10270);
#9296=AXIS2_PLACEMENT_3D('',#12755,#10273,#10274);
#9297=AXIS2_PLACEMENT_3D('',#12763,#10279,#10280);
#9298=AXIS2_PLACEMENT_3D('',#12769,#10284,#10285);
#9299=AXIS2_PLACEMENT_3D('',#12778,#10290,#10291);
#9300=AXIS2_PLACEMENT_3D('',#12784,#10295,#10296);
#9301=AXIS2_PLACEMENT_3D('',#12788,#10299,#10300);
#9302=AXIS2_PLACEMENT_3D('',#12791,#10303,#10304);
#9303=AXIS2_PLACEMENT_3D('',#12799,#10309,#10310);
#9304=AXIS2_PLACEMENT_3D('',#12805,#10314,#10315);
#9305=AXIS2_PLACEMENT_3D('',#12814,#10320,#10321);
#9306=AXIS2_PLACEMENT_3D('',#12820,#10325,#10326);
#9307=AXIS2_PLACEMENT_3D('',#12824,#10329,#10330);
#9308=AXIS2_PLACEMENT_3D('',#12827,#10333,#10334);
#9309=AXIS2_PLACEMENT_3D('',#12835,#10339,#10340);
#9310=AXIS2_PLACEMENT_3D('',#12841,#10344,#10345);
#9311=AXIS2_PLACEMENT_3D('',#12850,#10350,#10351);
#9312=AXIS2_PLACEMENT_3D('',#12856,#10355,#10356);
#9313=AXIS2_PLACEMENT_3D('',#12860,#10359,#10360);
#9314=AXIS2_PLACEMENT_3D('',#12863,#10363,#10364);
#9315=AXIS2_PLACEMENT_3D('',#12871,#10369,#10370);
#9316=AXIS2_PLACEMENT_3D('',#12877,#10374,#10375);
#9317=AXIS2_PLACEMENT_3D('',#12886,#10380,#10381);
#9318=AXIS2_PLACEMENT_3D('',#12892,#10385,#10386);
#9319=AXIS2_PLACEMENT_3D('',#12896,#10389,#10390);
#9320=AXIS2_PLACEMENT_3D('',#12899,#10393,#10394);
#9321=AXIS2_PLACEMENT_3D('',#12907,#10399,#10400);
#9322=AXIS2_PLACEMENT_3D('',#12913,#10404,#10405);
#9323=AXIS2_PLACEMENT_3D('',#12922,#10410,#10411);
#9324=AXIS2_PLACEMENT_3D('',#12928,#10415,#10416);
#9325=AXIS2_PLACEMENT_3D('',#12932,#10419,#10420);
#9326=AXIS2_PLACEMENT_3D('',#12935,#10423,#10424);
#9327=AXIS2_PLACEMENT_3D('',#12943,#10429,#10430);
#9328=AXIS2_PLACEMENT_3D('',#12949,#10434,#10435);
#9329=AXIS2_PLACEMENT_3D('',#12958,#10440,#10441);
#9330=AXIS2_PLACEMENT_3D('',#12964,#10445,#10446);
#9331=AXIS2_PLACEMENT_3D('',#12968,#10449,#10450);
#9332=AXIS2_PLACEMENT_3D('',#12971,#10453,#10454);
#9333=AXIS2_PLACEMENT_3D('',#12979,#10459,#10460);
#9334=AXIS2_PLACEMENT_3D('',#12985,#10464,#10465);
#9335=AXIS2_PLACEMENT_3D('',#12994,#10470,#10471);
#9336=AXIS2_PLACEMENT_3D('',#13000,#10475,#10476);
#9337=AXIS2_PLACEMENT_3D('',#13004,#10479,#10480);
#9338=AXIS2_PLACEMENT_3D('',#13007,#10483,#10484);
#9339=AXIS2_PLACEMENT_3D('',#13015,#10489,#10490);
#9340=AXIS2_PLACEMENT_3D('',#13021,#10494,#10495);
#9341=AXIS2_PLACEMENT_3D('',#13030,#10500,#10501);
#9342=AXIS2_PLACEMENT_3D('',#13036,#10505,#10506);
#9343=AXIS2_PLACEMENT_3D('',#13040,#10509,#10510);
#9344=AXIS2_PLACEMENT_3D('',#13043,#10513,#10514);
#9345=AXIS2_PLACEMENT_3D('',#13051,#10519,#10520);
#9346=AXIS2_PLACEMENT_3D('',#13057,#10524,#10525);
#9347=AXIS2_PLACEMENT_3D('',#13066,#10530,#10531);
#9348=AXIS2_PLACEMENT_3D('',#13072,#10535,#10536);
#9349=AXIS2_PLACEMENT_3D('',#13076,#10539,#10540);
#9350=AXIS2_PLACEMENT_3D('',#13079,#10543,#10544);
#9351=AXIS2_PLACEMENT_3D('',#13087,#10549,#10550);
#9352=AXIS2_PLACEMENT_3D('',#13093,#10554,#10555);
#9353=AXIS2_PLACEMENT_3D('',#13102,#10560,#10561);
#9354=AXIS2_PLACEMENT_3D('',#13108,#10565,#10566);
#9355=AXIS2_PLACEMENT_3D('',#13112,#10569,#10570);
#9356=AXIS2_PLACEMENT_3D('',#13115,#10573,#10574);
#9357=AXIS2_PLACEMENT_3D('',#13123,#10579,#10580);
#9358=AXIS2_PLACEMENT_3D('',#13129,#10584,#10585);
#9359=AXIS2_PLACEMENT_3D('',#13138,#10590,#10591);
#9360=AXIS2_PLACEMENT_3D('',#13144,#10595,#10596);
#9361=AXIS2_PLACEMENT_3D('',#13148,#10599,#10600);
#9362=AXIS2_PLACEMENT_3D('',#13151,#10603,#10604);
#9363=AXIS2_PLACEMENT_3D('',#13159,#10609,#10610);
#9364=AXIS2_PLACEMENT_3D('',#13165,#10614,#10615);
#9365=AXIS2_PLACEMENT_3D('',#13174,#10620,#10621);
#9366=AXIS2_PLACEMENT_3D('',#13180,#10625,#10626);
#9367=AXIS2_PLACEMENT_3D('',#13184,#10629,#10630);
#9368=AXIS2_PLACEMENT_3D('',#13187,#10633,#10634);
#9369=AXIS2_PLACEMENT_3D('',#13195,#10639,#10640);
#9370=AXIS2_PLACEMENT_3D('',#13201,#10644,#10645);
#9371=AXIS2_PLACEMENT_3D('',#13210,#10650,#10651);
#9372=AXIS2_PLACEMENT_3D('',#13216,#10655,#10656);
#9373=AXIS2_PLACEMENT_3D('',#13220,#10659,#10660);
#9374=AXIS2_PLACEMENT_3D('',#13223,#10663,#10664);
#9375=AXIS2_PLACEMENT_3D('',#13231,#10669,#10670);
#9376=AXIS2_PLACEMENT_3D('',#13237,#10674,#10675);
#9377=AXIS2_PLACEMENT_3D('',#13246,#10680,#10681);
#9378=AXIS2_PLACEMENT_3D('',#13252,#10685,#10686);
#9379=AXIS2_PLACEMENT_3D('',#13256,#10689,#10690);
#9380=AXIS2_PLACEMENT_3D('',#13259,#10693,#10694);
#9381=AXIS2_PLACEMENT_3D('',#13267,#10699,#10700);
#9382=AXIS2_PLACEMENT_3D('',#13273,#10704,#10705);
#9383=AXIS2_PLACEMENT_3D('',#13282,#10710,#10711);
#9384=AXIS2_PLACEMENT_3D('',#13288,#10715,#10716);
#9385=AXIS2_PLACEMENT_3D('',#13292,#10719,#10720);
#9386=AXIS2_PLACEMENT_3D('',#13295,#10723,#10724);
#9387=AXIS2_PLACEMENT_3D('',#13303,#10729,#10730);
#9388=AXIS2_PLACEMENT_3D('',#13309,#10734,#10735);
#9389=AXIS2_PLACEMENT_3D('',#13318,#10740,#10741);
#9390=AXIS2_PLACEMENT_3D('',#13324,#10745,#10746);
#9391=AXIS2_PLACEMENT_3D('',#13328,#10749,#10750);
#9392=AXIS2_PLACEMENT_3D('',#13331,#10753,#10754);
#9393=AXIS2_PLACEMENT_3D('',#13339,#10759,#10760);
#9394=AXIS2_PLACEMENT_3D('',#13345,#10764,#10765);
#9395=AXIS2_PLACEMENT_3D('',#13354,#10770,#10771);
#9396=AXIS2_PLACEMENT_3D('',#13360,#10775,#10776);
#9397=AXIS2_PLACEMENT_3D('',#13364,#10779,#10780);
#9398=AXIS2_PLACEMENT_3D('',#13367,#10783,#10784);
#9399=AXIS2_PLACEMENT_3D('',#13375,#10789,#10790);
#9400=AXIS2_PLACEMENT_3D('',#13381,#10794,#10795);
#9401=AXIS2_PLACEMENT_3D('',#13390,#10800,#10801);
#9402=AXIS2_PLACEMENT_3D('',#13396,#10805,#10806);
#9403=AXIS2_PLACEMENT_3D('',#13400,#10809,#10810);
#9404=AXIS2_PLACEMENT_3D('',#13403,#10813,#10814);
#9405=AXIS2_PLACEMENT_3D('',#13411,#10819,#10820);
#9406=AXIS2_PLACEMENT_3D('',#13417,#10824,#10825);
#9407=AXIS2_PLACEMENT_3D('',#13426,#10830,#10831);
#9408=AXIS2_PLACEMENT_3D('',#13432,#10835,#10836);
#9409=AXIS2_PLACEMENT_3D('',#13436,#10839,#10840);
#9410=AXIS2_PLACEMENT_3D('',#13439,#10843,#10844);
#9411=AXIS2_PLACEMENT_3D('',#13447,#10849,#10850);
#9412=AXIS2_PLACEMENT_3D('',#13453,#10854,#10855);
#9413=AXIS2_PLACEMENT_3D('',#13462,#10860,#10861);
#9414=AXIS2_PLACEMENT_3D('',#13468,#10865,#10866);
#9415=AXIS2_PLACEMENT_3D('',#13472,#10869,#10870);
#9416=AXIS2_PLACEMENT_3D('',#13475,#10873,#10874);
#9417=AXIS2_PLACEMENT_3D('',#13483,#10879,#10880);
#9418=AXIS2_PLACEMENT_3D('',#13489,#10884,#10885);
#9419=AXIS2_PLACEMENT_3D('',#13498,#10890,#10891);
#9420=AXIS2_PLACEMENT_3D('',#13504,#10895,#10896);
#9421=AXIS2_PLACEMENT_3D('',#13508,#10899,#10900);
#9422=AXIS2_PLACEMENT_3D('',#13511,#10903,#10904);
#9423=AXIS2_PLACEMENT_3D('',#13519,#10909,#10910);
#9424=AXIS2_PLACEMENT_3D('',#13525,#10914,#10915);
#9425=AXIS2_PLACEMENT_3D('',#13534,#10920,#10921);
#9426=AXIS2_PLACEMENT_3D('',#13540,#10925,#10926);
#9427=AXIS2_PLACEMENT_3D('',#13544,#10929,#10930);
#9428=AXIS2_PLACEMENT_3D('',#13547,#10933,#10934);
#9429=AXIS2_PLACEMENT_3D('',#13555,#10939,#10940);
#9430=AXIS2_PLACEMENT_3D('',#13561,#10944,#10945);
#9431=AXIS2_PLACEMENT_3D('',#13570,#10950,#10951);
#9432=AXIS2_PLACEMENT_3D('',#13576,#10955,#10956);
#9433=AXIS2_PLACEMENT_3D('',#13580,#10959,#10960);
#9434=AXIS2_PLACEMENT_3D('',#13583,#10963,#10964);
#9435=AXIS2_PLACEMENT_3D('',#13592,#10969,#10970);
#9436=AXIS2_PLACEMENT_3D('',#13602,#10976,#10977);
#9437=AXIS2_PLACEMENT_3D('',#13608,#10981,#10982);
#9438=AXIS2_PLACEMENT_3D('',#13618,#10988,#10989);
#9439=AXIS2_PLACEMENT_3D('',#13621,#10992,#10993);
#9440=AXIS2_PLACEMENT_3D('',#13629,#10998,#10999);
#9441=AXIS2_PLACEMENT_3D('',#13635,#11003,#11004);
#9442=AXIS2_PLACEMENT_3D('',#13642,#11009,#11010);
#9443=AXIS2_PLACEMENT_3D('',#13643,#11011,#11012);
#9444=AXIS2_PLACEMENT_3D('',#13645,#11014,#11015);
#9445=AXIS2_PLACEMENT_3D('',#13647,#11017,#11018);
#9446=AXIS2_PLACEMENT_3D('',#13649,#11020,#11021);
#9447=AXIS2_PLACEMENT_3D('',#13651,#11023,#11024);
#9448=AXIS2_PLACEMENT_3D('',#13652,#11025,#11026);
#9449=AXIS2_PLACEMENT_3D('',#13653,#11027,#11028);
#9450=AXIS2_PLACEMENT_3D('',#13657,#11030,#11031);
#9451=AXIS2_PLACEMENT_3D('',#13661,#11033,#11034);
#9452=AXIS2_PLACEMENT_3D('',#13662,#11035,#11036);
#9453=AXIS2_PLACEMENT_3D('',#13666,#11038,#11039);
#9454=AXIS2_PLACEMENT_3D('',#13670,#11041,#11042);
#9455=AXIS2_PLACEMENT_3D('',#13671,#11043,#11044);
#9456=AXIS2_PLACEMENT_3D('',#13675,#11046,#11047);
#9457=AXIS2_PLACEMENT_3D('',#13679,#11049,#11050);
#9458=AXIS2_PLACEMENT_3D('',#13680,#11051,#11052);
#9459=AXIS2_PLACEMENT_3D('',#13681,#11053,#11054);
#9460=AXIS2_PLACEMENT_3D('',#13686,#11056,#11057);
#9461=AXIS2_PLACEMENT_3D('',#13689,#11059,#11060);
#9462=AXIS2_PLACEMENT_3D('',#13693,#11062,#11063);
#9463=AXIS2_PLACEMENT_3D('',#13697,#11065,#11066);
#9464=AXIS2_PLACEMENT_3D('',#13698,#11067,#11068);
#9465=AXIS2_PLACEMENT_3D('',#13699,#11069,#11070);
#9466=AXIS2_PLACEMENT_3D('',#13704,#11072,#11073);
#9467=AXIS2_PLACEMENT_3D('',#13707,#11075,#11076);
#9468=AXIS2_PLACEMENT_3D('',#13708,#11077,#11078);
#9469=AXIS2_PLACEMENT_3D('',#13713,#11080,#11081);
#9470=AXIS2_PLACEMENT_3D('',#13717,#11083,#11084);
#9471=AXIS2_PLACEMENT_3D('',#13721,#11086,#11087);
#9472=AXIS2_PLACEMENT_3D('',#13725,#11089,#11090);
#9473=AXIS2_PLACEMENT_3D('',#13729,#11092,#11093);
#9474=AXIS2_PLACEMENT_3D('',#13733,#11095,#11096);
#9475=AXIS2_PLACEMENT_3D('',#13737,#11098,#11099);
#9476=AXIS2_PLACEMENT_3D('',#13741,#11101,#11102);
#9477=AXIS2_PLACEMENT_3D('',#13745,#11104,#11105);
#9478=AXIS2_PLACEMENT_3D('',#13749,#11107,#11108);
#9479=AXIS2_PLACEMENT_3D('',#13753,#11110,#11111);
#9480=AXIS2_PLACEMENT_3D('',#13756,#11113,#11114);
#9481=AXIS2_PLACEMENT_3D('',#13762,#11117,#11118);
#9482=AXIS2_PLACEMENT_3D('',#13777,#11122,#11123);
#9483=AXIS2_PLACEMENT_3D('',#13782,#11126,#11127);
#9484=AXIS2_PLACEMENT_3D('',#13785,#11129,#11130);
#9485=AXIS2_PLACEMENT_3D('',#13795,#11131,#11132);
#9486=AXIS2_PLACEMENT_3D('',#13797,#11133,#11134);
#9487=AXIS2_PLACEMENT_3D('',#13801,#11136,#11137);
#9488=AXIS2_PLACEMENT_3D('',#13806,#11140,#11141);
#9489=AXIS2_PLACEMENT_3D('',#13820,#11145,#11146);
#9490=AXIS2_PLACEMENT_3D('',#13821,#11147,#11148);
#9491=AXIS2_PLACEMENT_3D('',#13826,#11150,#11151);
#9492=AXIS2_PLACEMENT_3D('',#13830,#11153,#11154);
#9493=AXIS2_PLACEMENT_3D('',#13834,#11156,#11157);
#9494=AXIS2_PLACEMENT_3D('',#13838,#11159,#11160);
#9495=AXIS2_PLACEMENT_3D('',#13842,#11162,#11163);
#9496=AXIS2_PLACEMENT_3D('',#13846,#11165,#11166);
#9497=AXIS2_PLACEMENT_3D('',#13850,#11168,#11169);
#9498=AXIS2_PLACEMENT_3D('',#13854,#11171,#11172);
#9499=AXIS2_PLACEMENT_3D('',#13858,#11174,#11175);
#9500=AXIS2_PLACEMENT_3D('',#13862,#11177,#11178);
#9501=AXIS2_PLACEMENT_3D('',#13866,#11180,#11181);
#9502=AXIS2_PLACEMENT_3D('',#13869,#11183,#11184);
#9503=AXIS2_PLACEMENT_3D('',#13885,#11188,#11189);
#9504=AXIS2_PLACEMENT_3D('',#13890,#11192,#11193);
#9505=AXIS2_PLACEMENT_3D('',#13894,#11195,#11196);
#9506=AXIS2_PLACEMENT_3D('',#13896,#11197,#11198);
#9507=AXIS2_PLACEMENT_3D('',#13906,#11199,#11200);
#9508=AXIS2_PLACEMENT_3D('',#13909,#11202,#11203);
#9509=AXIS2_PLACEMENT_3D('',#13914,#11206,#11207);
#9510=AXIS2_PLACEMENT_3D('',#13929,#11211,#11212);
#9511=AXIS2_PLACEMENT_3D('',#13933,#11215,#11216);
#9512=AXIS2_PLACEMENT_3D('',#13936,#11219,#11220);
#9513=AXIS2_PLACEMENT_3D('',#13939,#11223,#11224);
#9514=AXIS2_PLACEMENT_3D('',#13942,#11227,#11228);
#9515=AXIS2_PLACEMENT_3D('',#13945,#11231,#11232);
#9516=AXIS2_PLACEMENT_3D('',#13948,#11235,#11236);
#9517=AXIS2_PLACEMENT_3D('',#13951,#11239,#11240);
#9518=AXIS2_PLACEMENT_3D('',#13953,#11242,#11243);
#9519=AXIS2_PLACEMENT_3D('',#13954,#11244,#11245);
#9520=AXIS2_PLACEMENT_3D('',#13957,#11248,#11249);
#9521=AXIS2_PLACEMENT_3D('',#13959,#11251,#11252);
#9522=AXIS2_PLACEMENT_3D('',#13960,#11253,#11254);
#9523=AXIS2_PLACEMENT_3D('',#13963,#11257,#11258);
#9524=AXIS2_PLACEMENT_3D('',#13965,#11260,#11261);
#9525=AXIS2_PLACEMENT_3D('',#13967,#11263,#11264);
#9526=AXIS2_PLACEMENT_3D('',#13968,#11265,#11266);
#9527=AXIS2_PLACEMENT_3D('',#13971,#11269,#11270);
#9528=AXIS2_PLACEMENT_3D('',#13973,#11272,#11273);
#9529=AXIS2_PLACEMENT_3D('',#13975,#11275,#11276);
#9530=AXIS2_PLACEMENT_3D('',#13976,#11277,#11278);
#9531=AXIS2_PLACEMENT_3D('',#13978,#11280,#11281);
#9532=AXIS2_PLACEMENT_3D('',#13980,#11283,#11284);
#9533=AXIS2_PLACEMENT_3D('',#13981,#11285,#11286);
#9534=AXIS2_PLACEMENT_3D('',#13983,#11288,#11289);
#9535=AXIS2_PLACEMENT_3D('',#13985,#11291,#11292);
#9536=AXIS2_PLACEMENT_3D('',#13986,#11293,#11294);
#9537=AXIS2_PLACEMENT_3D('',#13988,#11296,#11297);
#9538=AXIS2_PLACEMENT_3D('',#13990,#11299,#11300);
#9539=AXIS2_PLACEMENT_3D('',#13991,#11301,#11302);
#9540=AXIS2_PLACEMENT_3D('',#13993,#11304,#11305);
#9541=AXIS2_PLACEMENT_3D('',#13995,#11307,#11308);
#9542=AXIS2_PLACEMENT_3D('',#13996,#11309,#11310);
#9543=AXIS2_PLACEMENT_3D('',#13998,#11312,#11313);
#9544=AXIS2_PLACEMENT_3D('',#14000,#11315,#11316);
#9545=AXIS2_PLACEMENT_3D('',#14001,#11317,#11318);
#9546=AXIS2_PLACEMENT_3D('',#14003,#11320,#11321);
#9547=AXIS2_PLACEMENT_3D('',#14005,#11323,#11324);
#9548=AXIS2_PLACEMENT_3D('',#14006,#11325,#11326);
#9549=AXIS2_PLACEMENT_3D('',#14008,#11328,#11329);
#9550=AXIS2_PLACEMENT_3D('',#14010,#11331,#11332);
#9551=AXIS2_PLACEMENT_3D('',#14011,#11333,#11334);
#9552=AXIS2_PLACEMENT_3D('',#14013,#11336,#11337);
#9553=AXIS2_PLACEMENT_3D('',#14015,#11339,#11340);
#9554=AXIS2_PLACEMENT_3D('',#14016,#11341,#11342);
#9555=AXIS2_PLACEMENT_3D('',#14018,#11344,#11345);
#9556=AXIS2_PLACEMENT_3D('',#14020,#11347,#11348);
#9557=AXIS2_PLACEMENT_3D('',#14021,#11349,#11350);
#9558=AXIS2_PLACEMENT_3D('',#14023,#11352,#11353);
#9559=AXIS2_PLACEMENT_3D('',#14024,#11354,#11355);
#9560=AXIS2_PLACEMENT_3D('',#14026,#11357,#11358);
#9561=AXIS2_PLACEMENT_3D('',#14027,#11359,#11360);
#9562=AXIS2_PLACEMENT_3D('',#14028,#11361,#11362);
#9563=AXIS2_PLACEMENT_3D('',#14029,#11363,#11364);
#9564=AXIS2_PLACEMENT_3D('',#14034,#11366,#11367);
#9565=AXIS2_PLACEMENT_3D('',#14037,#11369,#11370);
#9566=AXIS2_PLACEMENT_3D('',#14038,#11371,#11372);
#9567=AXIS2_PLACEMENT_3D('',#14043,#11374,#11375);
#9568=AXIS2_PLACEMENT_3D('',#14051,#11379,#11380);
#9569=AXIS2_PLACEMENT_3D('',#14054,#11382,#11383);
#9570=AXIS2_PLACEMENT_3D('',#14055,#11384,#11385);
#9571=AXIS2_PLACEMENT_3D('',#14060,#11387,#11388);
#9572=AXIS2_PLACEMENT_3D('',#14063,#11390,#11391);
#9573=AXIS2_PLACEMENT_3D('',#14064,#11392,#11393);
#9574=AXIS2_PLACEMENT_3D('',#14069,#11395,#11396);
#9575=AXIS2_PLACEMENT_3D('',#14072,#11398,#11399);
#9576=AXIS2_PLACEMENT_3D('',#14076,#11401,#11402);
#9577=AXIS2_PLACEMENT_3D('',#14080,#11404,#11405);
#9578=AXIS2_PLACEMENT_3D('',#14088,#11409,#11410);
#9579=AXIS2_PLACEMENT_3D('',#14089,#11411,#11412);
#9580=AXIS2_PLACEMENT_3D('',#14093,#11414,#11415);
#9581=AXIS2_PLACEMENT_3D('',#14097,#11417,#11418);
#9582=AXIS2_PLACEMENT_3D('',#14098,#11419,#11420);
#9583=AXIS2_PLACEMENT_3D('',#14101,#11422,#11423);
#9584=AXIS2_PLACEMENT_3D('',#14106,#11426,#11427);
#9585=AXIS2_PLACEMENT_3D('',#14111,#11430,#11431);
#9586=AXIS2_PLACEMENT_3D('',#14116,#11434,#11435);
#9587=AXIS2_PLACEMENT_3D('',#14119,#11437,#11438);
#9588=AXIS2_PLACEMENT_3D('',#14122,#11440,#11441);
#9589=AXIS2_PLACEMENT_3D('',#14127,#11444,#11445);
#9590=AXIS2_PLACEMENT_3D('',#14132,#11448,#11449);
#9591=AXIS2_PLACEMENT_3D('',#14137,#11452,#11453);
#9592=AXIS2_PLACEMENT_3D('',#14140,#11455,#11456);
#9593=AXIS2_PLACEMENT_3D('',#14143,#11458,#11459);
#9594=AXIS2_PLACEMENT_3D('',#14148,#11462,#11463);
#9595=AXIS2_PLACEMENT_3D('',#14153,#11466,#11467);
#9596=AXIS2_PLACEMENT_3D('',#14158,#11470,#11471);
#9597=AXIS2_PLACEMENT_3D('',#14163,#11474,#11475);
#9598=AXIS2_PLACEMENT_3D('',#14168,#11478,#11479);
#9599=AXIS2_PLACEMENT_3D('',#14171,#11481,#11482);
#9600=AXIS2_PLACEMENT_3D('',#14173,#11483,#11484);
#9601=AXIS2_PLACEMENT_3D('',#14184,#11491,#11492);
#9602=AXIS2_PLACEMENT_3D('',#14193,#11497,#11498);
#9603=AXIS2_PLACEMENT_3D('',#14202,#11503,#11504);
#9604=AXIS2_PLACEMENT_3D('',#14211,#11509,#11510);
#9605=AXIS2_PLACEMENT_3D('',#14220,#11515,#11516);
#9606=AXIS2_PLACEMENT_3D('',#14229,#11521,#11522);
#9607=AXIS2_PLACEMENT_3D('',#14232,#11524,#11525);
#9608=AXIS2_PLACEMENT_3D('',#14237,#11528,#11529);
#9609=AXIS2_PLACEMENT_3D('',#14242,#11532,#11533);
#9610=AXIS2_PLACEMENT_3D('',#14246,#11536,#11537);
#9611=AXIS2_PLACEMENT_3D('',#14252,#11541,#11542);
#9612=AXIS2_PLACEMENT_3D('',#14257,#11545,#11546);
#9613=AXIS2_PLACEMENT_3D('',#14262,#11549,#11550);
#9614=AXIS2_PLACEMENT_3D('',#14263,#11551,#11552);
#9615=AXIS2_PLACEMENT_3D('',#14272,#11557,#11558);
#9616=AXIS2_PLACEMENT_3D('',#14275,#11560,#11561);
#9617=AXIS2_PLACEMENT_3D('',#14280,#11564,#11565);
#9618=AXIS2_PLACEMENT_3D('',#14285,#11568,#11569);
#9619=AXIS2_PLACEMENT_3D('',#14289,#11572,#11573);
#9620=AXIS2_PLACEMENT_3D('',#14295,#11577,#11578);
#9621=AXIS2_PLACEMENT_3D('',#14300,#11581,#11582);
#9622=AXIS2_PLACEMENT_3D('',#14305,#11585,#11586);
#9623=AXIS2_PLACEMENT_3D('',#14306,#11587,#11588);
#9624=AXIS2_PLACEMENT_3D('',#14307,#11589,#11590);
#9625=AXIS2_PLACEMENT_3D('',#14308,#11591,#11592);
#9626=AXIS2_PLACEMENT_3D('',#14310,#11594,#11595);
#9627=AXIS2_PLACEMENT_3D('',#14312,#11597,#11598);
#9628=AXIS2_PLACEMENT_3D('',#14313,#11599,#11600);
#9629=AXIS2_PLACEMENT_3D('',#14315,#11602,#11603);
#9630=AXIS2_PLACEMENT_3D('',#14317,#11605,#11606);
#9631=AXIS2_PLACEMENT_3D('',#14318,#11607,#11608);
#9632=AXIS2_PLACEMENT_3D('',#14320,#11610,#11611);
#9633=AXIS2_PLACEMENT_3D('',#14322,#11613,#11614);
#9634=AXIS2_PLACEMENT_3D('',#14323,#11615,#11616);
#9635=AXIS2_PLACEMENT_3D('',#14325,#11618,#11619);
#9636=AXIS2_PLACEMENT_3D('',#14327,#11621,#11622);
#9637=AXIS2_PLACEMENT_3D('',#14328,#11623,#11624);
#9638=AXIS2_PLACEMENT_3D('',#14330,#11626,#11627);
#9639=AXIS2_PLACEMENT_3D('',#14332,#11629,#11630);
#9640=AXIS2_PLACEMENT_3D('',#14333,#11631,#11632);
#9641=AXIS2_PLACEMENT_3D('',#14335,#11634,#11635);
#9642=AXIS2_PLACEMENT_3D('',#14337,#11637,#11638);
#9643=AXIS2_PLACEMENT_3D('',#14338,#11639,#11640);
#9644=AXIS2_PLACEMENT_3D('',#14340,#11642,#11643);
#9645=AXIS2_PLACEMENT_3D('',#14342,#11645,#11646);
#9646=AXIS2_PLACEMENT_3D('',#14343,#11647,#11648);
#9647=AXIS2_PLACEMENT_3D('',#14345,#11650,#11651);
#9648=AXIS2_PLACEMENT_3D('',#14347,#11653,#11654);
#9649=AXIS2_PLACEMENT_3D('',#14348,#11655,#11656);
#9650=AXIS2_PLACEMENT_3D('',#14350,#11658,#11659);
#9651=AXIS2_PLACEMENT_3D('',#14352,#11661,#11662);
#9652=AXIS2_PLACEMENT_3D('',#14353,#11663,#11664);
#9653=AXIS2_PLACEMENT_3D('',#14355,#11666,#11667);
#9654=AXIS2_PLACEMENT_3D('',#14357,#11669,#11670);
#9655=AXIS2_PLACEMENT_3D('',#14358,#11671,#11672);
#9656=AXIS2_PLACEMENT_3D('',#14360,#11674,#11675);
#9657=AXIS2_PLACEMENT_3D('',#14362,#11677,#11678);
#9658=AXIS2_PLACEMENT_3D('',#14363,#11679,#11680);
#9659=AXIS2_PLACEMENT_3D('',#14365,#11682,#11683);
#9660=AXIS2_PLACEMENT_3D('',#14367,#11685,#11686);
#9661=AXIS2_PLACEMENT_3D('',#14368,#11687,#11688);
#9662=AXIS2_PLACEMENT_3D('',#14369,#11689,#11690);
#9663=AXIS2_PLACEMENT_3D('',#14373,#11692,#11693);
#9664=AXIS2_PLACEMENT_3D('',#14377,#11695,#11696);
#9665=AXIS2_PLACEMENT_3D('',#14381,#11698,#11699);
#9666=AXIS2_PLACEMENT_3D('',#14395,#11702,#11703);
#9667=AXIS2_PLACEMENT_3D('',#14399,#11705,#11706);
#9668=AXIS2_PLACEMENT_3D('',#14403,#11708,#11709);
#9669=AXIS2_PLACEMENT_3D('',#14407,#11711,#11712);
#9670=AXIS2_PLACEMENT_3D('',#14411,#11714,#11715);
#9671=AXIS2_PLACEMENT_3D('',#14413,#11716,#11717);
#9672=AXIS2_PLACEMENT_3D('',#14423,#11718,#11719);
#9673=AXIS2_PLACEMENT_3D('',#14425,#11720,#11721);
#9674=AXIS2_PLACEMENT_3D('',#14429,#11723,#11724);
#9675=AXIS2_PLACEMENT_3D('',#14433,#11726,#11727);
#9676=AXIS2_PLACEMENT_3D('',#14437,#11729,#11730);
#9677=AXIS2_PLACEMENT_3D('',#14451,#11733,#11734);
#9678=AXIS2_PLACEMENT_3D('',#14455,#11736,#11737);
#9679=AXIS2_PLACEMENT_3D('',#14459,#11739,#11740);
#9680=AXIS2_PLACEMENT_3D('',#14463,#11742,#11743);
#9681=AXIS2_PLACEMENT_3D('',#14467,#11745,#11746);
#9682=AXIS2_PLACEMENT_3D('',#14471,#11748,#11749);
#9683=AXIS2_PLACEMENT_3D('',#14472,#11750,#11751);
#9684=AXIS2_PLACEMENT_3D('',#14476,#11753,#11754);
#9685=AXIS2_PLACEMENT_3D('',#14480,#11756,#11757);
#9686=AXIS2_PLACEMENT_3D('',#14481,#11758,#11759);
#9687=AXIS2_PLACEMENT_3D('',#14484,#11760,#11761);
#9688=AXIS2_PLACEMENT_3D('',#14494,#11762,#11763);
#9689=AXIS2_PLACEMENT_3D('',#14496,#11764,#11765);
#9690=AXIS2_PLACEMENT_3D('',#14500,#11767,#11768);
#9691=AXIS2_PLACEMENT_3D('',#14504,#11770,#11771);
#9692=AXIS2_PLACEMENT_3D('',#14508,#11773,#11774);
#9693=AXIS2_PLACEMENT_3D('',#14512,#11776,#11777);
#9694=AXIS2_PLACEMENT_3D('',#14526,#11780,#11781);
#9695=AXIS2_PLACEMENT_3D('',#14532,#11784,#11785);
#9696=AXIS2_PLACEMENT_3D('',#14536,#11787,#11788);
#9697=AXIS2_PLACEMENT_3D('',#14550,#11791,#11792);
#9698=AXIS2_PLACEMENT_3D('',#14554,#11794,#11795);
#9699=AXIS2_PLACEMENT_3D('',#14558,#11797,#11798);
#9700=AXIS2_PLACEMENT_3D('',#14561,#11800,#11801);
#9701=AXIS2_PLACEMENT_3D('',#14566,#11803,#11804);
#9702=AXIS2_PLACEMENT_3D('',#14570,#11806,#11807);
#9703=AXIS2_PLACEMENT_3D('',#14574,#11809,#11810);
#9704=AXIS2_PLACEMENT_3D('',#14578,#11812,#11813);
#9705=AXIS2_PLACEMENT_3D('',#14579,#11814,#11815);
#9706=AXIS2_PLACEMENT_3D('',#14584,#11817,#11818);
#9707=AXIS2_PLACEMENT_3D('',#14587,#11820,#11821);
#9708=AXIS2_PLACEMENT_3D('',#14593,#11825,#11826);
#9709=AXIS2_PLACEMENT_3D('',#14599,#11830,#11831);
#9710=AXIS2_PLACEMENT_3D('',#14605,#11835,#11836);
#9711=AXIS2_PLACEMENT_3D('',#14611,#11840,#11841);
#9712=AXIS2_PLACEMENT_3D('',#14617,#11845,#11846);
#9713=AXIS2_PLACEMENT_3D('',#14620,#11849,#11850);
#9714=AXIS2_PLACEMENT_3D('',#14623,#11853,#11854);
#9715=AXIS2_PLACEMENT_3D('',#14626,#11857,#11858);
#9716=AXIS2_PLACEMENT_3D('',#14629,#11861,#11862);
#9717=AXIS2_PLACEMENT_3D('',#14632,#11865,#11866);
#9718=AXIS2_PLACEMENT_3D('',#14638,#11870,#11871);
#9719=AXIS2_PLACEMENT_3D('',#14641,#11874,#11875);
#9720=AXIS2_PLACEMENT_3D('',#14644,#11878,#11879);
#9721=AXIS2_PLACEMENT_3D('',#14647,#11882,#11883);
#9722=AXIS2_PLACEMENT_3D('',#14655,#11889,#11890);
#9723=AXIS2_PLACEMENT_3D('',#14657,#11892,#11893);
#9724=AXIS2_PLACEMENT_3D('',#14658,#11894,#11895);
#9725=AXIS2_PLACEMENT_3D('',#14662,#11898,#11899);
#9726=AXIS2_PLACEMENT_3D('',#14664,#11901,#11902);
#9727=AXIS2_PLACEMENT_3D('',#14666,#11904,#11905);
#9728=AXIS2_PLACEMENT_3D('',#14667,#11906,#11907);
#9729=AXIS2_PLACEMENT_3D('',#14669,#11909,#11910);
#9730=AXIS2_PLACEMENT_3D('',#14670,#11911,#11912);
#9731=AXIS2_PLACEMENT_3D('',#14672,#11914,#11915);
#9732=AXIS2_PLACEMENT_3D('',#14674,#11917,#11918);
#9733=AXIS2_PLACEMENT_3D('',#14676,#11920,#11921);
#9734=AXIS2_PLACEMENT_3D('',#14678,#11923,#11924);
#9735=AXIS2_PLACEMENT_3D('',#14679,#11925,#11926);
#9736=AXIS2_PLACEMENT_3D('',#14681,#11928,#11929);
#9737=AXIS2_PLACEMENT_3D('',#14683,#11931,#11932);
#9738=AXIS2_PLACEMENT_3D('',#14684,#11933,#11934);
#9739=AXIS2_PLACEMENT_3D('',#14686,#11936,#11937);
#9740=AXIS2_PLACEMENT_3D('',#14687,#11938,#11939);
#9741=AXIS2_PLACEMENT_3D('',#14689,#11941,#11942);
#9742=AXIS2_PLACEMENT_3D('',#14690,#11943,#11944);
#9743=AXIS2_PLACEMENT_3D('',#14692,#11946,#11947);
#9744=AXIS2_PLACEMENT_3D('',#14693,#11948,#11949);
#9745=AXIS2_PLACEMENT_3D('',#14695,#11951,#11952);
#9746=AXIS2_PLACEMENT_3D('',#14697,#11954,#11955);
#9747=AXIS2_PLACEMENT_3D('',#14698,#11956,#11957);
#9748=AXIS2_PLACEMENT_3D('',#14700,#11959,#11960);
#9749=AXIS2_PLACEMENT_3D('',#14702,#11962,#11963);
#9750=AXIS2_PLACEMENT_3D('',#14704,#11965,#11966);
#9751=AXIS2_PLACEMENT_3D('',#14706,#11968,#11969);
#9752=AXIS2_PLACEMENT_3D('',#14710,#11972,#11973);
#9753=AXIS2_PLACEMENT_3D('',#14714,#11976,#11977);
#9754=AXIS2_PLACEMENT_3D('',#14716,#11979,#11980);
#9755=AXIS2_PLACEMENT_3D('',#14743,#11995,#11996);
#9756=AXIS2_PLACEMENT_3D('',#14744,#11997,#11998);
#9757=AXIS2_PLACEMENT_3D('',#14745,#11999,#12000);
#9758=AXIS2_PLACEMENT_3D('',#14749,#12002,#12003);
#9759=AXIS2_PLACEMENT_3D('',#14753,#12005,#12006);
#9760=AXIS2_PLACEMENT_3D('',#14754,#12007,#12008);
#9761=AXIS2_PLACEMENT_3D('',#14757,#12011,#12012);
#9762=AXIS2_PLACEMENT_3D('',#14760,#12015,#12016);
#9763=AXIS2_PLACEMENT_3D('',#14761,#12017,#12018);
#9764=AXIS2_PLACEMENT_3D('',#14762,#12019,#12020);
#9765=AXIS2_PLACEMENT_3D('',#14766,#12022,#12023);
#9766=AXIS2_PLACEMENT_3D('',#14770,#12025,#12026);
#9767=AXIS2_PLACEMENT_3D('',#14771,#12027,#12028);
#9768=AXIS2_PLACEMENT_3D('',#14774,#12031,#12032);
#9769=AXIS2_PLACEMENT_3D('',#14777,#12035,#12036);
#9770=AXIS2_PLACEMENT_3D('',#14778,#12037,#12038);
#9771=AXIS2_PLACEMENT_3D('',#14779,#12039,#12040);
#9772=AXIS2_PLACEMENT_3D('',#14780,#12041,#12042);
#9773=AXIS2_PLACEMENT_3D('',#14781,#12043,#12044);
#9774=AXIS2_PLACEMENT_3D('',#14782,#12045,#12046);
#9775=AXIS2_PLACEMENT_3D('',#14786,#12048,#12049);
#9776=AXIS2_PLACEMENT_3D('',#14790,#12051,#12052);
#9777=AXIS2_PLACEMENT_3D('',#14791,#12053,#12054);
#9778=AXIS2_PLACEMENT_3D('',#14794,#12057,#12058);
#9779=AXIS2_PLACEMENT_3D('',#14797,#12061,#12062);
#9780=AXIS2_PLACEMENT_3D('',#14798,#12063,#12064);
#9781=AXIS2_PLACEMENT_3D('',#14799,#12065,#12066);
#9782=AXIS2_PLACEMENT_3D('',#14802,#12069,#12070);
#9783=AXIS2_PLACEMENT_3D('',#14804,#12072,#12073);
#9784=AXIS2_PLACEMENT_3D('',#14806,#12075,#12076);
#9785=AXIS2_PLACEMENT_3D('',#14807,#12077,#12078);
#9786=AXIS2_PLACEMENT_3D('',#14808,#12079,#12080);
#9787=AXIS2_PLACEMENT_3D('',#14809,#12081,#12082);
#9788=AXIS2_PLACEMENT_3D('',#14811,#12083,#12084);
#9789=AXIS2_PLACEMENT_3D('',#14812,#12085,#12086);
#9790=AXIS2_PLACEMENT_3D('',#14815,#12087,#12088);
#9791=AXIS2_PLACEMENT_3D('',#14817,#12089,#12090);
#9792=AXIS2_PLACEMENT_3D('',#14819,#12091,#12092);
#9793=AXIS2_PLACEMENT_3D('',#14820,#12093,#12094);
#9794=AXIS2_PLACEMENT_3D('',#14823,#12095,#12096);
#9795=AXIS2_PLACEMENT_3D('',#14825,#12097,#12098);
#9796=AXIS2_PLACEMENT_3D('',#14827,#12099,#12100);
#9797=AXIS2_PLACEMENT_3D('',#14828,#12101,#12102);
#9798=AXIS2_PLACEMENT_3D('',#14834,#12106,#12107);
#9799=AXIS2_PLACEMENT_3D('',#14843,#12112,#12113);
#9800=AXIS2_PLACEMENT_3D('',#14844,#12114,#12115);
#9801=AXIS2_PLACEMENT_3D('',#14848,#12118,#12119);
#9802=AXIS2_PLACEMENT_3D('',#14849,#12120,#12121);
#9803=AXIS2_PLACEMENT_3D('',#14853,#12124,#12125);
#9804=AXIS2_PLACEMENT_3D('',#14854,#12126,#12127);
#9805=AXIS2_PLACEMENT_3D('',#14855,#12128,#12129);
#9806=AXIS2_PLACEMENT_3D('',#14856,#12130,#12131);
#9807=AXIS2_PLACEMENT_3D('',#14860,#12134,#12135);
#9808=AXIS2_PLACEMENT_3D('',#14864,#12138,#12139);
#9809=AXIS2_PLACEMENT_3D('',#14866,#12141,#12142);
#9810=AXIS2_PLACEMENT_3D('',#14867,#12143,#12144);
#9811=AXIS2_PLACEMENT_3D('',#14868,#12145,#12146);
#9812=AXIS2_PLACEMENT_3D('',#14872,#12148,#12149);
#9813=AXIS2_PLACEMENT_3D('',#14876,#12151,#12152);
#9814=AXIS2_PLACEMENT_3D('',#14880,#12154,#12155);
#9815=AXIS2_PLACEMENT_3D('',#14884,#12157,#12158);
#9816=AXIS2_PLACEMENT_3D('',#14885,#12159,#12160);
#9817=AXIS2_PLACEMENT_3D('',#14887,#12161,#12162);
#9818=AXIS2_PLACEMENT_3D('',#14892,#12164,#12165);
#9819=AXIS2_PLACEMENT_3D('',#14896,#12167,#12168);
#9820=AXIS2_PLACEMENT_3D('',#14897,#12169,#12170);
#9821=AXIS2_PLACEMENT_3D('',#14898,#12171,#12172);
#9822=AXIS2_PLACEMENT_3D('',#14903,#12174,#12175);
#9823=AXIS2_PLACEMENT_3D('',#14906,#12177,#12178);
#9824=AXIS2_PLACEMENT_3D('',#14911,#12180,#12181);
#9825=AXIS2_PLACEMENT_3D('',#14914,#12183,#12184);
#9826=AXIS2_PLACEMENT_3D('',#14916,#12185,#12186);
#9827=AXIS2_PLACEMENT_3D('',#14918,#12187,#12188);
#9828=AXIS2_PLACEMENT_3D('',#14923,#12190,#12191);
#9829=AXIS2_PLACEMENT_3D('',#14926,#12193,#12194);
#9830=AXIS2_PLACEMENT_3D('',#14927,#12195,#12196);
#9831=AXIS2_PLACEMENT_3D('',#14928,#12197,#12198);
#9832=AXIS2_PLACEMENT_3D('',#14931,#12201,#12202);
#9833=AXIS2_PLACEMENT_3D('',#14933,#12204,#12205);
#9834=AXIS2_PLACEMENT_3D('',#14935,#12207,#12208);
#9835=AXIS2_PLACEMENT_3D('',#14936,#12209,#12210);
#9836=AXIS2_PLACEMENT_3D('',#14939,#12213,#12214);
#9837=AXIS2_PLACEMENT_3D('',#14941,#12216,#12217);
#9838=AXIS2_PLACEMENT_3D('',#14943,#12219,#12220);
#9839=AXIS2_PLACEMENT_3D('',#14944,#12221,#12222);
#9840=AXIS2_PLACEMENT_3D('',#14947,#12225,#12226);
#9841=AXIS2_PLACEMENT_3D('',#14949,#12228,#12229);
#9842=AXIS2_PLACEMENT_3D('',#14951,#12231,#12232);
#9843=AXIS2_PLACEMENT_3D('',#14952,#12233,#12234);
#9844=AXIS2_PLACEMENT_3D('',#14953,#12235,#12236);
#9845=AXIS2_PLACEMENT_3D('',#14954,#12237,#12238);
#9846=AXIS2_PLACEMENT_3D('',#14956,#12239,#12240);
#9847=AXIS2_PLACEMENT_3D('',#14958,#12241,#12242);
#9848=AXIS2_PLACEMENT_3D('',#14959,#12243,#12244);
#9849=DIRECTION('',(0.,0.,1.));
#9850=DIRECTION('',(1.,0.,0.));
#9851=DIRECTION('',(0.,1.,0.));
#9852=DIRECTION('',(1.,0.,0.));
#9853=DIRECTION('',(0.,0.,-1.));
#9854=DIRECTION('',(-0.965925826289068,0.,0.258819045102521));
#9855=DIRECTION('',(0.965925826289068,0.,0.258819045102521));
#9856=DIRECTION('',(0.,0.,-1.));
#9857=DIRECTION('',(0.965925826289068,0.,0.258819045102521));
#9858=DIRECTION('',(-0.965925826289068,0.,0.258819045102521));
#9859=DIRECTION('',(0.24416888505968,0.33166812517464,-0.911250684670169));
#9860=DIRECTION('',(0.,0.939692620785908,0.342020143325669));
#9861=DIRECTION('',(0.,-0.939692620785908,-0.342020143325669));
#9862=DIRECTION('',(0.,-0.939692620785908,-0.342020143325669));
#9863=DIRECTION('',(0.965925826289068,0.,0.258819045102521));
#9864=DIRECTION('',(-0.24416888505968,0.331668125174639,0.91125068467017));
#9865=DIRECTION('',(0.,-0.939692620785909,0.342020143325668));
#9866=DIRECTION('',(0.,0.939692620785909,-0.342020143325668));
#9867=DIRECTION('',(0.965925826289068,0.,0.258819045102521));
#9868=DIRECTION('',(0.,0.939692620785909,-0.342020143325668));
#9869=DIRECTION('',(0.965925826289068,0.,0.258819045102521));
#9870=DIRECTION('',(0.24416888505968,0.331668125174639,0.91125068467017));
#9871=DIRECTION('',(0.,-0.939692620785909,0.342020143325668));
#9872=DIRECTION('',(0.,0.939692620785909,-0.342020143325668));
#9873=DIRECTION('',(-0.965925826289068,0.,0.258819045102521));
#9874=DIRECTION('',(-0.965925826289068,0.,0.258819045102521));
#9875=DIRECTION('',(-0.24416888505968,0.33166812517464,-0.911250684670169));
#9876=DIRECTION('',(0.,0.939692620785908,0.342020143325669));
#9877=DIRECTION('',(0.,-0.939692620785908,-0.342020143325669));
#9878=DIRECTION('',(-0.965925826289068,0.,0.258819045102521));
#9879=DIRECTION('',(0.,1.,0.));
#9880=DIRECTION('',(1.,0.,0.));
#9881=DIRECTION('',(0.,0.,-1.));
#9882=DIRECTION('',(0.,0.,-1.));
#9883=DIRECTION('',(0.,1.,0.));
#9884=DIRECTION('',(1.,0.,0.));
#9885=DIRECTION('',(0.,0.,-1.));
#9886=DIRECTION('',(-0.965925826289068,0.,0.258819045102521));
#9887=DIRECTION('',(0.965925826289068,0.,0.258819045102521));
#9888=DIRECTION('',(0.,0.,-1.));
#9889=DIRECTION('',(0.24416888505968,0.33166812517464,-0.911250684670169));
#9890=DIRECTION('',(0.,0.939692620785908,0.342020143325669));
#9891=DIRECTION('',(0.,-0.939692620785908,-0.342020143325669));
#9892=DIRECTION('',(0.,-0.939692620785908,-0.342020143325669));
#9893=DIRECTION('',(0.965925826289068,0.,0.258819045102521));
#9894=DIRECTION('',(-0.24416888505968,0.331668125174639,0.91125068467017));
#9895=DIRECTION('',(0.,-0.939692620785909,0.342020143325668));
#9896=DIRECTION('',(0.,0.939692620785909,-0.342020143325668));
#9897=DIRECTION('',(0.965925826289068,0.,0.258819045102521));
#9898=DIRECTION('',(0.,0.939692620785909,-0.342020143325668));
#9899=DIRECTION('',(0.965925826289068,0.,0.258819045102521));
#9900=DIRECTION('',(0.24416888505968,0.331668125174639,0.91125068467017));
#9901=DIRECTION('',(0.,-0.939692620785909,0.342020143325668));
#9902=DIRECTION('',(0.,0.939692620785909,-0.342020143325668));
#9903=DIRECTION('',(-0.965925826289068,0.,0.258819045102521));
#9904=DIRECTION('',(-0.965925826289068,0.,0.258819045102521));
#9905=DIRECTION('',(-0.24416888505968,0.33166812517464,-0.911250684670169));
#9906=DIRECTION('',(0.,0.939692620785908,0.342020143325669));
#9907=DIRECTION('',(0.,-0.939692620785908,-0.342020143325669));
#9908=DIRECTION('',(-0.965925826289068,0.,0.258819045102521));
#9909=DIRECTION('',(0.,1.,0.));
#9910=DIRECTION('',(1.,0.,0.));
#9911=DIRECTION('',(0.,0.,-1.));
#9912=DIRECTION('',(0.,0.,-1.));
#9913=DIRECTION('',(0.,1.,0.));
#9914=DIRECTION('',(1.,0.,0.));
#9915=DIRECTION('',(0.,0.,-1.));
#9916=DIRECTION('',(-0.965925826289068,0.,0.258819045102521));
#9917=DIRECTION('',(0.965925826289068,0.,0.258819045102521));
#9918=DIRECTION('',(0.,0.,-1.));
#9919=DIRECTION('',(0.24416888505968,0.33166812517464,-0.911250684670169));
#9920=DIRECTION('',(0.,0.939692620785908,0.342020143325669));
#9921=DIRECTION('',(0.,-0.939692620785908,-0.342020143325669));
#9922=DIRECTION('',(0.,-0.939692620785908,-0.342020143325669));
#9923=DIRECTION('',(0.965925826289068,0.,0.258819045102521));
#9924=DIRECTION('',(-0.24416888505968,0.331668125174639,0.91125068467017));
#9925=DIRECTION('',(0.,-0.939692620785909,0.342020143325668));
#9926=DIRECTION('',(0.,0.939692620785909,-0.342020143325668));
#9927=DIRECTION('',(0.965925826289068,0.,0.258819045102521));
#9928=DIRECTION('',(0.,0.939692620785909,-0.342020143325668));
#9929=DIRECTION('',(0.965925826289068,0.,0.258819045102521));
#9930=DIRECTION('',(0.24416888505968,0.331668125174639,0.91125068467017));
#9931=DIRECTION('',(0.,-0.939692620785909,0.342020143325668));
#9932=DIRECTION('',(0.,0.939692620785909,-0.342020143325668));
#9933=DIRECTION('',(-0.965925826289068,0.,0.258819045102521));
#9934=DIRECTION('',(-0.965925826289068,0.,0.258819045102521));
#9935=DIRECTION('',(-0.24416888505968,0.33166812517464,-0.911250684670169));
#9936=DIRECTION('',(0.,0.939692620785908,0.342020143325669));
#9937=DIRECTION('',(0.,-0.939692620785908,-0.342020143325669));
#9938=DIRECTION('',(-0.965925826289068,0.,0.258819045102521));
#9939=DIRECTION('',(0.,1.,0.));
#9940=DIRECTION('',(1.,0.,0.));
#9941=DIRECTION('',(0.,0.,-1.));
#9942=DIRECTION('',(0.,0.,-1.));
#9943=DIRECTION('',(0.,1.,0.));
#9944=DIRECTION('',(1.,0.,0.));
#9945=DIRECTION('',(0.,0.,-1.));
#9946=DIRECTION('',(-0.965925826289068,0.,0.258819045102521));
#9947=DIRECTION('',(0.965925826289068,0.,0.258819045102521));
#9948=DIRECTION('',(0.,0.,-1.));
#9949=DIRECTION('',(0.24416888505968,0.33166812517464,-0.911250684670169));
#9950=DIRECTION('',(0.,0.939692620785908,0.342020143325669));
#9951=DIRECTION('',(0.,-0.939692620785908,-0.342020143325669));
#9952=DIRECTION('',(0.,-0.939692620785908,-0.342020143325669));
#9953=DIRECTION('',(0.965925826289068,0.,0.258819045102521));
#9954=DIRECTION('',(-0.24416888505968,0.331668125174639,0.91125068467017));
#9955=DIRECTION('',(0.,-0.939692620785909,0.342020143325668));
#9956=DIRECTION('',(0.,0.939692620785909,-0.342020143325668));
#9957=DIRECTION('',(0.965925826289068,0.,0.258819045102521));
#9958=DIRECTION('',(0.,0.939692620785909,-0.342020143325668));
#9959=DIRECTION('',(0.965925826289068,0.,0.258819045102521));
#9960=DIRECTION('',(0.24416888505968,0.331668125174639,0.91125068467017));
#9961=DIRECTION('',(0.,-0.939692620785909,0.342020143325668));
#9962=DIRECTION('',(0.,0.939692620785909,-0.342020143325668));
#9963=DIRECTION('',(-0.965925826289068,0.,0.258819045102521));
#9964=DIRECTION('',(-0.965925826289068,0.,0.258819045102521));
#9965=DIRECTION('',(-0.24416888505968,0.33166812517464,-0.911250684670169));
#9966=DIRECTION('',(0.,0.939692620785908,0.342020143325669));
#9967=DIRECTION('',(0.,-0.939692620785908,-0.342020143325669));
#9968=DIRECTION('',(-0.965925826289068,0.,0.258819045102521));
#9969=DIRECTION('',(0.,1.,0.));
#9970=DIRECTION('',(1.,0.,0.));
#9971=DIRECTION('',(0.,0.,-1.));
#9972=DIRECTION('',(0.,0.,-1.));
#9973=DIRECTION('',(0.,1.,0.));
#9974=DIRECTION('',(1.,0.,0.));
#9975=DIRECTION('',(0.,0.,-1.));
#9976=DIRECTION('',(-0.965925826289068,0.,0.258819045102521));
#9977=DIRECTION('',(0.965925826289068,0.,0.258819045102521));
#9978=DIRECTION('',(0.,0.,-1.));
#9979=DIRECTION('',(0.24416888505968,0.33166812517464,-0.911250684670169));
#9980=DIRECTION('',(0.,0.939692620785908,0.342020143325669));
#9981=DIRECTION('',(0.,-0.939692620785908,-0.342020143325669));
#9982=DIRECTION('',(0.,-0.939692620785908,-0.342020143325669));
#9983=DIRECTION('',(0.965925826289068,0.,0.258819045102521));
#9984=DIRECTION('',(-0.24416888505968,0.331668125174639,0.91125068467017));
#9985=DIRECTION('',(0.,-0.939692620785909,0.342020143325668));
#9986=DIRECTION('',(0.,0.939692620785909,-0.342020143325668));
#9987=DIRECTION('',(0.965925826289068,0.,0.258819045102521));
#9988=DIRECTION('',(0.,0.939692620785909,-0.342020143325668));
#9989=DIRECTION('',(0.965925826289068,0.,0.258819045102521));
#9990=DIRECTION('',(0.24416888505968,0.331668125174639,0.91125068467017));
#9991=DIRECTION('',(0.,-0.939692620785909,0.342020143325668));
#9992=DIRECTION('',(0.,0.939692620785909,-0.342020143325668));
#9993=DIRECTION('',(-0.965925826289068,0.,0.258819045102521));
#9994=DIRECTION('',(-0.965925826289068,0.,0.258819045102521));
#9995=DIRECTION('',(-0.24416888505968,0.33166812517464,-0.911250684670169));
#9996=DIRECTION('',(0.,0.939692620785908,0.342020143325669));
#9997=DIRECTION('',(0.,-0.939692620785908,-0.342020143325669));
#9998=DIRECTION('',(-0.965925826289068,0.,0.258819045102521));
#9999=DIRECTION('',(0.,1.,0.));
#10000=DIRECTION('',(1.,0.,0.));
#10001=DIRECTION('',(0.,0.,-1.));
#10002=DIRECTION('',(0.,0.,-1.));
#10003=DIRECTION('',(0.,1.,0.));
#10004=DIRECTION('',(1.,0.,0.));
#10005=DIRECTION('',(0.,0.,-1.));
#10006=DIRECTION('',(-0.965925826289068,0.,0.258819045102521));
#10007=DIRECTION('',(0.965925826289068,0.,0.258819045102521));
#10008=DIRECTION('',(0.,0.,-1.));
#10009=DIRECTION('',(0.24416888505968,0.33166812517464,-0.911250684670169));
#10010=DIRECTION('',(0.,0.939692620785908,0.342020143325669));
#10011=DIRECTION('',(0.,-0.939692620785908,-0.342020143325669));
#10012=DIRECTION('',(0.,-0.939692620785908,-0.342020143325669));
#10013=DIRECTION('',(0.965925826289068,0.,0.258819045102521));
#10014=DIRECTION('',(-0.24416888505968,0.331668125174639,0.91125068467017));
#10015=DIRECTION('',(0.,-0.939692620785909,0.342020143325668));
#10016=DIRECTION('',(0.,0.939692620785909,-0.342020143325668));
#10017=DIRECTION('',(0.965925826289068,0.,0.258819045102521));
#10018=DIRECTION('',(0.,0.939692620785909,-0.342020143325668));
#10019=DIRECTION('',(0.965925826289068,0.,0.258819045102521));
#10020=DIRECTION('',(0.24416888505968,0.331668125174639,0.91125068467017));
#10021=DIRECTION('',(0.,-0.939692620785909,0.342020143325668));
#10022=DIRECTION('',(0.,0.939692620785909,-0.342020143325668));
#10023=DIRECTION('',(-0.965925826289068,0.,0.258819045102521));
#10024=DIRECTION('',(-0.965925826289068,0.,0.258819045102521));
#10025=DIRECTION('',(-0.24416888505968,0.33166812517464,-0.911250684670169));
#10026=DIRECTION('',(0.,0.939692620785908,0.342020143325669));
#10027=DIRECTION('',(0.,-0.939692620785908,-0.342020143325669));
#10028=DIRECTION('',(-0.965925826289068,0.,0.258819045102521));
#10029=DIRECTION('',(0.,1.,0.));
#10030=DIRECTION('',(1.,0.,0.));
#10031=DIRECTION('',(0.,0.,-1.));
#10032=DIRECTION('',(0.,0.,-1.));
#10033=DIRECTION('',(0.,1.,0.));
#10034=DIRECTION('',(1.,0.,0.));
#10035=DIRECTION('',(0.,0.,-1.));
#10036=DIRECTION('',(-0.965925826289068,0.,0.258819045102521));
#10037=DIRECTION('',(0.965925826289068,0.,0.258819045102521));
#10038=DIRECTION('',(0.,0.,-1.));
#10039=DIRECTION('',(0.24416888505968,0.33166812517464,-0.911250684670169));
#10040=DIRECTION('',(0.,0.939692620785908,0.342020143325669));
#10041=DIRECTION('',(0.,-0.939692620785908,-0.342020143325669));
#10042=DIRECTION('',(0.,-0.939692620785908,-0.342020143325669));
#10043=DIRECTION('',(0.965925826289068,0.,0.258819045102521));
#10044=DIRECTION('',(-0.24416888505968,0.331668125174639,0.91125068467017));
#10045=DIRECTION('',(0.,-0.939692620785909,0.342020143325668));
#10046=DIRECTION('',(0.,0.939692620785909,-0.342020143325668));
#10047=DIRECTION('',(0.965925826289068,0.,0.258819045102521));
#10048=DIRECTION('',(0.,0.939692620785909,-0.342020143325668));
#10049=DIRECTION('',(0.965925826289068,0.,0.258819045102521));
#10050=DIRECTION('',(0.24416888505968,0.331668125174639,0.91125068467017));
#10051=DIRECTION('',(0.,-0.939692620785909,0.342020143325668));
#10052=DIRECTION('',(0.,0.939692620785909,-0.342020143325668));
#10053=DIRECTION('',(-0.965925826289068,0.,0.258819045102521));
#10054=DIRECTION('',(-0.965925826289068,0.,0.258819045102521));
#10055=DIRECTION('',(-0.24416888505968,0.33166812517464,-0.911250684670169));
#10056=DIRECTION('',(0.,0.939692620785908,0.342020143325669));
#10057=DIRECTION('',(0.,-0.939692620785908,-0.342020143325669));
#10058=DIRECTION('',(-0.965925826289068,0.,0.258819045102521));
#10059=DIRECTION('',(0.,1.,0.));
#10060=DIRECTION('',(1.,0.,0.));
#10061=DIRECTION('',(0.,0.,-1.));
#10062=DIRECTION('',(0.,0.,-1.));
#10063=DIRECTION('',(0.,1.,0.));
#10064=DIRECTION('',(1.,0.,0.));
#10065=DIRECTION('',(0.,0.,-1.));
#10066=DIRECTION('',(-0.965925826289068,0.,0.258819045102521));
#10067=DIRECTION('',(0.965925826289068,0.,0.258819045102521));
#10068=DIRECTION('',(0.,0.,-1.));
#10069=DIRECTION('',(0.24416888505968,0.33166812517464,-0.911250684670169));
#10070=DIRECTION('',(0.,0.939692620785908,0.342020143325669));
#10071=DIRECTION('',(0.,-0.939692620785908,-0.342020143325669));
#10072=DIRECTION('',(0.,-0.939692620785908,-0.342020143325669));
#10073=DIRECTION('',(0.965925826289068,0.,0.258819045102521));
#10074=DIRECTION('',(-0.24416888505968,0.331668125174639,0.91125068467017));
#10075=DIRECTION('',(0.,-0.939692620785909,0.342020143325668));
#10076=DIRECTION('',(0.,0.939692620785909,-0.342020143325668));
#10077=DIRECTION('',(0.965925826289068,0.,0.258819045102521));
#10078=DIRECTION('',(0.,0.939692620785909,-0.342020143325668));
#10079=DIRECTION('',(0.965925826289068,0.,0.258819045102521));
#10080=DIRECTION('',(0.24416888505968,0.331668125174639,0.91125068467017));
#10081=DIRECTION('',(0.,-0.939692620785909,0.342020143325668));
#10082=DIRECTION('',(0.,0.939692620785909,-0.342020143325668));
#10083=DIRECTION('',(-0.965925826289068,0.,0.258819045102521));
#10084=DIRECTION('',(-0.965925826289068,0.,0.258819045102521));
#10085=DIRECTION('',(-0.24416888505968,0.33166812517464,-0.911250684670169));
#10086=DIRECTION('',(0.,0.939692620785908,0.342020143325669));
#10087=DIRECTION('',(0.,-0.939692620785908,-0.342020143325669));
#10088=DIRECTION('',(-0.965925826289068,0.,0.258819045102521));
#10089=DIRECTION('',(0.,1.,0.));
#10090=DIRECTION('',(1.,0.,0.));
#10091=DIRECTION('',(0.,0.,-1.));
#10092=DIRECTION('',(0.,0.,-1.));
#10093=DIRECTION('',(0.,1.,0.));
#10094=DIRECTION('',(1.,0.,0.));
#10095=DIRECTION('',(0.,0.,-1.));
#10096=DIRECTION('',(-0.965925826289068,0.,0.258819045102521));
#10097=DIRECTION('',(0.965925826289068,0.,0.258819045102521));
#10098=DIRECTION('',(0.,0.,-1.));
#10099=DIRECTION('',(0.24416888505968,0.33166812517464,-0.911250684670169));
#10100=DIRECTION('',(0.,0.939692620785908,0.342020143325669));
#10101=DIRECTION('',(0.,-0.939692620785908,-0.342020143325669));
#10102=DIRECTION('',(0.,-0.939692620785908,-0.342020143325669));
#10103=DIRECTION('',(0.965925826289068,0.,0.258819045102521));
#10104=DIRECTION('',(-0.24416888505968,0.331668125174639,0.91125068467017));
#10105=DIRECTION('',(0.,-0.939692620785909,0.342020143325668));
#10106=DIRECTION('',(0.,0.939692620785909,-0.342020143325668));
#10107=DIRECTION('',(0.965925826289068,0.,0.258819045102521));
#10108=DIRECTION('',(0.,0.939692620785909,-0.342020143325668));
#10109=DIRECTION('',(0.965925826289068,0.,0.258819045102521));
#10110=DIRECTION('',(0.24416888505968,0.331668125174639,0.91125068467017));
#10111=DIRECTION('',(0.,-0.939692620785909,0.342020143325668));
#10112=DIRECTION('',(0.,0.939692620785909,-0.342020143325668));
#10113=DIRECTION('',(-0.965925826289068,0.,0.258819045102521));
#10114=DIRECTION('',(-0.965925826289068,0.,0.258819045102521));
#10115=DIRECTION('',(-0.24416888505968,0.33166812517464,-0.911250684670169));
#10116=DIRECTION('',(0.,0.939692620785908,0.342020143325669));
#10117=DIRECTION('',(0.,-0.939692620785908,-0.342020143325669));
#10118=DIRECTION('',(-0.965925826289068,0.,0.258819045102521));
#10119=DIRECTION('',(0.,1.,0.));
#10120=DIRECTION('',(1.,0.,0.));
#10121=DIRECTION('',(0.,0.,-1.));
#10122=DIRECTION('',(0.,0.,-1.));
#10123=DIRECTION('',(0.,1.,0.));
#10124=DIRECTION('',(1.,0.,0.));
#10125=DIRECTION('',(0.,0.,-1.));
#10126=DIRECTION('',(-0.965925826289068,0.,0.258819045102521));
#10127=DIRECTION('',(0.965925826289068,0.,0.258819045102521));
#10128=DIRECTION('',(0.,0.,-1.));
#10129=DIRECTION('',(0.24416888505968,0.33166812517464,-0.911250684670169));
#10130=DIRECTION('',(0.,0.939692620785908,0.342020143325669));
#10131=DIRECTION('',(0.,-0.939692620785908,-0.342020143325669));
#10132=DIRECTION('',(0.,-0.939692620785908,-0.342020143325669));
#10133=DIRECTION('',(0.965925826289068,0.,0.258819045102521));
#10134=DIRECTION('',(-0.24416888505968,0.331668125174639,0.91125068467017));
#10135=DIRECTION('',(0.,-0.939692620785909,0.342020143325668));
#10136=DIRECTION('',(0.,0.939692620785909,-0.342020143325668));
#10137=DIRECTION('',(0.965925826289068,0.,0.258819045102521));
#10138=DIRECTION('',(0.,0.939692620785909,-0.342020143325668));
#10139=DIRECTION('',(0.965925826289068,0.,0.258819045102521));
#10140=DIRECTION('',(0.24416888505968,0.331668125174639,0.91125068467017));
#10141=DIRECTION('',(0.,-0.939692620785909,0.342020143325668));
#10142=DIRECTION('',(0.,0.939692620785909,-0.342020143325668));
#10143=DIRECTION('',(-0.965925826289068,0.,0.258819045102521));
#10144=DIRECTION('',(-0.965925826289068,0.,0.258819045102521));
#10145=DIRECTION('',(-0.24416888505968,0.33166812517464,-0.911250684670169));
#10146=DIRECTION('',(0.,0.939692620785908,0.342020143325669));
#10147=DIRECTION('',(0.,-0.939692620785908,-0.342020143325669));
#10148=DIRECTION('',(-0.965925826289068,0.,0.258819045102521));
#10149=DIRECTION('',(0.,1.,0.));
#10150=DIRECTION('',(1.,0.,0.));
#10151=DIRECTION('',(0.,0.,-1.));
#10152=DIRECTION('',(0.,0.,-1.));
#10153=DIRECTION('',(0.,1.,0.));
#10154=DIRECTION('',(1.,0.,0.));
#10155=DIRECTION('',(0.,0.,-1.));
#10156=DIRECTION('',(-0.965925826289068,0.,0.258819045102521));
#10157=DIRECTION('',(0.965925826289068,0.,0.258819045102521));
#10158=DIRECTION('',(0.,0.,-1.));
#10159=DIRECTION('',(0.24416888505968,0.33166812517464,-0.911250684670169));
#10160=DIRECTION('',(0.,0.939692620785908,0.342020143325669));
#10161=DIRECTION('',(0.,-0.939692620785908,-0.342020143325669));
#10162=DIRECTION('',(0.,-0.939692620785908,-0.342020143325669));
#10163=DIRECTION('',(0.965925826289068,0.,0.258819045102521));
#10164=DIRECTION('',(-0.24416888505968,0.331668125174639,0.91125068467017));
#10165=DIRECTION('',(0.,-0.939692620785909,0.342020143325668));
#10166=DIRECTION('',(0.,0.939692620785909,-0.342020143325668));
#10167=DIRECTION('',(0.965925826289068,0.,0.258819045102521));
#10168=DIRECTION('',(0.,0.939692620785909,-0.342020143325668));
#10169=DIRECTION('',(0.965925826289068,0.,0.258819045102521));
#10170=DIRECTION('',(0.24416888505968,0.331668125174639,0.91125068467017));
#10171=DIRECTION('',(0.,-0.939692620785909,0.342020143325668));
#10172=DIRECTION('',(0.,0.939692620785909,-0.342020143325668));
#10173=DIRECTION('',(-0.965925826289068,0.,0.258819045102521));
#10174=DIRECTION('',(-0.965925826289068,0.,0.258819045102521));
#10175=DIRECTION('',(-0.24416888505968,0.33166812517464,-0.911250684670169));
#10176=DIRECTION('',(0.,0.939692620785908,0.342020143325669));
#10177=DIRECTION('',(0.,-0.939692620785908,-0.342020143325669));
#10178=DIRECTION('',(-0.965925826289068,0.,0.258819045102521));
#10179=DIRECTION('',(0.,1.,0.));
#10180=DIRECTION('',(1.,0.,0.));
#10181=DIRECTION('',(0.,0.,-1.));
#10182=DIRECTION('',(0.,0.,-1.));
#10183=DIRECTION('',(0.,1.,0.));
#10184=DIRECTION('',(1.,0.,0.));
#10185=DIRECTION('',(0.,0.,-1.));
#10186=DIRECTION('',(-0.965925826289068,0.,0.258819045102521));
#10187=DIRECTION('',(0.965925826289068,0.,0.258819045102521));
#10188=DIRECTION('',(0.,0.,-1.));
#10189=DIRECTION('',(0.24416888505968,0.33166812517464,-0.911250684670169));
#10190=DIRECTION('',(0.,0.939692620785908,0.342020143325669));
#10191=DIRECTION('',(0.,-0.939692620785908,-0.342020143325669));
#10192=DIRECTION('',(0.,-0.939692620785908,-0.342020143325669));
#10193=DIRECTION('',(0.965925826289068,0.,0.258819045102521));
#10194=DIRECTION('',(-0.24416888505968,0.331668125174639,0.91125068467017));
#10195=DIRECTION('',(0.,-0.939692620785909,0.342020143325668));
#10196=DIRECTION('',(0.,0.939692620785909,-0.342020143325668));
#10197=DIRECTION('',(0.965925826289068,0.,0.258819045102521));
#10198=DIRECTION('',(0.,0.939692620785909,-0.342020143325668));
#10199=DIRECTION('',(0.965925826289068,0.,0.258819045102521));
#10200=DIRECTION('',(0.24416888505968,0.331668125174639,0.91125068467017));
#10201=DIRECTION('',(0.,-0.939692620785909,0.342020143325668));
#10202=DIRECTION('',(0.,0.939692620785909,-0.342020143325668));
#10203=DIRECTION('',(-0.965925826289068,0.,0.258819045102521));
#10204=DIRECTION('',(-0.965925826289068,0.,0.258819045102521));
#10205=DIRECTION('',(-0.24416888505968,0.33166812517464,-0.911250684670169));
#10206=DIRECTION('',(0.,0.939692620785908,0.342020143325669));
#10207=DIRECTION('',(0.,-0.939692620785908,-0.342020143325669));
#10208=DIRECTION('',(-0.965925826289068,0.,0.258819045102521));
#10209=DIRECTION('',(0.,1.,0.));
#10210=DIRECTION('',(1.,0.,0.));
#10211=DIRECTION('',(0.,0.,-1.));
#10212=DIRECTION('',(0.,0.,-1.));
#10213=DIRECTION('',(0.,1.,0.));
#10214=DIRECTION('',(1.,0.,0.));
#10215=DIRECTION('',(0.,0.,-1.));
#10216=DIRECTION('',(-0.965925826289068,0.,0.258819045102521));
#10217=DIRECTION('',(0.965925826289068,0.,0.258819045102521));
#10218=DIRECTION('',(0.,0.,-1.));
#10219=DIRECTION('',(0.24416888505968,0.33166812517464,-0.911250684670169));
#10220=DIRECTION('',(0.,0.939692620785908,0.342020143325669));
#10221=DIRECTION('',(0.,-0.939692620785908,-0.342020143325669));
#10222=DIRECTION('',(0.,-0.939692620785908,-0.342020143325669));
#10223=DIRECTION('',(0.965925826289068,0.,0.258819045102521));
#10224=DIRECTION('',(-0.24416888505968,0.331668125174639,0.91125068467017));
#10225=DIRECTION('',(0.,-0.939692620785909,0.342020143325668));
#10226=DIRECTION('',(0.,0.939692620785909,-0.342020143325668));
#10227=DIRECTION('',(0.965925826289068,0.,0.258819045102521));
#10228=DIRECTION('',(0.,0.939692620785909,-0.342020143325668));
#10229=DIRECTION('',(0.965925826289068,0.,0.258819045102521));
#10230=DIRECTION('',(0.24416888505968,0.331668125174639,0.91125068467017));
#10231=DIRECTION('',(0.,-0.939692620785909,0.342020143325668));
#10232=DIRECTION('',(0.,0.939692620785909,-0.342020143325668));
#10233=DIRECTION('',(-0.965925826289068,0.,0.258819045102521));
#10234=DIRECTION('',(-0.965925826289068,0.,0.258819045102521));
#10235=DIRECTION('',(-0.24416888505968,0.33166812517464,-0.911250684670169));
#10236=DIRECTION('',(0.,0.939692620785908,0.342020143325669));
#10237=DIRECTION('',(0.,-0.939692620785908,-0.342020143325669));
#10238=DIRECTION('',(-0.965925826289068,0.,0.258819045102521));
#10239=DIRECTION('',(0.,1.,0.));
#10240=DIRECTION('',(1.,0.,0.));
#10241=DIRECTION('',(0.,0.,-1.));
#10242=DIRECTION('',(0.,0.,-1.));
#10243=DIRECTION('',(0.,1.,0.));
#10244=DIRECTION('',(1.,0.,0.));
#10245=DIRECTION('',(0.,0.,-1.));
#10246=DIRECTION('',(-0.965925826289068,0.,0.258819045102521));
#10247=DIRECTION('',(0.965925826289068,0.,0.258819045102521));
#10248=DIRECTION('',(0.,0.,-1.));
#10249=DIRECTION('',(0.24416888505968,0.33166812517464,-0.911250684670169));
#10250=DIRECTION('',(0.,0.939692620785908,0.342020143325669));
#10251=DIRECTION('',(0.,-0.939692620785908,-0.342020143325669));
#10252=DIRECTION('',(0.,-0.939692620785908,-0.342020143325669));
#10253=DIRECTION('',(0.965925826289068,0.,0.258819045102521));
#10254=DIRECTION('',(-0.24416888505968,0.331668125174639,0.91125068467017));
#10255=DIRECTION('',(0.,-0.939692620785909,0.342020143325668));
#10256=DIRECTION('',(0.,0.939692620785909,-0.342020143325668));
#10257=DIRECTION('',(0.965925826289068,0.,0.258819045102521));
#10258=DIRECTION('',(0.,0.939692620785909,-0.342020143325668));
#10259=DIRECTION('',(0.965925826289068,0.,0.258819045102521));
#10260=DIRECTION('',(0.24416888505968,0.331668125174639,0.91125068467017));
#10261=DIRECTION('',(0.,-0.939692620785909,0.342020143325668));
#10262=DIRECTION('',(0.,0.939692620785909,-0.342020143325668));
#10263=DIRECTION('',(-0.965925826289068,0.,0.258819045102521));
#10264=DIRECTION('',(-0.965925826289068,0.,0.258819045102521));
#10265=DIRECTION('',(-0.24416888505968,0.33166812517464,-0.911250684670169));
#10266=DIRECTION('',(0.,0.939692620785908,0.342020143325669));
#10267=DIRECTION('',(0.,-0.939692620785908,-0.342020143325669));
#10268=DIRECTION('',(-0.965925826289068,0.,0.258819045102521));
#10269=DIRECTION('',(0.,1.,0.));
#10270=DIRECTION('',(1.,0.,0.));
#10271=DIRECTION('',(0.,0.,-1.));
#10272=DIRECTION('',(0.,0.,-1.));
#10273=DIRECTION('',(0.,1.,0.));
#10274=DIRECTION('',(1.,0.,0.));
#10275=DIRECTION('',(0.,0.,-1.));
#10276=DIRECTION('',(-0.965925826289068,0.,0.258819045102521));
#10277=DIRECTION('',(0.965925826289068,0.,0.258819045102521));
#10278=DIRECTION('',(0.,0.,-1.));
#10279=DIRECTION('',(0.24416888505968,0.33166812517464,-0.911250684670169));
#10280=DIRECTION('',(0.,0.939692620785908,0.342020143325669));
#10281=DIRECTION('',(0.,-0.939692620785908,-0.342020143325669));
#10282=DIRECTION('',(0.,-0.939692620785908,-0.342020143325669));
#10283=DIRECTION('',(0.965925826289068,0.,0.258819045102521));
#10284=DIRECTION('',(-0.24416888505968,0.331668125174639,0.91125068467017));
#10285=DIRECTION('',(0.,-0.939692620785909,0.342020143325668));
#10286=DIRECTION('',(0.,0.939692620785909,-0.342020143325668));
#10287=DIRECTION('',(0.965925826289068,0.,0.258819045102521));
#10288=DIRECTION('',(0.,0.939692620785909,-0.342020143325668));
#10289=DIRECTION('',(0.965925826289068,0.,0.258819045102521));
#10290=DIRECTION('',(0.24416888505968,0.331668125174639,0.91125068467017));
#10291=DIRECTION('',(0.,-0.939692620785909,0.342020143325668));
#10292=DIRECTION('',(0.,0.939692620785909,-0.342020143325668));
#10293=DIRECTION('',(-0.965925826289068,0.,0.258819045102521));
#10294=DIRECTION('',(-0.965925826289068,0.,0.258819045102521));
#10295=DIRECTION('',(-0.24416888505968,0.33166812517464,-0.911250684670169));
#10296=DIRECTION('',(0.,0.939692620785908,0.342020143325669));
#10297=DIRECTION('',(0.,-0.939692620785908,-0.342020143325669));
#10298=DIRECTION('',(-0.965925826289068,0.,0.258819045102521));
#10299=DIRECTION('',(0.,1.,0.));
#10300=DIRECTION('',(1.,0.,0.));
#10301=DIRECTION('',(0.,0.,-1.));
#10302=DIRECTION('',(0.,0.,-1.));
#10303=DIRECTION('',(0.,1.,0.));
#10304=DIRECTION('',(1.,0.,0.));
#10305=DIRECTION('',(0.,0.,-1.));
#10306=DIRECTION('',(-0.965925826289068,0.,0.258819045102521));
#10307=DIRECTION('',(0.965925826289068,0.,0.258819045102521));
#10308=DIRECTION('',(0.,0.,-1.));
#10309=DIRECTION('',(0.24416888505968,0.33166812517464,-0.911250684670169));
#10310=DIRECTION('',(0.,0.939692620785908,0.342020143325669));
#10311=DIRECTION('',(0.,-0.939692620785908,-0.342020143325669));
#10312=DIRECTION('',(0.,-0.939692620785908,-0.342020143325669));
#10313=DIRECTION('',(0.965925826289068,0.,0.258819045102521));
#10314=DIRECTION('',(-0.24416888505968,0.331668125174639,0.91125068467017));
#10315=DIRECTION('',(0.,-0.939692620785909,0.342020143325668));
#10316=DIRECTION('',(0.,0.939692620785909,-0.342020143325668));
#10317=DIRECTION('',(0.965925826289068,0.,0.258819045102521));
#10318=DIRECTION('',(0.,0.939692620785909,-0.342020143325668));
#10319=DIRECTION('',(0.965925826289068,0.,0.258819045102521));
#10320=DIRECTION('',(0.24416888505968,0.331668125174639,0.91125068467017));
#10321=DIRECTION('',(0.,-0.939692620785909,0.342020143325668));
#10322=DIRECTION('',(0.,0.939692620785909,-0.342020143325668));
#10323=DIRECTION('',(-0.965925826289068,0.,0.258819045102521));
#10324=DIRECTION('',(-0.965925826289068,0.,0.258819045102521));
#10325=DIRECTION('',(-0.24416888505968,0.33166812517464,-0.911250684670169));
#10326=DIRECTION('',(0.,0.939692620785908,0.342020143325669));
#10327=DIRECTION('',(0.,-0.939692620785908,-0.342020143325669));
#10328=DIRECTION('',(-0.965925826289068,0.,0.258819045102521));
#10329=DIRECTION('',(0.,1.,0.));
#10330=DIRECTION('',(1.,0.,0.));
#10331=DIRECTION('',(0.,0.,-1.));
#10332=DIRECTION('',(0.,0.,-1.));
#10333=DIRECTION('',(0.,1.,0.));
#10334=DIRECTION('',(1.,0.,0.));
#10335=DIRECTION('',(0.,0.,-1.));
#10336=DIRECTION('',(-0.965925826289068,0.,0.258819045102521));
#10337=DIRECTION('',(0.965925826289068,0.,0.258819045102521));
#10338=DIRECTION('',(0.,0.,-1.));
#10339=DIRECTION('',(0.24416888505968,0.33166812517464,-0.911250684670169));
#10340=DIRECTION('',(0.,0.939692620785908,0.342020143325669));
#10341=DIRECTION('',(0.,-0.939692620785908,-0.342020143325669));
#10342=DIRECTION('',(0.,-0.939692620785908,-0.342020143325669));
#10343=DIRECTION('',(0.965925826289068,0.,0.258819045102521));
#10344=DIRECTION('',(-0.24416888505968,0.331668125174639,0.91125068467017));
#10345=DIRECTION('',(0.,-0.939692620785909,0.342020143325668));
#10346=DIRECTION('',(0.,0.939692620785909,-0.342020143325668));
#10347=DIRECTION('',(0.965925826289068,0.,0.258819045102521));
#10348=DIRECTION('',(0.,0.939692620785909,-0.342020143325668));
#10349=DIRECTION('',(0.965925826289068,0.,0.258819045102521));
#10350=DIRECTION('',(0.24416888505968,0.331668125174639,0.91125068467017));
#10351=DIRECTION('',(0.,-0.939692620785909,0.342020143325668));
#10352=DIRECTION('',(0.,0.939692620785909,-0.342020143325668));
#10353=DIRECTION('',(-0.965925826289068,0.,0.258819045102521));
#10354=DIRECTION('',(-0.965925826289068,0.,0.258819045102521));
#10355=DIRECTION('',(-0.24416888505968,0.33166812517464,-0.911250684670169));
#10356=DIRECTION('',(0.,0.939692620785908,0.342020143325669));
#10357=DIRECTION('',(0.,-0.939692620785908,-0.342020143325669));
#10358=DIRECTION('',(-0.965925826289068,0.,0.258819045102521));
#10359=DIRECTION('',(0.,1.,0.));
#10360=DIRECTION('',(1.,0.,0.));
#10361=DIRECTION('',(0.,0.,-1.));
#10362=DIRECTION('',(0.,0.,-1.));
#10363=DIRECTION('',(0.,1.,0.));
#10364=DIRECTION('',(1.,0.,0.));
#10365=DIRECTION('',(0.,0.,-1.));
#10366=DIRECTION('',(-0.965925826289068,0.,0.258819045102521));
#10367=DIRECTION('',(0.965925826289068,0.,0.258819045102521));
#10368=DIRECTION('',(0.,0.,-1.));
#10369=DIRECTION('',(0.24416888505968,0.33166812517464,-0.911250684670169));
#10370=DIRECTION('',(0.,0.939692620785908,0.342020143325669));
#10371=DIRECTION('',(0.,-0.939692620785908,-0.342020143325669));
#10372=DIRECTION('',(0.,-0.939692620785908,-0.342020143325669));
#10373=DIRECTION('',(0.965925826289068,0.,0.258819045102521));
#10374=DIRECTION('',(-0.24416888505968,0.331668125174639,0.91125068467017));
#10375=DIRECTION('',(0.,-0.939692620785909,0.342020143325668));
#10376=DIRECTION('',(0.,0.939692620785909,-0.342020143325668));
#10377=DIRECTION('',(0.965925826289068,0.,0.258819045102521));
#10378=DIRECTION('',(0.,0.939692620785909,-0.342020143325668));
#10379=DIRECTION('',(0.965925826289068,0.,0.258819045102521));
#10380=DIRECTION('',(0.24416888505968,0.331668125174639,0.91125068467017));
#10381=DIRECTION('',(0.,-0.939692620785909,0.342020143325668));
#10382=DIRECTION('',(0.,0.939692620785909,-0.342020143325668));
#10383=DIRECTION('',(-0.965925826289068,0.,0.258819045102521));
#10384=DIRECTION('',(-0.965925826289068,0.,0.258819045102521));
#10385=DIRECTION('',(-0.24416888505968,0.33166812517464,-0.911250684670169));
#10386=DIRECTION('',(0.,0.939692620785908,0.342020143325669));
#10387=DIRECTION('',(0.,-0.939692620785908,-0.342020143325669));
#10388=DIRECTION('',(-0.965925826289068,0.,0.258819045102521));
#10389=DIRECTION('',(0.,1.,0.));
#10390=DIRECTION('',(1.,0.,0.));
#10391=DIRECTION('',(0.,0.,-1.));
#10392=DIRECTION('',(0.,0.,-1.));
#10393=DIRECTION('',(0.,1.,0.));
#10394=DIRECTION('',(1.,0.,0.));
#10395=DIRECTION('',(0.,0.,-1.));
#10396=DIRECTION('',(-0.965925826289068,0.,0.258819045102521));
#10397=DIRECTION('',(0.965925826289068,0.,0.258819045102521));
#10398=DIRECTION('',(0.,0.,-1.));
#10399=DIRECTION('',(0.24416888505968,0.33166812517464,-0.911250684670169));
#10400=DIRECTION('',(0.,0.939692620785908,0.342020143325669));
#10401=DIRECTION('',(0.,-0.939692620785908,-0.342020143325669));
#10402=DIRECTION('',(0.,-0.939692620785908,-0.342020143325669));
#10403=DIRECTION('',(0.965925826289068,0.,0.258819045102521));
#10404=DIRECTION('',(-0.24416888505968,0.331668125174639,0.91125068467017));
#10405=DIRECTION('',(0.,-0.939692620785909,0.342020143325668));
#10406=DIRECTION('',(0.,0.939692620785909,-0.342020143325668));
#10407=DIRECTION('',(0.965925826289068,0.,0.258819045102521));
#10408=DIRECTION('',(0.,0.939692620785909,-0.342020143325668));
#10409=DIRECTION('',(0.965925826289068,0.,0.258819045102521));
#10410=DIRECTION('',(0.24416888505968,0.331668125174639,0.91125068467017));
#10411=DIRECTION('',(0.,-0.939692620785909,0.342020143325668));
#10412=DIRECTION('',(0.,0.939692620785909,-0.342020143325668));
#10413=DIRECTION('',(-0.965925826289068,0.,0.258819045102521));
#10414=DIRECTION('',(-0.965925826289068,0.,0.258819045102521));
#10415=DIRECTION('',(-0.24416888505968,0.33166812517464,-0.911250684670169));
#10416=DIRECTION('',(0.,0.939692620785908,0.342020143325669));
#10417=DIRECTION('',(0.,-0.939692620785908,-0.342020143325669));
#10418=DIRECTION('',(-0.965925826289068,0.,0.258819045102521));
#10419=DIRECTION('',(0.,1.,0.));
#10420=DIRECTION('',(1.,0.,0.));
#10421=DIRECTION('',(0.,0.,-1.));
#10422=DIRECTION('',(0.,0.,-1.));
#10423=DIRECTION('',(0.,1.,0.));
#10424=DIRECTION('',(1.,0.,0.));
#10425=DIRECTION('',(0.,0.,-1.));
#10426=DIRECTION('',(-0.965925826289068,0.,0.258819045102521));
#10427=DIRECTION('',(0.965925826289068,0.,0.258819045102521));
#10428=DIRECTION('',(0.,0.,-1.));
#10429=DIRECTION('',(0.24416888505968,0.33166812517464,-0.911250684670169));
#10430=DIRECTION('',(0.,0.939692620785908,0.342020143325669));
#10431=DIRECTION('',(0.,-0.939692620785908,-0.342020143325669));
#10432=DIRECTION('',(0.,-0.939692620785908,-0.342020143325669));
#10433=DIRECTION('',(0.965925826289068,0.,0.258819045102521));
#10434=DIRECTION('',(-0.24416888505968,0.331668125174639,0.91125068467017));
#10435=DIRECTION('',(0.,-0.939692620785909,0.342020143325668));
#10436=DIRECTION('',(0.,0.939692620785909,-0.342020143325668));
#10437=DIRECTION('',(0.965925826289068,0.,0.258819045102521));
#10438=DIRECTION('',(0.,0.939692620785909,-0.342020143325668));
#10439=DIRECTION('',(0.965925826289068,0.,0.258819045102521));
#10440=DIRECTION('',(0.24416888505968,0.331668125174639,0.91125068467017));
#10441=DIRECTION('',(0.,-0.939692620785909,0.342020143325668));
#10442=DIRECTION('',(0.,0.939692620785909,-0.342020143325668));
#10443=DIRECTION('',(-0.965925826289068,0.,0.258819045102521));
#10444=DIRECTION('',(-0.965925826289068,0.,0.258819045102521));
#10445=DIRECTION('',(-0.24416888505968,0.33166812517464,-0.911250684670169));
#10446=DIRECTION('',(0.,0.939692620785908,0.342020143325669));
#10447=DIRECTION('',(0.,-0.939692620785908,-0.342020143325669));
#10448=DIRECTION('',(-0.965925826289068,0.,0.258819045102521));
#10449=DIRECTION('',(0.,1.,0.));
#10450=DIRECTION('',(1.,0.,0.));
#10451=DIRECTION('',(0.,0.,-1.));
#10452=DIRECTION('',(0.,0.,-1.));
#10453=DIRECTION('',(0.,1.,0.));
#10454=DIRECTION('',(1.,0.,0.));
#10455=DIRECTION('',(0.,0.,-1.));
#10456=DIRECTION('',(-0.965925826289068,0.,0.258819045102521));
#10457=DIRECTION('',(0.965925826289068,0.,0.258819045102521));
#10458=DIRECTION('',(0.,0.,-1.));
#10459=DIRECTION('',(0.24416888505968,0.33166812517464,-0.911250684670169));
#10460=DIRECTION('',(0.,0.939692620785908,0.342020143325669));
#10461=DIRECTION('',(0.,-0.939692620785908,-0.342020143325669));
#10462=DIRECTION('',(0.,-0.939692620785908,-0.342020143325669));
#10463=DIRECTION('',(0.965925826289068,0.,0.258819045102521));
#10464=DIRECTION('',(-0.24416888505968,0.331668125174639,0.91125068467017));
#10465=DIRECTION('',(0.,-0.939692620785909,0.342020143325668));
#10466=DIRECTION('',(0.,0.939692620785909,-0.342020143325668));
#10467=DIRECTION('',(0.965925826289068,0.,0.258819045102521));
#10468=DIRECTION('',(0.,0.939692620785909,-0.342020143325668));
#10469=DIRECTION('',(0.965925826289068,0.,0.258819045102521));
#10470=DIRECTION('',(0.24416888505968,0.331668125174639,0.91125068467017));
#10471=DIRECTION('',(0.,-0.939692620785909,0.342020143325668));
#10472=DIRECTION('',(0.,0.939692620785909,-0.342020143325668));
#10473=DIRECTION('',(-0.965925826289068,0.,0.258819045102521));
#10474=DIRECTION('',(-0.965925826289068,0.,0.258819045102521));
#10475=DIRECTION('',(-0.24416888505968,0.33166812517464,-0.911250684670169));
#10476=DIRECTION('',(0.,0.939692620785908,0.342020143325669));
#10477=DIRECTION('',(0.,-0.939692620785908,-0.342020143325669));
#10478=DIRECTION('',(-0.965925826289068,0.,0.258819045102521));
#10479=DIRECTION('',(0.,1.,0.));
#10480=DIRECTION('',(1.,0.,0.));
#10481=DIRECTION('',(0.,0.,-1.));
#10482=DIRECTION('',(0.,0.,-1.));
#10483=DIRECTION('',(0.,1.,0.));
#10484=DIRECTION('',(1.,0.,0.));
#10485=DIRECTION('',(0.,0.,-1.));
#10486=DIRECTION('',(-0.965925826289068,0.,0.258819045102521));
#10487=DIRECTION('',(0.965925826289068,0.,0.258819045102521));
#10488=DIRECTION('',(0.,0.,-1.));
#10489=DIRECTION('',(0.24416888505968,0.33166812517464,-0.911250684670169));
#10490=DIRECTION('',(0.,0.939692620785908,0.342020143325669));
#10491=DIRECTION('',(0.,-0.939692620785908,-0.342020143325669));
#10492=DIRECTION('',(0.,-0.939692620785908,-0.342020143325669));
#10493=DIRECTION('',(0.965925826289068,0.,0.258819045102521));
#10494=DIRECTION('',(-0.24416888505968,0.331668125174639,0.91125068467017));
#10495=DIRECTION('',(0.,-0.939692620785909,0.342020143325668));
#10496=DIRECTION('',(0.,0.939692620785909,-0.342020143325668));
#10497=DIRECTION('',(0.965925826289068,0.,0.258819045102521));
#10498=DIRECTION('',(0.,0.939692620785909,-0.342020143325668));
#10499=DIRECTION('',(0.965925826289068,0.,0.258819045102521));
#10500=DIRECTION('',(0.24416888505968,0.331668125174639,0.91125068467017));
#10501=DIRECTION('',(0.,-0.939692620785909,0.342020143325668));
#10502=DIRECTION('',(0.,0.939692620785909,-0.342020143325668));
#10503=DIRECTION('',(-0.965925826289068,0.,0.258819045102521));
#10504=DIRECTION('',(-0.965925826289068,0.,0.258819045102521));
#10505=DIRECTION('',(-0.24416888505968,0.33166812517464,-0.911250684670169));
#10506=DIRECTION('',(0.,0.939692620785908,0.342020143325669));
#10507=DIRECTION('',(0.,-0.939692620785908,-0.342020143325669));
#10508=DIRECTION('',(-0.965925826289068,0.,0.258819045102521));
#10509=DIRECTION('',(0.,1.,0.));
#10510=DIRECTION('',(1.,0.,0.));
#10511=DIRECTION('',(0.,0.,-1.));
#10512=DIRECTION('',(0.,0.,-1.));
#10513=DIRECTION('',(0.,1.,0.));
#10514=DIRECTION('',(1.,0.,0.));
#10515=DIRECTION('',(0.,0.,-1.));
#10516=DIRECTION('',(-0.965925826289068,0.,0.258819045102521));
#10517=DIRECTION('',(0.965925826289068,0.,0.258819045102521));
#10518=DIRECTION('',(0.,0.,-1.));
#10519=DIRECTION('',(0.24416888505968,0.33166812517464,-0.911250684670169));
#10520=DIRECTION('',(0.,0.939692620785908,0.342020143325669));
#10521=DIRECTION('',(0.,-0.939692620785908,-0.342020143325669));
#10522=DIRECTION('',(0.,-0.939692620785908,-0.342020143325669));
#10523=DIRECTION('',(0.965925826289068,0.,0.258819045102521));
#10524=DIRECTION('',(-0.24416888505968,0.331668125174639,0.91125068467017));
#10525=DIRECTION('',(0.,-0.939692620785909,0.342020143325668));
#10526=DIRECTION('',(0.,0.939692620785909,-0.342020143325668));
#10527=DIRECTION('',(0.965925826289068,0.,0.258819045102521));
#10528=DIRECTION('',(0.,0.939692620785909,-0.342020143325668));
#10529=DIRECTION('',(0.965925826289068,0.,0.258819045102521));
#10530=DIRECTION('',(0.24416888505968,0.331668125174639,0.91125068467017));
#10531=DIRECTION('',(0.,-0.939692620785909,0.342020143325668));
#10532=DIRECTION('',(0.,0.939692620785909,-0.342020143325668));
#10533=DIRECTION('',(-0.965925826289068,0.,0.258819045102521));
#10534=DIRECTION('',(-0.965925826289068,0.,0.258819045102521));
#10535=DIRECTION('',(-0.24416888505968,0.33166812517464,-0.911250684670169));
#10536=DIRECTION('',(0.,0.939692620785908,0.342020143325669));
#10537=DIRECTION('',(0.,-0.939692620785908,-0.342020143325669));
#10538=DIRECTION('',(-0.965925826289068,0.,0.258819045102521));
#10539=DIRECTION('',(0.,1.,0.));
#10540=DIRECTION('',(1.,0.,0.));
#10541=DIRECTION('',(0.,0.,-1.));
#10542=DIRECTION('',(0.,0.,-1.));
#10543=DIRECTION('',(0.,1.,0.));
#10544=DIRECTION('',(1.,0.,0.));
#10545=DIRECTION('',(0.,0.,-1.));
#10546=DIRECTION('',(-0.965925826289068,0.,0.258819045102521));
#10547=DIRECTION('',(0.965925826289068,0.,0.258819045102521));
#10548=DIRECTION('',(0.,0.,-1.));
#10549=DIRECTION('',(0.24416888505968,0.33166812517464,-0.911250684670169));
#10550=DIRECTION('',(0.,0.939692620785908,0.342020143325669));
#10551=DIRECTION('',(0.,-0.939692620785908,-0.342020143325669));
#10552=DIRECTION('',(0.,-0.939692620785908,-0.342020143325669));
#10553=DIRECTION('',(0.965925826289068,0.,0.258819045102521));
#10554=DIRECTION('',(-0.24416888505968,0.331668125174639,0.91125068467017));
#10555=DIRECTION('',(0.,-0.939692620785909,0.342020143325668));
#10556=DIRECTION('',(0.,0.939692620785909,-0.342020143325668));
#10557=DIRECTION('',(0.965925826289068,0.,0.258819045102521));
#10558=DIRECTION('',(0.,0.939692620785909,-0.342020143325668));
#10559=DIRECTION('',(0.965925826289068,0.,0.258819045102521));
#10560=DIRECTION('',(0.24416888505968,0.331668125174639,0.91125068467017));
#10561=DIRECTION('',(0.,-0.939692620785909,0.342020143325668));
#10562=DIRECTION('',(0.,0.939692620785909,-0.342020143325668));
#10563=DIRECTION('',(-0.965925826289068,0.,0.258819045102521));
#10564=DIRECTION('',(-0.965925826289068,0.,0.258819045102521));
#10565=DIRECTION('',(-0.24416888505968,0.33166812517464,-0.911250684670169));
#10566=DIRECTION('',(0.,0.939692620785908,0.342020143325669));
#10567=DIRECTION('',(0.,-0.939692620785908,-0.342020143325669));
#10568=DIRECTION('',(-0.965925826289068,0.,0.258819045102521));
#10569=DIRECTION('',(0.,1.,0.));
#10570=DIRECTION('',(1.,0.,0.));
#10571=DIRECTION('',(0.,0.,-1.));
#10572=DIRECTION('',(0.,0.,-1.));
#10573=DIRECTION('',(0.,1.,0.));
#10574=DIRECTION('',(1.,0.,0.));
#10575=DIRECTION('',(0.,0.,-1.));
#10576=DIRECTION('',(-0.965925826289068,0.,0.258819045102521));
#10577=DIRECTION('',(0.965925826289068,0.,0.258819045102521));
#10578=DIRECTION('',(0.,0.,-1.));
#10579=DIRECTION('',(0.24416888505968,0.33166812517464,-0.911250684670169));
#10580=DIRECTION('',(0.,0.939692620785908,0.342020143325669));
#10581=DIRECTION('',(0.,-0.939692620785908,-0.342020143325669));
#10582=DIRECTION('',(0.,-0.939692620785908,-0.342020143325669));
#10583=DIRECTION('',(0.965925826289068,0.,0.258819045102521));
#10584=DIRECTION('',(-0.24416888505968,0.331668125174639,0.91125068467017));
#10585=DIRECTION('',(0.,-0.939692620785909,0.342020143325668));
#10586=DIRECTION('',(0.,0.939692620785909,-0.342020143325668));
#10587=DIRECTION('',(0.965925826289068,0.,0.258819045102521));
#10588=DIRECTION('',(0.,0.939692620785909,-0.342020143325668));
#10589=DIRECTION('',(0.965925826289068,0.,0.258819045102521));
#10590=DIRECTION('',(0.24416888505968,0.331668125174639,0.91125068467017));
#10591=DIRECTION('',(0.,-0.939692620785909,0.342020143325668));
#10592=DIRECTION('',(0.,0.939692620785909,-0.342020143325668));
#10593=DIRECTION('',(-0.965925826289068,0.,0.258819045102521));
#10594=DIRECTION('',(-0.965925826289068,0.,0.258819045102521));
#10595=DIRECTION('',(-0.24416888505968,0.33166812517464,-0.911250684670169));
#10596=DIRECTION('',(0.,0.939692620785908,0.342020143325669));
#10597=DIRECTION('',(0.,-0.939692620785908,-0.342020143325669));
#10598=DIRECTION('',(-0.965925826289068,0.,0.258819045102521));
#10599=DIRECTION('',(0.,1.,0.));
#10600=DIRECTION('',(1.,0.,0.));
#10601=DIRECTION('',(0.,0.,-1.));
#10602=DIRECTION('',(0.,0.,-1.));
#10603=DIRECTION('',(0.,1.,0.));
#10604=DIRECTION('',(1.,0.,0.));
#10605=DIRECTION('',(0.,0.,-1.));
#10606=DIRECTION('',(-0.965925826289068,0.,0.258819045102521));
#10607=DIRECTION('',(0.965925826289068,0.,0.258819045102521));
#10608=DIRECTION('',(0.,0.,-1.));
#10609=DIRECTION('',(0.24416888505968,0.33166812517464,-0.911250684670169));
#10610=DIRECTION('',(0.,0.939692620785908,0.342020143325669));
#10611=DIRECTION('',(0.,-0.939692620785908,-0.342020143325669));
#10612=DIRECTION('',(0.,-0.939692620785908,-0.342020143325669));
#10613=DIRECTION('',(0.965925826289068,0.,0.258819045102521));
#10614=DIRECTION('',(-0.24416888505968,0.331668125174639,0.91125068467017));
#10615=DIRECTION('',(0.,-0.939692620785909,0.342020143325668));
#10616=DIRECTION('',(0.,0.939692620785909,-0.342020143325668));
#10617=DIRECTION('',(0.965925826289068,0.,0.258819045102521));
#10618=DIRECTION('',(0.,0.939692620785909,-0.342020143325668));
#10619=DIRECTION('',(0.965925826289068,0.,0.258819045102521));
#10620=DIRECTION('',(0.24416888505968,0.331668125174639,0.91125068467017));
#10621=DIRECTION('',(0.,-0.939692620785909,0.342020143325668));
#10622=DIRECTION('',(0.,0.939692620785909,-0.342020143325668));
#10623=DIRECTION('',(-0.965925826289068,0.,0.258819045102521));
#10624=DIRECTION('',(-0.965925826289068,0.,0.258819045102521));
#10625=DIRECTION('',(-0.24416888505968,0.33166812517464,-0.911250684670169));
#10626=DIRECTION('',(0.,0.939692620785908,0.342020143325669));
#10627=DIRECTION('',(0.,-0.939692620785908,-0.342020143325669));
#10628=DIRECTION('',(-0.965925826289068,0.,0.258819045102521));
#10629=DIRECTION('',(0.,1.,0.));
#10630=DIRECTION('',(1.,0.,0.));
#10631=DIRECTION('',(0.,0.,-1.));
#10632=DIRECTION('',(0.,0.,-1.));
#10633=DIRECTION('',(0.,1.,0.));
#10634=DIRECTION('',(1.,0.,0.));
#10635=DIRECTION('',(0.,0.,-1.));
#10636=DIRECTION('',(-0.965925826289068,0.,0.258819045102521));
#10637=DIRECTION('',(0.965925826289068,0.,0.258819045102521));
#10638=DIRECTION('',(0.,0.,-1.));
#10639=DIRECTION('',(0.24416888505968,0.33166812517464,-0.911250684670169));
#10640=DIRECTION('',(0.,0.939692620785908,0.342020143325669));
#10641=DIRECTION('',(0.,-0.939692620785908,-0.342020143325669));
#10642=DIRECTION('',(0.,-0.939692620785908,-0.342020143325669));
#10643=DIRECTION('',(0.965925826289068,0.,0.258819045102521));
#10644=DIRECTION('',(-0.24416888505968,0.331668125174639,0.91125068467017));
#10645=DIRECTION('',(0.,-0.939692620785909,0.342020143325668));
#10646=DIRECTION('',(0.,0.939692620785909,-0.342020143325668));
#10647=DIRECTION('',(0.965925826289068,0.,0.258819045102521));
#10648=DIRECTION('',(0.,0.939692620785909,-0.342020143325668));
#10649=DIRECTION('',(0.965925826289068,0.,0.258819045102521));
#10650=DIRECTION('',(0.24416888505968,0.331668125174639,0.91125068467017));
#10651=DIRECTION('',(0.,-0.939692620785909,0.342020143325668));
#10652=DIRECTION('',(0.,0.939692620785909,-0.342020143325668));
#10653=DIRECTION('',(-0.965925826289068,0.,0.258819045102521));
#10654=DIRECTION('',(-0.965925826289068,0.,0.258819045102521));
#10655=DIRECTION('',(-0.24416888505968,0.33166812517464,-0.911250684670169));
#10656=DIRECTION('',(0.,0.939692620785908,0.342020143325669));
#10657=DIRECTION('',(0.,-0.939692620785908,-0.342020143325669));
#10658=DIRECTION('',(-0.965925826289068,0.,0.258819045102521));
#10659=DIRECTION('',(0.,1.,0.));
#10660=DIRECTION('',(1.,0.,0.));
#10661=DIRECTION('',(0.,0.,-1.));
#10662=DIRECTION('',(0.,0.,-1.));
#10663=DIRECTION('',(0.,1.,0.));
#10664=DIRECTION('',(1.,0.,0.));
#10665=DIRECTION('',(0.,0.,-1.));
#10666=DIRECTION('',(-0.965925826289068,0.,0.258819045102521));
#10667=DIRECTION('',(0.965925826289068,0.,0.258819045102521));
#10668=DIRECTION('',(0.,0.,-1.));
#10669=DIRECTION('',(0.24416888505968,0.33166812517464,-0.911250684670169));
#10670=DIRECTION('',(0.,0.939692620785908,0.342020143325669));
#10671=DIRECTION('',(0.,-0.939692620785908,-0.342020143325669));
#10672=DIRECTION('',(0.,-0.939692620785908,-0.342020143325669));
#10673=DIRECTION('',(0.965925826289068,0.,0.258819045102521));
#10674=DIRECTION('',(-0.24416888505968,0.331668125174639,0.91125068467017));
#10675=DIRECTION('',(0.,-0.939692620785909,0.342020143325668));
#10676=DIRECTION('',(0.,0.939692620785909,-0.342020143325668));
#10677=DIRECTION('',(0.965925826289068,0.,0.258819045102521));
#10678=DIRECTION('',(0.,0.939692620785909,-0.342020143325668));
#10679=DIRECTION('',(0.965925826289068,0.,0.258819045102521));
#10680=DIRECTION('',(0.24416888505968,0.331668125174639,0.91125068467017));
#10681=DIRECTION('',(0.,-0.939692620785909,0.342020143325668));
#10682=DIRECTION('',(0.,0.939692620785909,-0.342020143325668));
#10683=DIRECTION('',(-0.965925826289068,0.,0.258819045102521));
#10684=DIRECTION('',(-0.965925826289068,0.,0.258819045102521));
#10685=DIRECTION('',(-0.24416888505968,0.33166812517464,-0.911250684670169));
#10686=DIRECTION('',(0.,0.939692620785908,0.342020143325669));
#10687=DIRECTION('',(0.,-0.939692620785908,-0.342020143325669));
#10688=DIRECTION('',(-0.965925826289068,0.,0.258819045102521));
#10689=DIRECTION('',(0.,1.,0.));
#10690=DIRECTION('',(1.,0.,0.));
#10691=DIRECTION('',(0.,0.,-1.));
#10692=DIRECTION('',(0.,0.,-1.));
#10693=DIRECTION('',(0.,1.,0.));
#10694=DIRECTION('',(1.,0.,0.));
#10695=DIRECTION('',(0.,0.,-1.));
#10696=DIRECTION('',(-0.965925826289068,0.,0.258819045102521));
#10697=DIRECTION('',(0.965925826289068,0.,0.258819045102521));
#10698=DIRECTION('',(0.,0.,-1.));
#10699=DIRECTION('',(0.24416888505968,0.33166812517464,-0.911250684670169));
#10700=DIRECTION('',(0.,0.939692620785908,0.342020143325669));
#10701=DIRECTION('',(0.,-0.939692620785908,-0.342020143325669));
#10702=DIRECTION('',(0.,-0.939692620785908,-0.342020143325669));
#10703=DIRECTION('',(0.965925826289068,0.,0.258819045102521));
#10704=DIRECTION('',(-0.24416888505968,0.331668125174639,0.91125068467017));
#10705=DIRECTION('',(0.,-0.939692620785909,0.342020143325668));
#10706=DIRECTION('',(0.,0.939692620785909,-0.342020143325668));
#10707=DIRECTION('',(0.965925826289068,0.,0.258819045102521));
#10708=DIRECTION('',(0.,0.939692620785909,-0.342020143325668));
#10709=DIRECTION('',(0.965925826289068,0.,0.258819045102521));
#10710=DIRECTION('',(0.24416888505968,0.331668125174639,0.91125068467017));
#10711=DIRECTION('',(0.,-0.939692620785909,0.342020143325668));
#10712=DIRECTION('',(0.,0.939692620785909,-0.342020143325668));
#10713=DIRECTION('',(-0.965925826289068,0.,0.258819045102521));
#10714=DIRECTION('',(-0.965925826289068,0.,0.258819045102521));
#10715=DIRECTION('',(-0.24416888505968,0.33166812517464,-0.911250684670169));
#10716=DIRECTION('',(0.,0.939692620785908,0.342020143325669));
#10717=DIRECTION('',(0.,-0.939692620785908,-0.342020143325669));
#10718=DIRECTION('',(-0.965925826289068,0.,0.258819045102521));
#10719=DIRECTION('',(0.,1.,0.));
#10720=DIRECTION('',(1.,0.,0.));
#10721=DIRECTION('',(0.,0.,-1.));
#10722=DIRECTION('',(0.,0.,-1.));
#10723=DIRECTION('',(0.,1.,0.));
#10724=DIRECTION('',(1.,0.,0.));
#10725=DIRECTION('',(0.,0.,-1.));
#10726=DIRECTION('',(-0.965925826289068,0.,0.258819045102521));
#10727=DIRECTION('',(0.965925826289068,0.,0.258819045102521));
#10728=DIRECTION('',(0.,0.,-1.));
#10729=DIRECTION('',(0.24416888505968,0.33166812517464,-0.911250684670169));
#10730=DIRECTION('',(0.,0.939692620785908,0.342020143325669));
#10731=DIRECTION('',(0.,-0.939692620785908,-0.342020143325669));
#10732=DIRECTION('',(0.,-0.939692620785908,-0.342020143325669));
#10733=DIRECTION('',(0.965925826289068,0.,0.258819045102521));
#10734=DIRECTION('',(-0.24416888505968,0.331668125174639,0.91125068467017));
#10735=DIRECTION('',(0.,-0.939692620785909,0.342020143325668));
#10736=DIRECTION('',(0.,0.939692620785909,-0.342020143325668));
#10737=DIRECTION('',(0.965925826289068,0.,0.258819045102521));
#10738=DIRECTION('',(0.,0.939692620785909,-0.342020143325668));
#10739=DIRECTION('',(0.965925826289068,0.,0.258819045102521));
#10740=DIRECTION('',(0.24416888505968,0.331668125174639,0.91125068467017));
#10741=DIRECTION('',(0.,-0.939692620785909,0.342020143325668));
#10742=DIRECTION('',(0.,0.939692620785909,-0.342020143325668));
#10743=DIRECTION('',(-0.965925826289068,0.,0.258819045102521));
#10744=DIRECTION('',(-0.965925826289068,0.,0.258819045102521));
#10745=DIRECTION('',(-0.24416888505968,0.33166812517464,-0.911250684670169));
#10746=DIRECTION('',(0.,0.939692620785908,0.342020143325669));
#10747=DIRECTION('',(0.,-0.939692620785908,-0.342020143325669));
#10748=DIRECTION('',(-0.965925826289068,0.,0.258819045102521));
#10749=DIRECTION('',(0.,1.,0.));
#10750=DIRECTION('',(1.,0.,0.));
#10751=DIRECTION('',(0.,0.,-1.));
#10752=DIRECTION('',(0.,0.,-1.));
#10753=DIRECTION('',(0.,1.,0.));
#10754=DIRECTION('',(1.,0.,0.));
#10755=DIRECTION('',(0.,0.,-1.));
#10756=DIRECTION('',(-0.965925826289068,0.,0.258819045102521));
#10757=DIRECTION('',(0.965925826289068,0.,0.258819045102521));
#10758=DIRECTION('',(0.,0.,-1.));
#10759=DIRECTION('',(0.24416888505968,0.33166812517464,-0.911250684670169));
#10760=DIRECTION('',(0.,0.939692620785908,0.342020143325669));
#10761=DIRECTION('',(0.,-0.939692620785908,-0.342020143325669));
#10762=DIRECTION('',(0.,-0.939692620785908,-0.342020143325669));
#10763=DIRECTION('',(0.965925826289068,0.,0.258819045102521));
#10764=DIRECTION('',(-0.24416888505968,0.331668125174639,0.91125068467017));
#10765=DIRECTION('',(0.,-0.939692620785909,0.342020143325668));
#10766=DIRECTION('',(0.,0.939692620785909,-0.342020143325668));
#10767=DIRECTION('',(0.965925826289068,0.,0.258819045102521));
#10768=DIRECTION('',(0.,0.939692620785909,-0.342020143325668));
#10769=DIRECTION('',(0.965925826289068,0.,0.258819045102521));
#10770=DIRECTION('',(0.24416888505968,0.331668125174639,0.91125068467017));
#10771=DIRECTION('',(0.,-0.939692620785909,0.342020143325668));
#10772=DIRECTION('',(0.,0.939692620785909,-0.342020143325668));
#10773=DIRECTION('',(-0.965925826289068,0.,0.258819045102521));
#10774=DIRECTION('',(-0.965925826289068,0.,0.258819045102521));
#10775=DIRECTION('',(-0.24416888505968,0.33166812517464,-0.911250684670169));
#10776=DIRECTION('',(0.,0.939692620785908,0.342020143325669));
#10777=DIRECTION('',(0.,-0.939692620785908,-0.342020143325669));
#10778=DIRECTION('',(-0.965925826289068,0.,0.258819045102521));
#10779=DIRECTION('',(0.,1.,0.));
#10780=DIRECTION('',(1.,0.,0.));
#10781=DIRECTION('',(0.,0.,-1.));
#10782=DIRECTION('',(0.,0.,-1.));
#10783=DIRECTION('',(0.,1.,0.));
#10784=DIRECTION('',(1.,0.,0.));
#10785=DIRECTION('',(0.,0.,-1.));
#10786=DIRECTION('',(-0.965925826289068,0.,0.258819045102521));
#10787=DIRECTION('',(0.965925826289068,0.,0.258819045102521));
#10788=DIRECTION('',(0.,0.,-1.));
#10789=DIRECTION('',(0.24416888505968,0.33166812517464,-0.911250684670169));
#10790=DIRECTION('',(0.,0.939692620785908,0.342020143325669));
#10791=DIRECTION('',(0.,-0.939692620785908,-0.342020143325669));
#10792=DIRECTION('',(0.,-0.939692620785908,-0.342020143325669));
#10793=DIRECTION('',(0.965925826289068,0.,0.258819045102521));
#10794=DIRECTION('',(-0.24416888505968,0.331668125174639,0.91125068467017));
#10795=DIRECTION('',(0.,-0.939692620785909,0.342020143325668));
#10796=DIRECTION('',(0.,0.939692620785909,-0.342020143325668));
#10797=DIRECTION('',(0.965925826289068,0.,0.258819045102521));
#10798=DIRECTION('',(0.,0.939692620785909,-0.342020143325668));
#10799=DIRECTION('',(0.965925826289068,0.,0.258819045102521));
#10800=DIRECTION('',(0.24416888505968,0.331668125174639,0.91125068467017));
#10801=DIRECTION('',(0.,-0.939692620785909,0.342020143325668));
#10802=DIRECTION('',(0.,0.939692620785909,-0.342020143325668));
#10803=DIRECTION('',(-0.965925826289068,0.,0.258819045102521));
#10804=DIRECTION('',(-0.965925826289068,0.,0.258819045102521));
#10805=DIRECTION('',(-0.24416888505968,0.33166812517464,-0.911250684670169));
#10806=DIRECTION('',(0.,0.939692620785908,0.342020143325669));
#10807=DIRECTION('',(0.,-0.939692620785908,-0.342020143325669));
#10808=DIRECTION('',(-0.965925826289068,0.,0.258819045102521));
#10809=DIRECTION('',(0.,1.,0.));
#10810=DIRECTION('',(1.,0.,0.));
#10811=DIRECTION('',(0.,0.,-1.));
#10812=DIRECTION('',(0.,0.,-1.));
#10813=DIRECTION('',(0.,1.,0.));
#10814=DIRECTION('',(1.,0.,0.));
#10815=DIRECTION('',(0.,0.,-1.));
#10816=DIRECTION('',(-0.965925826289068,0.,0.258819045102521));
#10817=DIRECTION('',(0.965925826289068,0.,0.258819045102521));
#10818=DIRECTION('',(0.,0.,-1.));
#10819=DIRECTION('',(0.24416888505968,0.33166812517464,-0.911250684670169));
#10820=DIRECTION('',(0.,0.939692620785908,0.342020143325669));
#10821=DIRECTION('',(0.,-0.939692620785908,-0.342020143325669));
#10822=DIRECTION('',(0.,-0.939692620785908,-0.342020143325669));
#10823=DIRECTION('',(0.965925826289068,0.,0.258819045102521));
#10824=DIRECTION('',(-0.24416888505968,0.331668125174639,0.91125068467017));
#10825=DIRECTION('',(0.,-0.939692620785909,0.342020143325668));
#10826=DIRECTION('',(0.,0.939692620785909,-0.342020143325668));
#10827=DIRECTION('',(0.965925826289068,0.,0.258819045102521));
#10828=DIRECTION('',(0.,0.939692620785909,-0.342020143325668));
#10829=DIRECTION('',(0.965925826289068,0.,0.258819045102521));
#10830=DIRECTION('',(0.24416888505968,0.331668125174639,0.91125068467017));
#10831=DIRECTION('',(0.,-0.939692620785909,0.342020143325668));
#10832=DIRECTION('',(0.,0.939692620785909,-0.342020143325668));
#10833=DIRECTION('',(-0.965925826289068,0.,0.258819045102521));
#10834=DIRECTION('',(-0.965925826289068,0.,0.258819045102521));
#10835=DIRECTION('',(-0.24416888505968,0.33166812517464,-0.911250684670169));
#10836=DIRECTION('',(0.,0.939692620785908,0.342020143325669));
#10837=DIRECTION('',(0.,-0.939692620785908,-0.342020143325669));
#10838=DIRECTION('',(-0.965925826289068,0.,0.258819045102521));
#10839=DIRECTION('',(0.,1.,0.));
#10840=DIRECTION('',(1.,0.,0.));
#10841=DIRECTION('',(0.,0.,-1.));
#10842=DIRECTION('',(0.,0.,-1.));
#10843=DIRECTION('',(0.,1.,0.));
#10844=DIRECTION('',(1.,0.,0.));
#10845=DIRECTION('',(0.,0.,-1.));
#10846=DIRECTION('',(-0.965925826289068,0.,0.258819045102521));
#10847=DIRECTION('',(0.965925826289068,0.,0.258819045102521));
#10848=DIRECTION('',(0.,0.,-1.));
#10849=DIRECTION('',(0.24416888505968,0.33166812517464,-0.911250684670169));
#10850=DIRECTION('',(0.,0.939692620785908,0.342020143325669));
#10851=DIRECTION('',(0.,-0.939692620785908,-0.342020143325669));
#10852=DIRECTION('',(0.,-0.939692620785908,-0.342020143325669));
#10853=DIRECTION('',(0.965925826289068,0.,0.258819045102521));
#10854=DIRECTION('',(-0.24416888505968,0.331668125174639,0.91125068467017));
#10855=DIRECTION('',(0.,-0.939692620785909,0.342020143325668));
#10856=DIRECTION('',(0.,0.939692620785909,-0.342020143325668));
#10857=DIRECTION('',(0.965925826289068,0.,0.258819045102521));
#10858=DIRECTION('',(0.,0.939692620785909,-0.342020143325668));
#10859=DIRECTION('',(0.965925826289068,0.,0.258819045102521));
#10860=DIRECTION('',(0.24416888505968,0.331668125174639,0.91125068467017));
#10861=DIRECTION('',(0.,-0.939692620785909,0.342020143325668));
#10862=DIRECTION('',(0.,0.939692620785909,-0.342020143325668));
#10863=DIRECTION('',(-0.965925826289068,0.,0.258819045102521));
#10864=DIRECTION('',(-0.965925826289068,0.,0.258819045102521));
#10865=DIRECTION('',(-0.24416888505968,0.33166812517464,-0.911250684670169));
#10866=DIRECTION('',(0.,0.939692620785908,0.342020143325669));
#10867=DIRECTION('',(0.,-0.939692620785908,-0.342020143325669));
#10868=DIRECTION('',(-0.965925826289068,0.,0.258819045102521));
#10869=DIRECTION('',(0.,1.,0.));
#10870=DIRECTION('',(1.,0.,0.));
#10871=DIRECTION('',(0.,0.,-1.));
#10872=DIRECTION('',(0.,0.,-1.));
#10873=DIRECTION('',(0.,1.,0.));
#10874=DIRECTION('',(1.,0.,0.));
#10875=DIRECTION('',(0.,0.,-1.));
#10876=DIRECTION('',(-0.965925826289068,0.,0.258819045102521));
#10877=DIRECTION('',(0.965925826289068,0.,0.258819045102521));
#10878=DIRECTION('',(0.,0.,-1.));
#10879=DIRECTION('',(0.24416888505968,0.33166812517464,-0.911250684670169));
#10880=DIRECTION('',(0.,0.939692620785908,0.342020143325669));
#10881=DIRECTION('',(0.,-0.939692620785908,-0.342020143325669));
#10882=DIRECTION('',(0.,-0.939692620785908,-0.342020143325669));
#10883=DIRECTION('',(0.965925826289068,0.,0.258819045102521));
#10884=DIRECTION('',(-0.24416888505968,0.331668125174639,0.91125068467017));
#10885=DIRECTION('',(0.,-0.939692620785909,0.342020143325668));
#10886=DIRECTION('',(0.,0.939692620785909,-0.342020143325668));
#10887=DIRECTION('',(0.965925826289068,0.,0.258819045102521));
#10888=DIRECTION('',(0.,0.939692620785909,-0.342020143325668));
#10889=DIRECTION('',(0.965925826289068,0.,0.258819045102521));
#10890=DIRECTION('',(0.24416888505968,0.331668125174639,0.91125068467017));
#10891=DIRECTION('',(0.,-0.939692620785909,0.342020143325668));
#10892=DIRECTION('',(0.,0.939692620785909,-0.342020143325668));
#10893=DIRECTION('',(-0.965925826289068,0.,0.258819045102521));
#10894=DIRECTION('',(-0.965925826289068,0.,0.258819045102521));
#10895=DIRECTION('',(-0.24416888505968,0.33166812517464,-0.911250684670169));
#10896=DIRECTION('',(0.,0.939692620785908,0.342020143325669));
#10897=DIRECTION('',(0.,-0.939692620785908,-0.342020143325669));
#10898=DIRECTION('',(-0.965925826289068,0.,0.258819045102521));
#10899=DIRECTION('',(0.,1.,0.));
#10900=DIRECTION('',(1.,0.,0.));
#10901=DIRECTION('',(0.,0.,-1.));
#10902=DIRECTION('',(0.,0.,-1.));
#10903=DIRECTION('',(0.,1.,0.));
#10904=DIRECTION('',(1.,0.,0.));
#10905=DIRECTION('',(0.,0.,-1.));
#10906=DIRECTION('',(-0.965925826289068,0.,0.258819045102521));
#10907=DIRECTION('',(0.965925826289068,0.,0.258819045102521));
#10908=DIRECTION('',(0.,0.,-1.));
#10909=DIRECTION('',(0.24416888505968,0.33166812517464,-0.911250684670169));
#10910=DIRECTION('',(0.,0.939692620785908,0.342020143325669));
#10911=DIRECTION('',(0.,-0.939692620785908,-0.342020143325669));
#10912=DIRECTION('',(0.,-0.939692620785908,-0.342020143325669));
#10913=DIRECTION('',(0.965925826289068,0.,0.258819045102521));
#10914=DIRECTION('',(-0.24416888505968,0.331668125174639,0.91125068467017));
#10915=DIRECTION('',(0.,-0.939692620785909,0.342020143325668));
#10916=DIRECTION('',(0.,0.939692620785909,-0.342020143325668));
#10917=DIRECTION('',(0.965925826289068,0.,0.258819045102521));
#10918=DIRECTION('',(0.,0.939692620785909,-0.342020143325668));
#10919=DIRECTION('',(0.965925826289068,0.,0.258819045102521));
#10920=DIRECTION('',(0.24416888505968,0.331668125174639,0.91125068467017));
#10921=DIRECTION('',(0.,-0.939692620785909,0.342020143325668));
#10922=DIRECTION('',(0.,0.939692620785909,-0.342020143325668));
#10923=DIRECTION('',(-0.965925826289068,0.,0.258819045102521));
#10924=DIRECTION('',(-0.965925826289068,0.,0.258819045102521));
#10925=DIRECTION('',(-0.24416888505968,0.33166812517464,-0.911250684670169));
#10926=DIRECTION('',(0.,0.939692620785908,0.342020143325669));
#10927=DIRECTION('',(0.,-0.939692620785908,-0.342020143325669));
#10928=DIRECTION('',(-0.965925826289068,0.,0.258819045102521));
#10929=DIRECTION('',(0.,1.,0.));
#10930=DIRECTION('',(1.,0.,0.));
#10931=DIRECTION('',(0.,0.,-1.));
#10932=DIRECTION('',(0.,0.,-1.));
#10933=DIRECTION('',(0.,1.,0.));
#10934=DIRECTION('',(1.,0.,0.));
#10935=DIRECTION('',(0.,0.,-1.));
#10936=DIRECTION('',(-0.965925826289068,0.,0.258819045102521));
#10937=DIRECTION('',(0.965925826289068,0.,0.258819045102521));
#10938=DIRECTION('',(0.,0.,-1.));
#10939=DIRECTION('',(0.24416888505968,0.33166812517464,-0.911250684670169));
#10940=DIRECTION('',(0.,0.939692620785908,0.342020143325669));
#10941=DIRECTION('',(0.,-0.939692620785908,-0.342020143325669));
#10942=DIRECTION('',(0.,-0.939692620785908,-0.342020143325669));
#10943=DIRECTION('',(0.965925826289068,0.,0.258819045102521));
#10944=DIRECTION('',(-0.24416888505968,0.331668125174639,0.91125068467017));
#10945=DIRECTION('',(0.,-0.939692620785909,0.342020143325668));
#10946=DIRECTION('',(0.,0.939692620785909,-0.342020143325668));
#10947=DIRECTION('',(0.965925826289068,0.,0.258819045102521));
#10948=DIRECTION('',(0.,0.939692620785909,-0.342020143325668));
#10949=DIRECTION('',(0.965925826289068,0.,0.258819045102521));
#10950=DIRECTION('',(0.24416888505968,0.331668125174639,0.91125068467017));
#10951=DIRECTION('',(0.,-0.939692620785909,0.342020143325668));
#10952=DIRECTION('',(0.,0.939692620785909,-0.342020143325668));
#10953=DIRECTION('',(-0.965925826289068,0.,0.258819045102521));
#10954=DIRECTION('',(-0.965925826289068,0.,0.258819045102521));
#10955=DIRECTION('',(-0.24416888505968,0.33166812517464,-0.911250684670169));
#10956=DIRECTION('',(0.,0.939692620785908,0.342020143325669));
#10957=DIRECTION('',(0.,-0.939692620785908,-0.342020143325669));
#10958=DIRECTION('',(-0.965925826289068,0.,0.258819045102521));
#10959=DIRECTION('',(0.,1.,0.));
#10960=DIRECTION('',(1.,0.,0.));
#10961=DIRECTION('',(0.,0.,-1.));
#10962=DIRECTION('',(0.,0.,-1.));
#10963=DIRECTION('',(0.24416888505968,0.331668125174639,0.91125068467017));
#10964=DIRECTION('',(0.,-0.939692620785909,0.342020143325668));
#10965=DIRECTION('',(0.,0.939692620785909,-0.342020143325668));
#10966=DIRECTION('',(-0.965925826289068,0.,0.258819045102521));
#10967=DIRECTION('',(0.,0.939692620785909,-0.342020143325668));
#10968=DIRECTION('',(-0.965925826289068,0.,0.258819045102521));
#10969=DIRECTION('',(0.,1.,0.));
#10970=DIRECTION('',(1.,0.,0.));
#10971=DIRECTION('',(0.,0.,-1.));
#10972=DIRECTION('',(-0.965925826289068,0.,0.258819045102521));
#10973=DIRECTION('',(0.965925826289068,0.,0.258819045102521));
#10974=DIRECTION('',(0.,0.,-1.));
#10975=DIRECTION('',(0.965925826289068,0.,0.258819045102521));
#10976=DIRECTION('',(-0.258819045102521,0.,-0.965925826289068));
#10977=DIRECTION('',(-0.965925826289068,0.,0.258819045102521));
#10978=DIRECTION('',(0.,-1.,0.));
#10979=DIRECTION('',(-0.965925826289068,0.,0.258819045102521));
#10980=DIRECTION('',(0.,-1.,0.));
#10981=DIRECTION('',(0.,1.,0.));
#10982=DIRECTION('',(1.,0.,0.));
#10983=DIRECTION('',(0.,0.,-1.));
#10984=DIRECTION('',(-0.965925826289068,0.,0.258819045102521));
#10985=DIRECTION('',(0.965925826289068,0.,0.258819045102521));
#10986=DIRECTION('',(0.,0.,-1.));
#10987=DIRECTION('',(0.965925826289068,0.,0.258819045102521));
#10988=DIRECTION('',(-0.258819045102521,0.,-0.965925826289068));
#10989=DIRECTION('',(-0.965925826289068,0.,0.258819045102521));
#10990=DIRECTION('',(0.,-1.,0.));
#10991=DIRECTION('',(0.,-1.,0.));
#10992=DIRECTION('',(0.,1.,0.));
#10993=DIRECTION('',(1.,0.,0.));
#10994=DIRECTION('',(0.,0.,-1.));
#10995=DIRECTION('',(-0.965925826289068,0.,0.258819045102521));
#10996=DIRECTION('',(0.965925826289068,0.,0.258819045102521));
#10997=DIRECTION('',(0.,0.,-1.));
#10998=DIRECTION('',(-0.24416888505968,0.33166812517464,-0.911250684670169));
#10999=DIRECTION('',(0.,0.939692620785908,0.342020143325669));
#11000=DIRECTION('',(0.,-0.939692620785908,-0.342020143325669));
#11001=DIRECTION('',(-0.965925826289068,0.,0.258819045102521));
#11002=DIRECTION('',(0.,-0.939692620785908,-0.342020143325669));
#11003=DIRECTION('',(0.,1.,0.));
#11004=DIRECTION('',(1.,0.,0.));
#11005=DIRECTION('',(0.,0.,-1.));
#11006=DIRECTION('',(0.965925826289068,0.,0.258819045102521));
#11007=DIRECTION('',(0.,0.,-1.));
#11008=DIRECTION('',(0.965925826289068,0.,0.258819045102521));
#11009=DIRECTION('',(1.,0.,0.));
#11010=DIRECTION('',(0.,0.,-1.));
#11011=DIRECTION('',(-0.24416888505968,0.331668125174639,0.91125068467017));
#11012=DIRECTION('',(0.,-0.939692620785909,0.342020143325668));
#11013=DIRECTION('',(0.,0.939692620785909,-0.342020143325668));
#11014=DIRECTION('',(0.258819045102521,0.,-0.965925826289068));
#11015=DIRECTION('',(0.965925826289068,0.,0.258819045102521));
#11016=DIRECTION('',(0.,-1.,0.));
#11017=DIRECTION('',(0.258819045102521,0.,-0.965925826289068));
#11018=DIRECTION('',(0.965925826289068,0.,0.258819045102521));
#11019=DIRECTION('',(0.,-1.,0.));
#11020=DIRECTION('',(0.24416888505968,0.33166812517464,-0.911250684670169));
#11021=DIRECTION('',(0.,0.939692620785908,0.342020143325669));
#11022=DIRECTION('',(0.,-0.939692620785908,-0.342020143325669));
#11023=DIRECTION('',(-1.,0.,0.));
#11024=DIRECTION('',(0.,0.,-1.));
#11025=DIRECTION('',(0.,0.,1.));
#11026=DIRECTION('',(1.,0.,0.));
#11027=DIRECTION('',(0.,0.,1.));
#11028=DIRECTION('',(0.,-1.,0.));
#11029=DIRECTION('',(0.916666666666667,0.399652626942726,0.));
#11030=DIRECTION('',(0.,0.,1.));
#11031=DIRECTION('',(0.,-1.,0.));
#11032=DIRECTION('',(-0.808823529411765,0.588051441856829,0.));
#11033=DIRECTION('',(0.,0.,1.));
#11034=DIRECTION('',(0.,-1.,0.));
#11035=DIRECTION('',(0.,0.,1.));
#11036=DIRECTION('',(0.,-1.,0.));
#11037=DIRECTION('',(-0.916666666666667,0.399652626942726,0.));
#11038=DIRECTION('',(0.,0.,1.));
#11039=DIRECTION('',(0.,-1.,0.));
#11040=DIRECTION('',(-1.,0.,0.));
#11041=DIRECTION('',(0.,0.,1.));
#11042=DIRECTION('',(0.,-1.,0.));
#11043=DIRECTION('',(0.,0.,1.));
#11044=DIRECTION('',(0.,-1.,0.));
#11045=DIRECTION('',(0.909685477156546,-0.415297884235482,0.));
#11046=DIRECTION('',(0.,0.,1.));
#11047=DIRECTION('',(0.,-1.,0.));
#11048=DIRECTION('',(-1.,0.,0.));
#11049=DIRECTION('',(0.,0.,1.));
#11050=DIRECTION('',(0.,-1.,0.));
#11051=DIRECTION('',(0.,0.,1.));
#11052=DIRECTION('',(0.,-1.,0.));
#11053=DIRECTION('',(0.,0.,1.));
#11054=DIRECTION('',(0.,-1.,0.));
#11055=DIRECTION('',(0.707037001592061,-0.707176553895637,0.));
#11056=DIRECTION('',(0.,0.,1.));
#11057=DIRECTION('',(0.,-1.,0.));
#11058=DIRECTION('',(0.435482831728263,-0.900197035803792,0.));
#11059=DIRECTION('',(0.,0.,1.));
#11060=DIRECTION('',(0.,-1.,0.));
#11061=DIRECTION('',(-0.435482831728263,-0.900197035803792,0.));
#11062=DIRECTION('',(0.,0.,1.));
#11063=DIRECTION('',(0.,-1.,0.));
#11064=DIRECTION('',(0.,-1.,0.));
#11065=DIRECTION('',(0.,0.,1.));
#11066=DIRECTION('',(0.,-1.,0.));
#11067=DIRECTION('',(0.,0.,1.));
#11068=DIRECTION('',(0.,-1.,0.));
#11069=DIRECTION('',(0.,0.,1.));
#11070=DIRECTION('',(0.,-1.,0.));
#11071=DIRECTION('',(-0.707037001592061,-0.707176553895637,0.));
#11072=DIRECTION('',(0.,0.,1.));
#11073=DIRECTION('',(0.,-1.,0.));
#11074=DIRECTION('',(-0.909685477156546,-0.415297884235482,0.));
#11075=DIRECTION('',(0.,0.,1.));
#11076=DIRECTION('',(0.,-1.,0.));
#11077=DIRECTION('',(0.,0.,1.));
#11078=DIRECTION('',(0.,-1.,0.));
#11079=DIRECTION('',(0.,0.,1.));
#11080=DIRECTION('',(0.,0.,1.));
#11081=DIRECTION('',(0.,-1.,0.));
#11082=DIRECTION('',(0.,0.,1.));
#11083=DIRECTION('',(0.,0.,1.));
#11084=DIRECTION('',(0.,-1.,0.));
#11085=DIRECTION('',(0.,0.,1.));
#11086=DIRECTION('',(0.,0.,1.));
#11087=DIRECTION('',(0.,-1.,0.));
#11088=DIRECTION('',(0.,0.,1.));
#11089=DIRECTION('',(0.,0.,1.));
#11090=DIRECTION('',(0.,-1.,0.));
#11091=DIRECTION('',(0.,0.,1.));
#11092=DIRECTION('',(0.,0.,1.));
#11093=DIRECTION('',(0.,-1.,0.));
#11094=DIRECTION('',(0.,0.,1.));
#11095=DIRECTION('',(0.,0.,1.));
#11096=DIRECTION('',(0.,-1.,0.));
#11097=DIRECTION('',(0.,0.,1.));
#11098=DIRECTION('',(0.,0.,1.));
#11099=DIRECTION('',(0.,-1.,0.));
#11100=DIRECTION('',(0.,0.,1.));
#11101=DIRECTION('',(0.,0.,1.));
#11102=DIRECTION('',(0.,-1.,0.));
#11103=DIRECTION('',(0.,0.,1.));
#11104=DIRECTION('',(0.,0.,1.));
#11105=DIRECTION('',(0.,-1.,0.));
#11106=DIRECTION('',(0.,0.,1.));
#11107=DIRECTION('',(0.,0.,1.));
#11108=DIRECTION('',(0.,-1.,0.));
#11109=DIRECTION('',(0.,0.,1.));
#11110=DIRECTION('',(0.,0.,1.));
#11111=DIRECTION('',(0.,-1.,0.));
#11112=DIRECTION('',(0.,0.,1.));
#11113=DIRECTION('',(0.,0.,1.));
#11114=DIRECTION('',(0.,-1.,0.));
#11115=DIRECTION('',(0.,0.,-1.));
#11116=DIRECTION('',(0.,0.,-1.));
#11117=DIRECTION('',(0.,0.,1.));
#11118=DIRECTION('',(0.,-1.,0.));
#11119=DIRECTION('',(0.,0.,-1.));
#11120=DIRECTION('',(0.,0.,1.));
#11121=DIRECTION('',(0.,0.,1.));
#11122=DIRECTION('',(0.,0.,1.));
#11123=DIRECTION('',(0.,-1.,0.));
#11124=DIRECTION('',(0.,0.,-1.));
#11125=DIRECTION('',(0.,0.,-1.));
#11126=DIRECTION('',(0.,0.,1.));
#11127=DIRECTION('',(0.,-1.,0.));
#11128=DIRECTION('',(0.,0.,-1.));
#11129=DIRECTION('',(0.999999466257832,0.,-0.00103319119753875));
#11130=DIRECTION('',(0.00103319119753875,0.,0.999999466257832));
#11131=DIRECTION('',(0.999999466257832,0.,-0.00103319119753875));
#11132=DIRECTION('',(0.00103319119753875,0.,0.999999466257832));
#11133=DIRECTION('',(0.,0.,1.));
#11134=DIRECTION('',(0.,-1.,0.));
#11135=DIRECTION('',(0.,0.,-1.));
#11136=DIRECTION('',(0.,0.,-1.));
#11137=DIRECTION('',(0.,-1.,0.));
#11138=DIRECTION('',(0.,0.,-1.));
#11139=DIRECTION('',(0.,0.,-1.));
#11140=DIRECTION('',(0.,0.,-1.));
#11141=DIRECTION('',(0.,-1.,0.));
#11142=DIRECTION('',(0.,0.,-1.));
#11143=DIRECTION('',(0.,0.,1.));
#11144=DIRECTION('',(0.,0.,1.));
#11145=DIRECTION('',(0.,0.,1.));
#11146=DIRECTION('',(0.,-1.,0.));
#11147=DIRECTION('',(0.,0.,1.));
#11148=DIRECTION('',(0.,-1.,0.));
#11149=DIRECTION('',(0.,0.,1.));
#11150=DIRECTION('',(0.,0.,1.));
#11151=DIRECTION('',(0.,-1.,0.));
#11152=DIRECTION('',(0.,0.,1.));
#11153=DIRECTION('',(0.,0.,1.));
#11154=DIRECTION('',(0.,-1.,0.));
#11155=DIRECTION('',(0.,0.,1.));
#11156=DIRECTION('',(0.,0.,1.));
#11157=DIRECTION('',(0.,-1.,0.));
#11158=DIRECTION('',(0.,0.,1.));
#11159=DIRECTION('',(0.,0.,1.));
#11160=DIRECTION('',(0.,-1.,0.));
#11161=DIRECTION('',(0.,0.,1.));
#11162=DIRECTION('',(0.,0.,1.));
#11163=DIRECTION('',(0.,-1.,0.));
#11164=DIRECTION('',(0.,0.,1.));
#11165=DIRECTION('',(0.,0.,1.));
#11166=DIRECTION('',(0.,-1.,0.));
#11167=DIRECTION('',(0.,0.,1.));
#11168=DIRECTION('',(0.,0.,1.));
#11169=DIRECTION('',(0.,-1.,0.));
#11170=DIRECTION('',(0.,0.,1.));
#11171=DIRECTION('',(0.,0.,1.));
#11172=DIRECTION('',(0.,-1.,0.));
#11173=DIRECTION('',(0.,0.,1.));
#11174=DIRECTION('',(0.,0.,1.));
#11175=DIRECTION('',(0.,-1.,0.));
#11176=DIRECTION('',(0.,0.,1.));
#11177=DIRECTION('',(0.,0.,1.));
#11178=DIRECTION('',(0.,-1.,0.));
#11179=DIRECTION('',(0.,0.,1.));
#11180=DIRECTION('',(0.,0.,1.));
#11181=DIRECTION('',(0.,-1.,0.));
#11182=DIRECTION('',(0.,0.,1.));
#11183=DIRECTION('',(0.,0.,1.));
#11184=DIRECTION('',(0.,-1.,0.));
#11185=DIRECTION('',(0.,0.,1.));
#11186=DIRECTION('',(0.,0.,1.));
#11187=DIRECTION('',(0.,0.,-1.));
#11188=DIRECTION('',(0.,0.,-1.));
#11189=DIRECTION('',(0.,-1.,0.));
#11190=DIRECTION('',(0.,0.,-1.));
#11191=DIRECTION('',(0.,0.,-1.));
#11192=DIRECTION('',(0.,0.,-1.));
#11193=DIRECTION('',(0.,-1.,0.));
#11194=DIRECTION('',(0.,0.,-1.));
#11195=DIRECTION('',(0.,0.,1.));
#11196=DIRECTION('',(0.,-1.,0.));
#11197=DIRECTION('',(0.999999466257832,0.,-0.00103319119753875));
#11198=DIRECTION('',(0.00103319119753875,0.,0.999999466257832));
#11199=DIRECTION('',(0.999999466257832,0.,-0.00103319119753875));
#11200=DIRECTION('',(0.00103319119753875,0.,0.999999466257832));
#11201=DIRECTION('',(0.,0.,-1.));
#11202=DIRECTION('',(0.,0.,1.));
#11203=DIRECTION('',(0.,-1.,0.));
#11204=DIRECTION('',(0.,0.,-1.));
#11205=DIRECTION('',(0.,0.,-1.));
#11206=DIRECTION('',(0.,0.,1.));
#11207=DIRECTION('',(0.,-1.,0.));
#11208=DIRECTION('',(0.,0.,1.));
#11209=DIRECTION('',(0.,0.,1.));
#11210=DIRECTION('',(0.,0.,-1.));
#11211=DIRECTION('',(0.,0.,1.));
#11212=DIRECTION('',(0.,-1.,0.));
#11213=DIRECTION('',(0.,0.,-1.));
#11214=DIRECTION('',(0.,0.,-1.));
#11215=DIRECTION('',(0.,0.,1.));
#11216=DIRECTION('',(0.,-1.,0.));
#11217=DIRECTION('',(0.866025403784439,-0.5,0.));
#11218=DIRECTION('',(1.,2.20958293605198E-16,0.));
#11219=DIRECTION('',(0.,0.,1.));
#11220=DIRECTION('',(0.,-1.,0.));
#11221=DIRECTION('',(0.5,-0.866025403784439,0.));
#11222=DIRECTION('',(-1.10479146802599E-16,-1.,0.));
#11223=DIRECTION('',(0.,0.,1.));
#11224=DIRECTION('',(0.,-1.,0.));
#11225=DIRECTION('',(-0.5,-0.866025403784439,0.));
#11226=DIRECTION('',(-0.866025403784439,-0.5,0.));
#11227=DIRECTION('',(0.,0.,1.));
#11228=DIRECTION('',(0.,-1.,0.));
#11229=DIRECTION('',(-1.,0.,0.));
#11230=DIRECTION('',(-0.866025403784439,0.5,0.));
#11231=DIRECTION('',(0.,0.,1.));
#11232=DIRECTION('',(0.,-1.,0.));
#11233=DIRECTION('',(0.866025403784439,0.5,0.));
#11234=DIRECTION('',(0.5,0.866025403784439,0.));
#11235=DIRECTION('',(0.,-1.,-9.2292161948117E-18));
#11236=DIRECTION('',(0.,9.2292161948117E-18,-1.));
#11237=DIRECTION('',(-1.,0.,0.));
#11238=DIRECTION('',(1.,0.,0.));
#11239=DIRECTION('',(1.,0.,0.));
#11240=DIRECTION('',(0.,-1.,0.));
#11241=DIRECTION('',(1.,0.,0.));
#11242=DIRECTION('',(0.,-1.,-9.2292161948117E-18));
#11243=DIRECTION('',(0.,9.2292161948117E-18,-1.));
#11244=DIRECTION('',(0.,-1.,-9.2292161948117E-18));
#11245=DIRECTION('',(0.,9.2292161948117E-18,-1.));
#11246=DIRECTION('',(-1.,0.,0.));
#11247=DIRECTION('',(1.,0.,0.));
#11248=DIRECTION('',(1.,0.,0.));
#11249=DIRECTION('',(0.,-1.,0.));
#11250=DIRECTION('',(1.,0.,0.));
#11251=DIRECTION('',(0.,-1.,-9.2292161948117E-18));
#11252=DIRECTION('',(0.,9.2292161948117E-18,-1.));
#11253=DIRECTION('',(0.,0.,1.));
#11254=DIRECTION('',(0.,-1.,0.));
#11255=DIRECTION('',(0.,-1.,0.));
#11256=DIRECTION('',(0.,-1.,0.));
#11257=DIRECTION('',(0.999999466257832,0.,-0.00103319119753875));
#11258=DIRECTION('',(-0.00103319119753875,0.,-0.999999466257832));
#11259=DIRECTION('',(0.,1.,0.));
#11260=DIRECTION('',(0.,1.,0.));
#11261=DIRECTION('',(1.,0.,0.));
#11262=DIRECTION('',(0.,1.,0.));
#11263=DIRECTION('',(0.999999466257832,0.,-0.00103319119753875));
#11264=DIRECTION('',(-0.00103319119753875,0.,-0.999999466257832));
#11265=DIRECTION('',(0.,0.,1.));
#11266=DIRECTION('',(0.,-1.,0.));
#11267=DIRECTION('',(-0.5,0.866025403784439,0.));
#11268=DIRECTION('',(-1.10479146802599E-16,1.,0.));
#11269=DIRECTION('',(1.,1.10479146802599E-16,0.));
#11270=DIRECTION('',(1.10479146802599E-16,-1.,0.));
#11271=DIRECTION('',(-1.10479146802599E-16,1.,0.));
#11272=DIRECTION('',(0.866025403784439,-0.5,0.));
#11273=DIRECTION('',(-0.5,-0.866025403784439,0.));
#11274=DIRECTION('',(0.5,0.866025403784439,0.));
#11275=DIRECTION('',(0.,0.,-1.));
#11276=DIRECTION('',(-1.,0.,0.));
#11277=DIRECTION('',(0.5,-0.866025403784438,0.));
#11278=DIRECTION('',(-0.866025403784439,-0.5,0.));
#11279=DIRECTION('',(0.866025403784439,0.5,0.));
#11280=DIRECTION('',(2.20958293605198E-16,-1.,0.));
#11281=DIRECTION('',(-1.,-2.20958293605198E-16,0.));
#11282=DIRECTION('',(1.,2.20958293605198E-16,0.));
#11283=DIRECTION('',(0.,0.,-1.));
#11284=DIRECTION('',(-1.,0.,0.));
#11285=DIRECTION('',(0.866025403784439,0.5,0.));
#11286=DIRECTION('',(0.5,-0.866025403784439,0.));
#11287=DIRECTION('',(-0.5,0.866025403784439,0.));
#11288=DIRECTION('',(0.5,0.866025403784439,0.));
#11289=DIRECTION('',(0.866025403784439,-0.5,0.));
#11290=DIRECTION('',(-0.866025403784439,0.5,0.));
#11291=DIRECTION('',(0.,0.,-1.));
#11292=DIRECTION('',(-1.,0.,0.));
#11293=DIRECTION('',(0.,1.,0.));
#11294=DIRECTION('',(1.,0.,0.));
#11295=DIRECTION('',(-1.,0.,0.));
#11296=DIRECTION('',(-0.5,0.866025403784439,0.));
#11297=DIRECTION('',(0.866025403784439,0.5,0.));
#11298=DIRECTION('',(-0.866025403784439,-0.5,0.));
#11299=DIRECTION('',(0.,0.,-1.));
#11300=DIRECTION('',(-1.,0.,0.));
#11301=DIRECTION('',(-0.866025403784439,0.5,0.));
#11302=DIRECTION('',(0.5,0.866025403784439,0.));
#11303=DIRECTION('',(-0.5,-0.866025403784439,0.));
#11304=DIRECTION('',(-1.,1.10479146802599E-16,0.));
#11305=DIRECTION('',(1.10479146802599E-16,1.,0.));
#11306=DIRECTION('',(-1.10479146802599E-16,-1.,0.));
#11307=DIRECTION('',(0.,0.,-1.));
#11308=DIRECTION('',(-1.,0.,0.));
#11309=DIRECTION('',(-0.866025403784439,-0.5,0.));
#11310=DIRECTION('',(-0.5,0.866025403784439,0.));
#11311=DIRECTION('',(0.5,-0.866025403784439,0.));
#11312=DIRECTION('',(-0.5,-0.866025403784438,0.));
#11313=DIRECTION('',(-0.866025403784439,0.5,0.));
#11314=DIRECTION('',(0.866025403784439,-0.5,0.));
#11315=DIRECTION('',(0.,0.,-1.));
#11316=DIRECTION('',(-1.,0.,0.));
#11317=DIRECTION('',(-0.399652626942726,-0.916666666666667,0.));
#11318=DIRECTION('',(-0.916666666666667,0.399652626942726,0.));
#11319=DIRECTION('',(-0.916666666666667,0.399652626942726,0.));
#11320=DIRECTION('',(-0.588051441856829,-0.808823529411765,0.));
#11321=DIRECTION('',(-0.808823529411765,0.588051441856829,0.));
#11322=DIRECTION('',(-0.808823529411765,0.588051441856829,0.));
#11323=DIRECTION('',(0.,0.,1.));
#11324=DIRECTION('',(1.,0.,0.));
#11325=DIRECTION('',(0.900197035803792,-0.435482831728263,0.));
#11326=DIRECTION('',(-0.435482831728263,-0.900197035803792,0.));
#11327=DIRECTION('',(-0.435482831728263,-0.900197035803792,0.));
#11328=DIRECTION('',(0.707176553895637,-0.707037001592061,0.));
#11329=DIRECTION('',(-0.707037001592061,-0.707176553895637,0.));
#11330=DIRECTION('',(-0.707037001592061,-0.707176553895637,0.));
#11331=DIRECTION('',(0.,0.,1.));
#11332=DIRECTION('',(1.,0.,0.));
#11333=DIRECTION('',(1.,0.,0.));
#11334=DIRECTION('',(0.,-1.,0.));
#11335=DIRECTION('',(0.,-1.,0.));
#11336=DIRECTION('',(0.900197035803792,0.435482831728263,0.));
#11337=DIRECTION('',(0.435482831728263,-0.900197035803792,0.));
#11338=DIRECTION('',(0.435482831728263,-0.900197035803792,0.));
#11339=DIRECTION('',(0.,0.,1.));
#11340=DIRECTION('',(1.,0.,0.));
#11341=DIRECTION('',(0.415297884235482,0.909685477156546,0.));
#11342=DIRECTION('',(0.909685477156546,-0.415297884235482,0.));
#11343=DIRECTION('',(0.909685477156546,-0.415297884235482,0.));
#11344=DIRECTION('',(0.707176553895637,0.707037001592061,0.));
#11345=DIRECTION('',(0.707037001592061,-0.707176553895637,0.));
#11346=DIRECTION('',(0.707037001592061,-0.707176553895637,0.));
#11347=DIRECTION('',(0.,0.,1.));
#11348=DIRECTION('',(1.,0.,0.));
#11349=DIRECTION('',(0.415297884235482,-0.909685477156546,0.));
#11350=DIRECTION('',(-0.909685477156546,-0.415297884235482,0.));
#11351=DIRECTION('',(-0.909685477156546,-0.415297884235482,0.));
#11352=DIRECTION('',(0.,0.,1.));
#11353=DIRECTION('',(1.,0.,0.));
#11354=DIRECTION('',(-0.399652626942726,0.916666666666667,0.));
#11355=DIRECTION('',(0.916666666666667,0.399652626942726,0.));
#11356=DIRECTION('',(0.916666666666667,0.399652626942726,0.));
#11357=DIRECTION('',(0.,0.,1.));
#11358=DIRECTION('',(1.,0.,0.));
#11359=DIRECTION('',(0.,0.,1.));
#11360=DIRECTION('',(1.,0.,0.));
#11361=DIRECTION('',(0.,0.,-1.));
#11362=DIRECTION('',(0.,1.,0.));
#11363=DIRECTION('',(0.,0.,1.));
#11364=DIRECTION('',(0.,-1.,0.));
#11365=DIRECTION('',(-0.5,0.866025403784439,0.));
#11366=DIRECTION('',(0.,0.,1.));
#11367=DIRECTION('',(0.,-1.,0.));
#11368=DIRECTION('',(-1.10479146802599E-16,1.,0.));
#11369=DIRECTION('',(0.,0.,-1.));
#11370=DIRECTION('',(0.,1.,0.));
#11371=DIRECTION('',(0.,0.,1.));
#11372=DIRECTION('',(0.,-1.,0.));
#11373=DIRECTION('',(1.,2.20958293605198E-16,0.));
#11374=DIRECTION('',(0.,0.,1.));
#11375=DIRECTION('',(0.,-1.,0.));
#11376=DIRECTION('',(-1.,0.,0.));
#11377=DIRECTION('',(0.,1.,0.));
#11378=DIRECTION('',(-1.,0.,0.));
#11379=DIRECTION('',(0.,0.,1.));
#11380=DIRECTION('',(0.,-1.,0.));
#11381=DIRECTION('',(0.866025403784439,-0.5,0.));
#11382=DIRECTION('',(0.,0.,-1.));
#11383=DIRECTION('',(0.,1.,0.));
#11384=DIRECTION('',(0.,0.,1.));
#11385=DIRECTION('',(0.,-1.,0.));
#11386=DIRECTION('',(0.5,-0.866025403784439,0.));
#11387=DIRECTION('',(0.,0.,1.));
#11388=DIRECTION('',(0.,-1.,0.));
#11389=DIRECTION('',(-1.10479146802599E-16,-1.,0.));
#11390=DIRECTION('',(0.,0.,-1.));
#11391=DIRECTION('',(0.,1.,0.));
#11392=DIRECTION('',(0.,0.,1.));
#11393=DIRECTION('',(0.,-1.,0.));
#11394=DIRECTION('',(-0.5,-0.866025403784439,0.));
#11395=DIRECTION('',(0.,0.,1.));
#11396=DIRECTION('',(0.,-1.,0.));
#11397=DIRECTION('',(-0.866025403784439,-0.5,0.));
#11398=DIRECTION('',(0.,0.,-1.));
#11399=DIRECTION('',(0.,1.,0.));
#11400=DIRECTION('',(-0.866025403784439,0.5,0.));
#11401=DIRECTION('',(0.,0.,1.));
#11402=DIRECTION('',(0.,-1.,0.));
#11403=DIRECTION('',(-1.,0.,0.));
#11404=DIRECTION('',(0.,0.,1.));
#11405=DIRECTION('',(0.,-1.,0.));
#11406=DIRECTION('',(1.,0.,0.));
#11407=DIRECTION('',(0.,1.,0.));
#11408=DIRECTION('',(1.,0.,0.));
#11409=DIRECTION('',(0.,0.,1.));
#11410=DIRECTION('',(0.,-1.,0.));
#11411=DIRECTION('',(0.,0.,-1.));
#11412=DIRECTION('',(0.,1.,0.));
#11413=DIRECTION('',(0.866025403784439,0.5,0.));
#11414=DIRECTION('',(0.,0.,1.));
#11415=DIRECTION('',(0.,-1.,0.));
#11416=DIRECTION('',(0.5,0.866025403784439,0.));
#11417=DIRECTION('',(0.,0.,1.));
#11418=DIRECTION('',(0.,-1.,0.));
#11419=DIRECTION('',(0.,0.,1.));
#11420=DIRECTION('',(0.,-1.,0.));
#11421=DIRECTION('',(0.,0.,1.));
#11422=DIRECTION('',(0.,0.,1.));
#11423=DIRECTION('',(0.,-1.,0.));
#11424=DIRECTION('',(0.,0.,1.));
#11425=DIRECTION('',(0.,0.,1.));
#11426=DIRECTION('',(0.,0.,1.));
#11427=DIRECTION('',(0.,-1.,0.));
#11428=DIRECTION('',(0.,0.,1.));
#11429=DIRECTION('',(0.,0.,1.));
#11430=DIRECTION('',(0.,0.,1.));
#11431=DIRECTION('',(0.,-1.,0.));
#11432=DIRECTION('',(0.,0.,1.));
#11433=DIRECTION('',(0.,0.,1.));
#11434=DIRECTION('',(0.,0.,1.));
#11435=DIRECTION('',(0.,-1.,0.));
#11436=DIRECTION('',(0.,0.,1.));
#11437=DIRECTION('',(0.,0.,1.));
#11438=DIRECTION('',(0.,-1.,0.));
#11439=DIRECTION('',(0.,0.,1.));
#11440=DIRECTION('',(0.,0.,1.));
#11441=DIRECTION('',(0.,-1.,0.));
#11442=DIRECTION('',(0.,0.,1.));
#11443=DIRECTION('',(0.,0.,1.));
#11444=DIRECTION('',(0.,0.,1.));
#11445=DIRECTION('',(0.,-1.,0.));
#11446=DIRECTION('',(0.,0.,1.));
#11447=DIRECTION('',(0.,0.,1.));
#11448=DIRECTION('',(0.,0.,1.));
#11449=DIRECTION('',(0.,-1.,0.));
#11450=DIRECTION('',(0.,0.,1.));
#11451=DIRECTION('',(0.,0.,1.));
#11452=DIRECTION('',(0.,0.,1.));
#11453=DIRECTION('',(0.,-1.,0.));
#11454=DIRECTION('',(0.,0.,1.));
#11455=DIRECTION('',(0.,0.,1.));
#11456=DIRECTION('',(0.,-1.,0.));
#11457=DIRECTION('',(0.,0.,1.));
#11458=DIRECTION('',(0.,0.,1.));
#11459=DIRECTION('',(0.,-1.,0.));
#11460=DIRECTION('',(0.,0.,1.));
#11461=DIRECTION('',(0.,0.,1.));
#11462=DIRECTION('',(0.,0.,1.));
#11463=DIRECTION('',(0.,-1.,0.));
#11464=DIRECTION('',(0.,0.,1.));
#11465=DIRECTION('',(0.,0.,1.));
#11466=DIRECTION('',(0.,0.,1.));
#11467=DIRECTION('',(0.,-1.,0.));
#11468=DIRECTION('',(0.,0.,1.));
#11469=DIRECTION('',(0.,0.,1.));
#11470=DIRECTION('',(0.,0.,1.));
#11471=DIRECTION('',(0.,-1.,0.));
#11472=DIRECTION('',(0.,0.,1.));
#11473=DIRECTION('',(0.,0.,1.));
#11474=DIRECTION('',(0.,0.,1.));
#11475=DIRECTION('',(0.,-1.,0.));
#11476=DIRECTION('',(0.,0.,1.));
#11477=DIRECTION('',(0.,0.,1.));
#11478=DIRECTION('',(0.,0.,1.));
#11479=DIRECTION('',(0.,-1.,0.));
#11480=DIRECTION('',(0.,0.,1.));
#11481=DIRECTION('',(0.,0.,1.));
#11482=DIRECTION('',(0.,-1.,0.));
#11483=DIRECTION('',(0.,0.,1.));
#11484=DIRECTION('',(1.,0.,0.));
#11485=DIRECTION('',(1.,0.,0.));
#11486=DIRECTION('',(0.,1.,0.));
#11487=DIRECTION('',(1.,0.,0.));
#11488=DIRECTION('',(1.,0.,0.));
#11489=DIRECTION('',(0.,1.,0.));
#11490=DIRECTION('',(1.,0.,0.));
#11491=DIRECTION('',(0.,0.,1.));
#11492=DIRECTION('',(1.,0.,0.));
#11493=DIRECTION('',(0.,1.,0.));
#11494=DIRECTION('',(1.,0.,0.));
#11495=DIRECTION('',(0.,1.,0.));
#11496=DIRECTION('',(1.,0.,0.));
#11497=DIRECTION('',(0.,0.,1.));
#11498=DIRECTION('',(1.,0.,0.));
#11499=DIRECTION('',(0.,1.,0.));
#11500=DIRECTION('',(1.,0.,0.));
#11501=DIRECTION('',(0.,1.,0.));
#11502=DIRECTION('',(1.,0.,0.));
#11503=DIRECTION('',(0.,0.,1.));
#11504=DIRECTION('',(1.,0.,0.));
#11505=DIRECTION('',(1.,0.,0.));
#11506=DIRECTION('',(0.,1.,0.));
#11507=DIRECTION('',(1.,0.,0.));
#11508=DIRECTION('',(0.,-1.,0.));
#11509=DIRECTION('',(0.,0.,1.));
#11510=DIRECTION('',(1.,0.,0.));
#11511=DIRECTION('',(0.,1.,0.));
#11512=DIRECTION('',(1.,0.,0.));
#11513=DIRECTION('',(0.,1.,0.));
#11514=DIRECTION('',(1.,0.,0.));
#11515=DIRECTION('',(0.,0.,1.));
#11516=DIRECTION('',(1.,0.,0.));
#11517=DIRECTION('',(0.,1.,0.));
#11518=DIRECTION('',(1.,0.,0.));
#11519=DIRECTION('',(0.,1.,0.));
#11520=DIRECTION('',(1.,0.,0.));
#11521=DIRECTION('',(0.,-1.,0.));
#11522=DIRECTION('',(-1.,0.,0.));
#11523=DIRECTION('',(0.,0.,-1.));
#11524=DIRECTION('',(0.,-1.,0.));
#11525=DIRECTION('',(1.,0.,0.));
#11526=DIRECTION('',(0.,0.,-1.));
#11527=DIRECTION('',(0.,0.,-1.));
#11528=DIRECTION('',(0.,-1.,0.));
#11529=DIRECTION('',(1.,0.,0.));
#11530=DIRECTION('',(0.,0.,-1.));
#11531=DIRECTION('',(0.,0.,-1.));
#11532=DIRECTION('',(0.,-1.,0.));
#11533=DIRECTION('',(1.,0.,0.));
#11534=DIRECTION('',(0.,0.,-1.));
#11535=DIRECTION('',(0.,0.,1.));
#11536=DIRECTION('',(0.,-1.,0.));
#11537=DIRECTION('',(-1.,0.,0.));
#11538=DIRECTION('',(0.,0.,-1.));
#11539=DIRECTION('',(0.,0.,1.));
#11540=DIRECTION('',(0.,0.,-1.));
#11541=DIRECTION('',(0.,-1.,0.));
#11542=DIRECTION('',(-1.,0.,0.));
#11543=DIRECTION('',(0.,0.,-1.));
#11544=DIRECTION('',(0.,0.,-1.));
#11545=DIRECTION('',(0.,-1.,0.));
#11546=DIRECTION('',(-1.,0.,0.));
#11547=DIRECTION('',(0.,0.,-1.));
#11548=DIRECTION('',(0.,0.,-1.));
#11549=DIRECTION('',(0.,-1.,0.));
#11550=DIRECTION('',(-1.,0.,0.));
#11551=DIRECTION('',(0.,0.,1.));
#11552=DIRECTION('',(1.,0.,0.));
#11553=DIRECTION('',(0.,1.,0.));
#11554=DIRECTION('',(1.,0.,0.));
#11555=DIRECTION('',(0.,-1.,0.));
#11556=DIRECTION('',(1.,0.,0.));
#11557=DIRECTION('',(0.,-1.,0.));
#11558=DIRECTION('',(-1.,0.,0.));
#11559=DIRECTION('',(0.,0.,-1.));
#11560=DIRECTION('',(0.,1.,0.));
#11561=DIRECTION('',(1.,0.,0.));
#11562=DIRECTION('',(0.,0.,-1.));
#11563=DIRECTION('',(0.,0.,-1.));
#11564=DIRECTION('',(0.,1.,0.));
#11565=DIRECTION('',(1.,0.,0.));
#11566=DIRECTION('',(0.,0.,-1.));
#11567=DIRECTION('',(0.,0.,-1.));
#11568=DIRECTION('',(0.,1.,0.));
#11569=DIRECTION('',(1.,0.,0.));
#11570=DIRECTION('',(0.,0.,-1.));
#11571=DIRECTION('',(0.,0.,1.));
#11572=DIRECTION('',(0.,-1.,0.));
#11573=DIRECTION('',(-1.,0.,0.));
#11574=DIRECTION('',(0.,0.,-1.));
#11575=DIRECTION('',(0.,0.,1.));
#11576=DIRECTION('',(0.,0.,-1.));
#11577=DIRECTION('',(0.,-1.,0.));
#11578=DIRECTION('',(-1.,0.,0.));
#11579=DIRECTION('',(0.,0.,-1.));
#11580=DIRECTION('',(0.,0.,-1.));
#11581=DIRECTION('',(0.,-1.,0.));
#11582=DIRECTION('',(-1.,0.,0.));
#11583=DIRECTION('',(0.,0.,-1.));
#11584=DIRECTION('',(0.,0.,-1.));
#11585=DIRECTION('',(0.,-1.,0.));
#11586=DIRECTION('',(-1.,0.,0.));
#11587=DIRECTION('',(-1.,0.,0.));
#11588=DIRECTION('',(0.,1.,0.));
#11589=DIRECTION('',(-1.,0.,0.));
#11590=DIRECTION('',(0.,1.,0.));
#11591=DIRECTION('',(1.,0.,0.));
#11592=DIRECTION('',(0.,-1.,0.));
#11593=DIRECTION('',(0.,1.,0.));
#11594=DIRECTION('',(1.,0.,0.));
#11595=DIRECTION('',(0.,-1.,0.));
#11596=DIRECTION('',(0.,1.,0.));
#11597=DIRECTION('',(0.,1.,0.));
#11598=DIRECTION('',(1.,0.,0.));
#11599=DIRECTION('',(1.,0.,0.));
#11600=DIRECTION('',(0.,-1.,0.));
#11601=DIRECTION('',(0.,1.,0.));
#11602=DIRECTION('',(1.,0.,0.));
#11603=DIRECTION('',(0.,-1.,0.));
#11604=DIRECTION('',(0.,1.,0.));
#11605=DIRECTION('',(0.,1.,0.));
#11606=DIRECTION('',(1.,0.,0.));
#11607=DIRECTION('',(1.,0.,0.));
#11608=DIRECTION('',(0.,-1.,0.));
#11609=DIRECTION('',(0.,1.,0.));
#11610=DIRECTION('',(1.,0.,0.));
#11611=DIRECTION('',(0.,-1.,0.));
#11612=DIRECTION('',(0.,1.,0.));
#11613=DIRECTION('',(0.,1.,0.));
#11614=DIRECTION('',(1.,0.,0.));
#11615=DIRECTION('',(1.,0.,0.));
#11616=DIRECTION('',(0.,-1.,0.));
#11617=DIRECTION('',(0.,1.,0.));
#11618=DIRECTION('',(1.,0.,0.));
#11619=DIRECTION('',(0.,-1.,0.));
#11620=DIRECTION('',(0.,1.,0.));
#11621=DIRECTION('',(0.,1.,0.));
#11622=DIRECTION('',(1.,0.,0.));
#11623=DIRECTION('',(1.,0.,0.));
#11624=DIRECTION('',(0.,-1.,0.));
#11625=DIRECTION('',(0.,1.,0.));
#11626=DIRECTION('',(1.,0.,0.));
#11627=DIRECTION('',(0.,-1.,0.));
#11628=DIRECTION('',(0.,1.,0.));
#11629=DIRECTION('',(0.,1.,0.));
#11630=DIRECTION('',(1.,0.,0.));
#11631=DIRECTION('',(1.,0.,0.));
#11632=DIRECTION('',(0.,-1.,0.));
#11633=DIRECTION('',(0.,1.,0.));
#11634=DIRECTION('',(1.,0.,0.));
#11635=DIRECTION('',(0.,-1.,0.));
#11636=DIRECTION('',(0.,1.,0.));
#11637=DIRECTION('',(0.,1.,0.));
#11638=DIRECTION('',(1.,0.,0.));
#11639=DIRECTION('',(1.,1.10479146802599E-16,0.));
#11640=DIRECTION('',(1.10479146802599E-16,-1.,0.));
#11641=DIRECTION('',(-1.10479146802599E-16,1.,0.));
#11642=DIRECTION('',(0.866025403784439,-0.5,0.));
#11643=DIRECTION('',(-0.5,-0.866025403784439,0.));
#11644=DIRECTION('',(0.5,0.866025403784439,0.));
#11645=DIRECTION('',(0.,0.,-1.));
#11646=DIRECTION('',(-1.,0.,0.));
#11647=DIRECTION('',(0.,1.,0.));
#11648=DIRECTION('',(1.,0.,0.));
#11649=DIRECTION('',(-1.,0.,0.));
#11650=DIRECTION('',(-0.5,0.866025403784439,0.));
#11651=DIRECTION('',(0.866025403784439,0.5,0.));
#11652=DIRECTION('',(-0.866025403784439,-0.5,0.));
#11653=DIRECTION('',(0.,0.,-1.));
#11654=DIRECTION('',(-1.,0.,0.));
#11655=DIRECTION('',(-0.866025403784439,0.5,0.));
#11656=DIRECTION('',(0.5,0.866025403784439,0.));
#11657=DIRECTION('',(-0.5,-0.866025403784439,0.));
#11658=DIRECTION('',(-1.,1.10479146802599E-16,0.));
#11659=DIRECTION('',(1.10479146802599E-16,1.,0.));
#11660=DIRECTION('',(-1.10479146802599E-16,-1.,0.));
#11661=DIRECTION('',(0.,0.,-1.));
#11662=DIRECTION('',(-1.,0.,0.));
#11663=DIRECTION('',(-0.866025403784439,-0.5,0.));
#11664=DIRECTION('',(-0.5,0.866025403784439,0.));
#11665=DIRECTION('',(0.5,-0.866025403784439,0.));
#11666=DIRECTION('',(-0.5,-0.866025403784438,0.));
#11667=DIRECTION('',(-0.866025403784439,0.5,0.));
#11668=DIRECTION('',(0.866025403784439,-0.5,0.));
#11669=DIRECTION('',(0.,0.,-1.));
#11670=DIRECTION('',(-1.,0.,0.));
#11671=DIRECTION('',(0.5,-0.866025403784438,0.));
#11672=DIRECTION('',(-0.866025403784439,-0.5,0.));
#11673=DIRECTION('',(0.866025403784439,0.5,0.));
#11674=DIRECTION('',(2.20958293605198E-16,-1.,0.));
#11675=DIRECTION('',(-1.,-2.20958293605198E-16,0.));
#11676=DIRECTION('',(1.,2.20958293605198E-16,0.));
#11677=DIRECTION('',(0.,0.,-1.));
#11678=DIRECTION('',(-1.,0.,0.));
#11679=DIRECTION('',(0.866025403784439,0.5,0.));
#11680=DIRECTION('',(0.5,-0.866025403784439,0.));
#11681=DIRECTION('',(-0.5,0.866025403784439,0.));
#11682=DIRECTION('',(0.5,0.866025403784439,0.));
#11683=DIRECTION('',(0.866025403784439,-0.5,0.));
#11684=DIRECTION('',(-0.866025403784439,0.5,0.));
#11685=DIRECTION('',(0.,0.,-1.));
#11686=DIRECTION('',(-1.,0.,0.));
#11687=DIRECTION('',(0.,0.,1.));
#11688=DIRECTION('',(1.,0.,0.));
#11689=DIRECTION('',(0.,0.,1.));
#11690=DIRECTION('',(0.,-1.,0.));
#11691=DIRECTION('',(0.,0.,-1.));
#11692=DIRECTION('',(0.,0.,1.));
#11693=DIRECTION('',(0.,-1.,0.));
#11694=DIRECTION('',(0.,0.,1.));
#11695=DIRECTION('',(0.,0.,1.));
#11696=DIRECTION('',(0.,-1.,0.));
#11697=DIRECTION('',(0.,0.,-1.));
#11698=DIRECTION('',(0.,0.,1.));
#11699=DIRECTION('',(0.,-1.,0.));
#11700=DIRECTION('',(0.,0.,1.));
#11701=DIRECTION('',(0.,0.,1.));
#11702=DIRECTION('',(0.,0.,1.));
#11703=DIRECTION('',(0.,-1.,0.));
#11704=DIRECTION('',(0.,0.,-1.));
#11705=DIRECTION('',(0.,0.,-1.));
#11706=DIRECTION('',(0.,-1.,0.));
#11707=DIRECTION('',(0.,0.,-1.));
#11708=DIRECTION('',(0.,0.,1.));
#11709=DIRECTION('',(0.,-1.,0.));
#11710=DIRECTION('',(0.,0.,-1.));
#11711=DIRECTION('',(0.,0.,-1.));
#11712=DIRECTION('',(0.,-1.,0.));
#11713=DIRECTION('',(0.,0.,-1.));
#11714=DIRECTION('',(0.,0.,1.));
#11715=DIRECTION('',(0.,-1.,0.));
#11716=DIRECTION('',(0.999999466257832,0.,-0.00103319119753875));
#11717=DIRECTION('',(0.00103319119753875,0.,0.999999466257832));
#11718=DIRECTION('',(0.999999466257832,0.,-0.00103319119753875));
#11719=DIRECTION('',(0.00103319119753875,0.,0.999999466257832));
#11720=DIRECTION('',(0.,0.,1.));
#11721=DIRECTION('',(0.,-1.,0.));
#11722=DIRECTION('',(0.,0.,-1.));
#11723=DIRECTION('',(0.,0.,1.));
#11724=DIRECTION('',(0.,-1.,0.));
#11725=DIRECTION('',(0.,0.,-1.));
#11726=DIRECTION('',(0.,0.,1.));
#11727=DIRECTION('',(0.,-1.,0.));
#11728=DIRECTION('',(0.,0.,-1.));
#11729=DIRECTION('',(0.,0.,1.));
#11730=DIRECTION('',(0.,-1.,0.));
#11731=DIRECTION('',(0.,0.,1.));
#11732=DIRECTION('',(0.,0.,1.));
#11733=DIRECTION('',(0.,0.,1.));
#11734=DIRECTION('',(0.,-1.,0.));
#11735=DIRECTION('',(0.,0.,-1.));
#11736=DIRECTION('',(0.,0.,1.));
#11737=DIRECTION('',(0.,-1.,0.));
#11738=DIRECTION('',(0.,0.,1.));
#11739=DIRECTION('',(0.,0.,1.));
#11740=DIRECTION('',(0.,-1.,0.));
#11741=DIRECTION('',(0.,0.,-1.));
#11742=DIRECTION('',(0.,0.,1.));
#11743=DIRECTION('',(0.,-1.,0.));
#11744=DIRECTION('',(0.,0.,1.));
#11745=DIRECTION('',(0.,0.,1.));
#11746=DIRECTION('',(0.,-1.,0.));
#11747=DIRECTION('',(0.,0.,1.));
#11748=DIRECTION('',(0.,0.,1.));
#11749=DIRECTION('',(0.,-1.,0.));
#11750=DIRECTION('',(0.,0.,1.));
#11751=DIRECTION('',(0.,-1.,0.));
#11752=DIRECTION('',(0.,0.,1.));
#11753=DIRECTION('',(0.,0.,-1.));
#11754=DIRECTION('',(0.,1.,0.));
#11755=DIRECTION('',(0.,0.,1.));
#11756=DIRECTION('',(0.,0.,-1.));
#11757=DIRECTION('',(0.,1.,0.));
#11758=DIRECTION('',(0.,0.,1.));
#11759=DIRECTION('',(0.,-1.,0.));
#11760=DIRECTION('',(0.999999466257832,0.,-0.00103319119753875));
#11761=DIRECTION('',(0.00103319119753875,0.,0.999999466257832));
#11762=DIRECTION('',(0.999999466257832,0.,-0.00103319119753875));
#11763=DIRECTION('',(0.00103319119753875,0.,0.999999466257832));
#11764=DIRECTION('',(0.,0.,1.));
#11765=DIRECTION('',(0.,-1.,0.));
#11766=DIRECTION('',(0.,0.,-1.));
#11767=DIRECTION('',(0.,0.,-1.));
#11768=DIRECTION('',(0.,-1.,0.));
#11769=DIRECTION('',(0.,0.,-1.));
#11770=DIRECTION('',(0.,0.,1.));
#11771=DIRECTION('',(0.,-1.,0.));
#11772=DIRECTION('',(0.,0.,-1.));
#11773=DIRECTION('',(0.,0.,-1.));
#11774=DIRECTION('',(0.,-1.,0.));
#11775=DIRECTION('',(0.,0.,-1.));
#11776=DIRECTION('',(0.,0.,1.));
#11777=DIRECTION('',(0.,-1.,0.));
#11778=DIRECTION('',(0.,0.,1.));
#11779=DIRECTION('',(0.,0.,1.));
#11780=DIRECTION('',(0.,0.,1.));
#11781=DIRECTION('',(0.,-1.,0.));
#11782=DIRECTION('',(0.,0.,-1.));
#11783=DIRECTION('',(0.,0.,1.));
#11784=DIRECTION('',(0.,0.,1.));
#11785=DIRECTION('',(0.,-1.,0.));
#11786=DIRECTION('',(0.,0.,1.));
#11787=DIRECTION('',(0.,0.,1.));
#11788=DIRECTION('',(0.,-1.,0.));
#11789=DIRECTION('',(0.,0.,1.));
#11790=DIRECTION('',(0.,0.,1.));
#11791=DIRECTION('',(0.,0.,1.));
#11792=DIRECTION('',(0.,-1.,0.));
#11793=DIRECTION('',(0.,0.,-1.));
#11794=DIRECTION('',(0.,0.,1.));
#11795=DIRECTION('',(0.,-1.,0.));
#11796=DIRECTION('',(0.,0.,-1.));
#11797=DIRECTION('',(0.,0.,1.));
#11798=DIRECTION('',(0.,-1.,0.));
#11799=DIRECTION('',(0.,0.,-1.));
#11800=DIRECTION('',(0.,0.,1.));
#11801=DIRECTION('',(0.,-1.,0.));
#11802=DIRECTION('',(0.,0.,1.));
#11803=DIRECTION('',(0.,0.,-1.));
#11804=DIRECTION('',(0.,1.,0.));
#11805=DIRECTION('',(0.,0.,1.));
#11806=DIRECTION('',(0.,0.,-1.));
#11807=DIRECTION('',(0.,1.,0.));
#11808=DIRECTION('',(0.,0.,1.));
#11809=DIRECTION('',(0.,0.,-1.));
#11810=DIRECTION('',(0.,1.,0.));
#11811=DIRECTION('',(0.,0.,1.));
#11812=DIRECTION('',(0.,0.,-1.));
#11813=DIRECTION('',(0.,1.,0.));
#11814=DIRECTION('',(0.,0.,1.));
#11815=DIRECTION('',(0.,-1.,0.));
#11816=DIRECTION('',(0.,0.,1.));
#11817=DIRECTION('',(0.,0.,1.));
#11818=DIRECTION('',(0.,-1.,0.));
#11819=DIRECTION('',(0.,0.,1.));
#11820=DIRECTION('',(-1.,0.,0.));
#11821=DIRECTION('',(0.,1.,0.));
#11822=DIRECTION('',(0.,0.,-1.));
#11823=DIRECTION('',(0.,-1.,0.));
#11824=DIRECTION('',(0.,-1.,0.));
#11825=DIRECTION('',(-1.,0.,0.));
#11826=DIRECTION('',(0.,1.,0.));
#11827=DIRECTION('',(0.,-1.,0.));
#11828=DIRECTION('',(0.,0.,-1.));
#11829=DIRECTION('',(0.,-1.,0.));
#11830=DIRECTION('',(-1.,0.,0.));
#11831=DIRECTION('',(0.,1.,0.));
#11832=DIRECTION('',(0.,-1.,0.));
#11833=DIRECTION('',(0.,0.,-1.));
#11834=DIRECTION('',(0.,-1.,0.));
#11835=DIRECTION('',(-1.,0.,0.));
#11836=DIRECTION('',(0.,1.,0.));
#11837=DIRECTION('',(0.,0.,-1.));
#11838=DIRECTION('',(0.,-1.,0.));
#11839=DIRECTION('',(0.,-1.,0.));
#11840=DIRECTION('',(-1.,0.,0.));
#11841=DIRECTION('',(0.,1.,0.));
#11842=DIRECTION('',(0.,-1.,0.));
#11843=DIRECTION('',(0.,0.,-1.));
#11844=DIRECTION('',(0.,-1.,0.));
#11845=DIRECTION('',(0.,0.,1.));
#11846=DIRECTION('',(0.,-1.,0.));
#11847=DIRECTION('',(-0.707037001592061,-0.707176553895637,0.));
#11848=DIRECTION('',(-0.909685477156546,-0.415297884235482,0.));
#11849=DIRECTION('',(0.,0.,1.));
#11850=DIRECTION('',(0.,-1.,0.));
#11851=DIRECTION('',(-0.916666666666667,0.399652626942726,0.));
#11852=DIRECTION('',(-1.,0.,0.));
#11853=DIRECTION('',(0.,0.,1.));
#11854=DIRECTION('',(0.,-1.,0.));
#11855=DIRECTION('',(0.909685477156546,-0.415297884235482,0.));
#11856=DIRECTION('',(-1.,0.,0.));
#11857=DIRECTION('',(0.,0.,1.));
#11858=DIRECTION('',(0.,-1.,0.));
#11859=DIRECTION('',(0.707037001592061,-0.707176553895637,0.));
#11860=DIRECTION('',(0.435482831728263,-0.900197035803792,0.));
#11861=DIRECTION('',(0.,0.,1.));
#11862=DIRECTION('',(0.,-1.,0.));
#11863=DIRECTION('',(-0.435482831728263,-0.900197035803792,0.));
#11864=DIRECTION('',(0.,-1.,0.));
#11865=DIRECTION('',(0.,0.,1.));
#11866=DIRECTION('',(1.,0.,0.));
#11867=DIRECTION('',(0.,-1.,0.));
#11868=DIRECTION('',(0.9999853152835,0.00541933735417461,0.));
#11869=DIRECTION('',(0.,-1.,0.));
#11870=DIRECTION('',(1.,0.,0.));
#11871=DIRECTION('',(0.,-1.,0.));
#11872=DIRECTION('',(1.,0.,0.));
#11873=DIRECTION('',(1.,0.,0.));
#11874=DIRECTION('',(1.,0.,0.));
#11875=DIRECTION('',(0.,-1.,0.));
#11876=DIRECTION('',(1.,0.,0.));
#11877=DIRECTION('',(1.,0.,0.));
#11878=DIRECTION('',(0.,1.,0.));
#11879=DIRECTION('',(1.,0.,0.));
#11880=DIRECTION('',(0.,1.,0.));
#11881=DIRECTION('',(0.,1.,0.));
#11882=DIRECTION('',(0.,0.,1.));
#11883=DIRECTION('',(0.,-1.,0.));
#11884=DIRECTION('',(0.,-1.,0.));
#11885=DIRECTION('',(0.,-1.,0.));
#11886=DIRECTION('',(0.,-1.,0.));
#11887=DIRECTION('',(0.,-1.,0.));
#11888=DIRECTION('',(0.9999853152835,0.00541933735417462,0.));
#11889=DIRECTION('',(0.,-1.,-9.2292161948117E-18));
#11890=DIRECTION('',(0.,9.2292161948117E-18,-1.));
#11891=DIRECTION('',(-1.,0.,0.));
#11892=DIRECTION('',(0.,-1.,-9.2292161948117E-18));
#11893=DIRECTION('',(0.,9.2292161948117E-18,-1.));
#11894=DIRECTION('',(1.,0.,-2.98019781127011E-16));
#11895=DIRECTION('',(-2.98019781127011E-16,0.,-1.));
#11896=DIRECTION('',(0.,-1.,0.));
#11897=DIRECTION('',(0.,0.,-1.));
#11898=DIRECTION('',(1.,0.,-9.93399270423368E-17));
#11899=DIRECTION('',(-9.93399270423368E-17,0.,-1.));
#11900=DIRECTION('',(0.,-1.,0.));
#11901=DIRECTION('',(0.,-1.,-9.2292161948117E-18));
#11902=DIRECTION('',(0.,9.2292161948117E-18,-1.));
#11903=DIRECTION('',(-1.,0.,0.));
#11904=DIRECTION('',(0.,-1.,-9.2292161948117E-18));
#11905=DIRECTION('',(0.,9.2292161948117E-18,-1.));
#11906=DIRECTION('',(0.999999466257832,0.,-0.00103319119753875));
#11907=DIRECTION('',(-0.00103319119753875,0.,-0.999999466257832));
#11908=DIRECTION('',(0.,-1.,0.));
#11909=DIRECTION('',(0.999999466257832,0.,-0.00103319119753875));
#11910=DIRECTION('',(-0.00103319119753875,0.,-0.999999466257832));
#11911=DIRECTION('',(0.,0.,1.));
#11912=DIRECTION('',(0.,-1.,0.));
#11913=DIRECTION('',(0.916666666666667,0.399652626942726,0.));
#11914=DIRECTION('',(0.,0.,1.));
#11915=DIRECTION('',(0.,-1.,0.));
#11916=DIRECTION('',(0.,-1.,0.));
#11917=DIRECTION('',(1.,0.,0.));
#11918=DIRECTION('',(0.,-1.,0.));
#11919=DIRECTION('',(0.,-1.,0.));
#11920=DIRECTION('',(0.900197035803792,0.435482831728263,0.));
#11921=DIRECTION('',(0.435482831728263,-0.900197035803792,0.));
#11922=DIRECTION('',(0.435482831728263,-0.900197035803792,0.));
#11923=DIRECTION('',(0.,0.,1.));
#11924=DIRECTION('',(1.,0.,0.));
#11925=DIRECTION('',(0.415297884235482,0.909685477156546,0.));
#11926=DIRECTION('',(0.909685477156546,-0.415297884235482,0.));
#11927=DIRECTION('',(0.909685477156546,-0.415297884235482,0.));
#11928=DIRECTION('',(0.707176553895637,0.707037001592061,0.));
#11929=DIRECTION('',(0.707037001592061,-0.707176553895637,0.));
#11930=DIRECTION('',(0.707037001592061,-0.707176553895637,0.));
#11931=DIRECTION('',(0.,0.,1.));
#11932=DIRECTION('',(1.,0.,0.));
#11933=DIRECTION('',(-0.399652626942726,0.916666666666667,0.));
#11934=DIRECTION('',(0.916666666666667,0.399652626942726,0.));
#11935=DIRECTION('',(0.916666666666667,0.399652626942726,0.));
#11936=DIRECTION('',(0.,0.,1.));
#11937=DIRECTION('',(1.,0.,0.));
#11938=DIRECTION('',(-0.399652626942726,-0.916666666666667,0.));
#11939=DIRECTION('',(-0.916666666666667,0.399652626942726,0.));
#11940=DIRECTION('',(-0.916666666666667,0.399652626942726,0.));
#11941=DIRECTION('',(0.,0.,1.));
#11942=DIRECTION('',(1.,0.,0.));
#11943=DIRECTION('',(0.415297884235482,-0.909685477156546,0.));
#11944=DIRECTION('',(-0.909685477156546,-0.415297884235482,0.));
#11945=DIRECTION('',(-0.909685477156546,-0.415297884235482,0.));
#11946=DIRECTION('',(0.,0.,1.));
#11947=DIRECTION('',(1.,0.,0.));
#11948=DIRECTION('',(0.900197035803792,-0.435482831728263,0.));
#11949=DIRECTION('',(-0.435482831728263,-0.900197035803792,0.));
#11950=DIRECTION('',(-0.435482831728263,-0.900197035803792,0.));
#11951=DIRECTION('',(0.707176553895637,-0.707037001592061,0.));
#11952=DIRECTION('',(-0.707037001592061,-0.707176553895637,0.));
#11953=DIRECTION('',(-0.707037001592061,-0.707176553895637,0.));
#11954=DIRECTION('',(0.,0.,1.));
#11955=DIRECTION('',(1.,0.,0.));
#11956=DIRECTION('',(0.,0.,-1.));
#11957=DIRECTION('',(0.,1.,0.));
#11958=DIRECTION('',(-0.999983924669936,-0.00567013242458006,0.));
#11959=DIRECTION('',(0.,0.,-1.));
#11960=DIRECTION('',(0.,1.,0.));
#11961=DIRECTION('',(-0.999983924669936,-0.00567013242458006,0.));
#11962=DIRECTION('',(0.,0.,-1.));
#11963=DIRECTION('',(0.,1.,0.));
#11964=DIRECTION('',(-0.999983924669936,-0.00567013242458006,0.));
#11965=DIRECTION('',(0.,0.,-1.));
#11966=DIRECTION('',(0.,1.,0.));
#11967=DIRECTION('',(-0.999983924669936,-0.00567013242458006,0.));
#11968=DIRECTION('',(0.,0.,-1.));
#11969=DIRECTION('',(0.,1.,0.));
#11970=DIRECTION('',(-0.999983924669936,-0.00567013242458006,0.));
#11971=DIRECTION('',(0.,-1.,0.));
#11972=DIRECTION('',(1.,0.,0.));
#11973=DIRECTION('',(0.,-1.,0.));
#11974=DIRECTION('',(0.,0.,-1.));
#11975=DIRECTION('',(0.,-1.,0.));
#11976=DIRECTION('',(0.,0.,-1.));
#11977=DIRECTION('',(0.,1.,0.));
#11978=DIRECTION('',(-0.999983924669936,-0.00567013242458006,0.));
#11979=DIRECTION('',(-0.00541933735417461,0.9999853152835,0.));
#11980=DIRECTION('',(0.999985315283501,0.00541933735417462,0.));
#11981=DIRECTION('',(0.,0.,1.));
#11982=DIRECTION('',(0.999985315283501,0.00541933735417462,0.));
#11983=DIRECTION('',(0.,0.,1.));
#11984=DIRECTION('',(0.9999853152835,0.00541933735417462,0.));
#11985=DIRECTION('',(0.,0.,-1.));
#11986=DIRECTION('',(0.,0.,-1.));
#11987=DIRECTION('',(0.9999853152835,0.00541933735417462,0.));
#11988=DIRECTION('',(0.,0.,1.));
#11989=DIRECTION('',(0.9999853152835,0.00541933735417462,0.));
#11990=DIRECTION('',(0.,0.,1.));
#11991=DIRECTION('',(0.9999853152835,0.00541933735417462,0.));
#11992=DIRECTION('',(0.,0.,1.));
#11993=DIRECTION('',(0.9999853152835,0.00541933735417462,0.));
#11994=DIRECTION('',(0.,0.,1.));
#11995=DIRECTION('',(1.,0.,0.));
#11996=DIRECTION('',(0.,-1.,0.));
#11997=DIRECTION('',(1.,0.,0.));
#11998=DIRECTION('',(0.,-1.,0.));
#11999=DIRECTION('',(0.,0.,-1.));
#12000=DIRECTION('',(0.,1.,0.));
#12001=DIRECTION('',(0.,0.,-1.));
#12002=DIRECTION('',(0.,0.,-1.));
#12003=DIRECTION('',(0.,1.,0.));
#12004=DIRECTION('',(0.,0.,-1.));
#12005=DIRECTION('',(0.,0.,-1.));
#12006=DIRECTION('',(0.,1.,0.));
#12007=DIRECTION('',(1.,0.,0.));
#12008=DIRECTION('',(0.,-1.,0.));
#12009=DIRECTION('',(0.,-1.,0.));
#12010=DIRECTION('',(0.,1.,0.));
#12011=DIRECTION('',(1.,0.,0.));
#12012=DIRECTION('',(0.,-1.,0.));
#12013=DIRECTION('',(0.,-1.,0.));
#12014=DIRECTION('',(0.,1.,0.));
#12015=DIRECTION('',(0.,0.,-1.));
#12016=DIRECTION('',(0.,1.,0.));
#12017=DIRECTION('',(0.,0.,-1.));
#12018=DIRECTION('',(0.,1.,0.));
#12019=DIRECTION('',(0.,0.,-1.));
#12020=DIRECTION('',(0.,1.,0.));
#12021=DIRECTION('',(0.,0.,-1.));
#12022=DIRECTION('',(0.,0.,-1.));
#12023=DIRECTION('',(0.,1.,0.));
#12024=DIRECTION('',(0.,0.,-1.));
#12025=DIRECTION('',(0.,0.,-1.));
#12026=DIRECTION('',(0.,1.,0.));
#12027=DIRECTION('',(1.,0.,0.));
#12028=DIRECTION('',(0.,-1.,0.));
#12029=DIRECTION('',(0.,-1.,0.));
#12030=DIRECTION('',(0.,1.,0.));
#12031=DIRECTION('',(1.,0.,0.));
#12032=DIRECTION('',(0.,-1.,0.));
#12033=DIRECTION('',(0.,-1.,0.));
#12034=DIRECTION('',(0.,1.,0.));
#12035=DIRECTION('',(0.,0.,-1.));
#12036=DIRECTION('',(0.,1.,0.));
#12037=DIRECTION('',(0.,0.,-1.));
#12038=DIRECTION('',(0.,1.,0.));
#12039=DIRECTION('',(0.00567013242458006,-0.999983924669936,0.));
#12040=DIRECTION('',(-0.999983924669936,-0.00567013242458006,0.));
#12041=DIRECTION('',(0.00567013242458006,-0.999983924669936,0.));
#12042=DIRECTION('',(-0.999983924669936,-0.00567013242458006,0.));
#12043=DIRECTION('',(0.00567013242458006,-0.999983924669936,0.));
#12044=DIRECTION('',(-0.999983924669936,-0.00567013242458006,0.));
#12045=DIRECTION('',(0.,0.,-1.));
#12046=DIRECTION('',(0.,1.,0.));
#12047=DIRECTION('',(0.,0.,-1.));
#12048=DIRECTION('',(0.,0.,-1.));
#12049=DIRECTION('',(0.,1.,0.));
#12050=DIRECTION('',(0.,0.,-1.));
#12051=DIRECTION('',(0.,0.,-1.));
#12052=DIRECTION('',(0.,1.,0.));
#12053=DIRECTION('',(1.,0.,0.));
#12054=DIRECTION('',(0.,-1.,0.));
#12055=DIRECTION('',(0.,-1.,0.));
#12056=DIRECTION('',(0.,1.,0.));
#12057=DIRECTION('',(1.,0.,0.));
#12058=DIRECTION('',(0.,-1.,0.));
#12059=DIRECTION('',(0.,-1.,0.));
#12060=DIRECTION('',(0.,1.,0.));
#12061=DIRECTION('',(0.,0.,-1.));
#12062=DIRECTION('',(0.,1.,0.));
#12063=DIRECTION('',(0.,0.,-1.));
#12064=DIRECTION('',(0.,1.,0.));
#12065=DIRECTION('',(0.,0.,1.));
#12066=DIRECTION('',(0.,-1.,0.));
#12067=DIRECTION('',(0.,1.,0.));
#12068=DIRECTION('',(0.,1.,0.));
#12069=DIRECTION('',(-1.,0.,0.));
#12070=DIRECTION('',(0.,1.,0.));
#12071=DIRECTION('',(0.,1.,0.));
#12072=DIRECTION('',(0.,0.,1.));
#12073=DIRECTION('',(0.,-1.,0.));
#12074=DIRECTION('',(0.,1.,0.));
#12075=DIRECTION('',(1.,0.,0.));
#12076=DIRECTION('',(0.,-1.,0.));
#12077=DIRECTION('',(0.,0.,1.));
#12078=DIRECTION('',(1.,0.,0.));
#12079=DIRECTION('',(1.11022302462516E-16,0.,-1.));
#12080=DIRECTION('',(1.,-1.22464679914735E-16,1.11022302462516E-16));
#12081=DIRECTION('',(-1.22464679914735E-16,-1.,-1.35963107344689E-32));
#12082=DIRECTION('',(-1.,1.22464679914735E-16,-2.22044604925032E-16));
#12083=DIRECTION('',(1.11022302462516E-16,0.,-1.));
#12084=DIRECTION('',(-1.,1.22464679914735E-16,-1.11022302462516E-16));
#12085=DIRECTION('',(-1.,0.,0.));
#12086=DIRECTION('',(0.,1.,0.));
#12087=DIRECTION('',(0.,0.,1.));
#12088=DIRECTION('',(0.,-1.,0.));
#12089=DIRECTION('',(1.,0.,0.));
#12090=DIRECTION('',(0.,-1.,0.));
#12091=DIRECTION('',(0.,0.,1.));
#12092=DIRECTION('',(0.,-1.,0.));
#12093=DIRECTION('',(-1.22464679914735E-16,-1.,-1.35963107344689E-32));
#12094=DIRECTION('',(-1.,1.22464679914735E-16,-2.22044604925032E-16));
#12095=DIRECTION('',(1.,0.,0.));
#12096=DIRECTION('',(0.,-1.,0.));
#12097=DIRECTION('',(0.,1.,0.));
#12098=DIRECTION('',(1.,0.,0.));
#12099=DIRECTION('',(1.,0.,0.));
#12100=DIRECTION('',(0.,-1.,0.));
#12101=DIRECTION('',(-1.22464679914735E-16,-1.,-1.35963107344689E-32));
#12102=DIRECTION('',(-1.,1.22464679914735E-16,-2.22044604925032E-16));
#12103=DIRECTION('',(0.,0.,1.));
#12104=DIRECTION('',(-1.,0.,0.));
#12105=DIRECTION('',(0.,0.,1.));
#12106=DIRECTION('',(0.,-1.,0.));
#12107=DIRECTION('',(-1.,0.,0.));
#12108=DIRECTION('',(-1.,0.,0.));
#12109=DIRECTION('',(0.,0.,-1.));
#12110=DIRECTION('',(-1.,0.,0.));
#12111=DIRECTION('',(0.,0.,-1.));
#12112=DIRECTION('',(1.,0.,0.));
#12113=DIRECTION('',(0.,-1.,0.));
#12114=DIRECTION('',(1.,0.,0.));
#12115=DIRECTION('',(0.,-1.,0.));
#12116=DIRECTION('',(0.,-1.,0.));
#12117=DIRECTION('',(0.,-1.,0.));
#12118=DIRECTION('',(-1.,0.,0.));
#12119=DIRECTION('',(0.,1.,0.));
#12120=DIRECTION('',(1.,0.,0.));
#12121=DIRECTION('',(0.,-1.,0.));
#12122=DIRECTION('',(0.,1.,0.));
#12123=DIRECTION('',(0.,1.,0.));
#12124=DIRECTION('',(0.,0.,1.));
#12125=DIRECTION('',(1.,0.,0.));
#12126=DIRECTION('',(0.,0.,1.));
#12127=DIRECTION('',(1.,0.,0.));
#12128=DIRECTION('',(1.,0.,0.));
#12129=DIRECTION('',(0.,-1.,0.));
#12130=DIRECTION('',(1.,0.,0.));
#12131=DIRECTION('',(0.,0.,-1.));
#12132=DIRECTION('',(0.,-1.,0.));
#12133=DIRECTION('',(0.,0.,-1.));
#12134=DIRECTION('',(1.,0.,0.));
#12135=DIRECTION('',(0.,0.,-1.));
#12136=DIRECTION('',(0.,0.,-1.));
#12137=DIRECTION('',(0.,-1.,0.));
#12138=DIRECTION('',(0.,0.,-1.));
#12139=DIRECTION('',(0.,1.,0.));
#12140=DIRECTION('',(-1.,0.,0.));
#12141=DIRECTION('',(0.,1.,0.));
#12142=DIRECTION('',(1.,0.,0.));
#12143=DIRECTION('',(0.,0.,1.));
#12144=DIRECTION('',(1.,0.,0.));
#12145=DIRECTION('',(0.,0.,-1.));
#12146=DIRECTION('',(0.,1.,0.));
#12147=DIRECTION('',(0.,0.,-1.));
#12148=DIRECTION('',(0.,0.,-1.));
#12149=DIRECTION('',(0.,1.,0.));
#12150=DIRECTION('',(0.,0.,-1.));
#12151=DIRECTION('',(0.,0.,-1.));
#12152=DIRECTION('',(0.,1.,0.));
#12153=DIRECTION('',(0.,0.,-1.));
#12154=DIRECTION('',(0.,0.,-1.));
#12155=DIRECTION('',(0.,1.,0.));
#12156=DIRECTION('',(0.,0.,-1.));
#12157=DIRECTION('',(0.,0.,-1.));
#12158=DIRECTION('',(0.,1.,0.));
#12159=DIRECTION('',(0.,0.,-1.));
#12160=DIRECTION('',(0.,1.,0.));
#12161=DIRECTION('',(0.,0.,1.));
#12162=DIRECTION('',(0.,-1.,0.));
#12163=DIRECTION('',(0.,0.,-1.));
#12164=DIRECTION('',(0.,0.,-1.));
#12165=DIRECTION('',(0.,1.,0.));
#12166=DIRECTION('',(0.,0.,-1.));
#12167=DIRECTION('',(0.,0.,-1.));
#12168=DIRECTION('',(0.,1.,0.));
#12169=DIRECTION('',(0.,0.,-1.));
#12170=DIRECTION('',(0.,1.,0.));
#12171=DIRECTION('',(0.,0.,-1.));
#12172=DIRECTION('',(0.,1.,0.));
#12173=DIRECTION('',(0.,0.,-1.));
#12174=DIRECTION('',(0.,0.,-1.));
#12175=DIRECTION('',(0.,1.,0.));
#12176=DIRECTION('',(0.,0.,-1.));
#12177=DIRECTION('',(0.,0.,-1.));
#12178=DIRECTION('',(0.,1.,0.));
#12179=DIRECTION('',(0.,0.,-1.));
#12180=DIRECTION('',(0.,0.,-1.));
#12181=DIRECTION('',(0.,1.,0.));
#12182=DIRECTION('',(0.,0.,-1.));
#12183=DIRECTION('',(0.,0.,1.));
#12184=DIRECTION('',(0.,-1.,0.));
#12185=DIRECTION('',(0.,0.,-1.));
#12186=DIRECTION('',(0.,1.,0.));
#12187=DIRECTION('',(0.,0.,-1.));
#12188=DIRECTION('',(0.,1.,0.));
#12189=DIRECTION('',(0.,0.,-1.));
#12190=DIRECTION('',(0.,0.,-1.));
#12191=DIRECTION('',(0.,1.,0.));
#12192=DIRECTION('',(0.,0.,-1.));
#12193=DIRECTION('',(0.,0.,-1.));
#12194=DIRECTION('',(-1.,0.,0.));
#12195=DIRECTION('',(0.,0.,1.));
#12196=DIRECTION('',(0.,-1.,0.));
#12197=DIRECTION('',(0.,0.,-1.));
#12198=DIRECTION('',(0.,1.,0.));
#12199=DIRECTION('',(0.,-1.,0.));
#12200=DIRECTION('',(0.,-1.,0.));
#12201=DIRECTION('',(-1.,0.,0.));
#12202=DIRECTION('',(0.,1.,0.));
#12203=DIRECTION('',(0.,-1.,0.));
#12204=DIRECTION('',(0.,0.,-1.));
#12205=DIRECTION('',(0.,1.,0.));
#12206=DIRECTION('',(0.,-1.,0.));
#12207=DIRECTION('',(-1.,0.,0.));
#12208=DIRECTION('',(0.,1.,0.));
#12209=DIRECTION('',(-1.,0.,0.));
#12210=DIRECTION('',(0.,1.,0.));
#12211=DIRECTION('',(0.,-1.,0.));
#12212=DIRECTION('',(0.,-1.,0.));
#12213=DIRECTION('',(0.,0.,-1.));
#12214=DIRECTION('',(0.,1.,0.));
#12215=DIRECTION('',(0.,-1.,0.));
#12216=DIRECTION('',(-1.,0.,0.));
#12217=DIRECTION('',(0.,1.,0.));
#12218=DIRECTION('',(0.,-1.,0.));
#12219=DIRECTION('',(0.,0.,-1.));
#12220=DIRECTION('',(0.,1.,0.));
#12221=DIRECTION('',(-1.,0.,0.));
#12222=DIRECTION('',(0.,1.,0.));
#12223=DIRECTION('',(0.,-1.,0.));
#12224=DIRECTION('',(0.,-1.,0.));
#12225=DIRECTION('',(0.,0.,-1.));
#12226=DIRECTION('',(0.,1.,0.));
#12227=DIRECTION('',(0.,-1.,0.));
#12228=DIRECTION('',(-1.,0.,0.));
#12229=DIRECTION('',(0.,1.,0.));
#12230=DIRECTION('',(0.,-1.,0.));
#12231=DIRECTION('',(0.,0.,-1.));
#12232=DIRECTION('',(0.,1.,0.));
#12233=DIRECTION('',(0.,0.,1.));
#12234=DIRECTION('',(1.,0.,0.));
#12235=DIRECTION('',(0.,-1.,0.));
#12236=DIRECTION('',(-1.,0.,0.));
#12237=DIRECTION('',(0.,1.,0.));
#12238=DIRECTION('',(1.,0.,0.));
#12239=DIRECTION('',(0.,1.,0.));
#12240=DIRECTION('',(1.,0.,0.));
#12241=DIRECTION('',(0.,1.,0.));
#12242=DIRECTION('',(1.,0.,0.));
#12243=DIRECTION('',(0.,1.,0.));
#12244=DIRECTION('',(1.,0.,0.));
#12245=CARTESIAN_POINT('',(0.,0.,0.));
#12246=CARTESIAN_POINT('',(6.35,-71.4604245319366,-81.1672149436034));
#12247=CARTESIAN_POINT('',(0.,-71.4604245319366,-79.4657375716658));
#12248=CARTESIAN_POINT('',(0.,-71.4604245319366,-195.340381152136));
#12249=CARTESIAN_POINT('',(0.,-71.4604245319366,-196.06895035684));
#12250=CARTESIAN_POINT('',(6.35,-71.4604245319366,-197.041858524074));
#12251=CARTESIAN_POINT('',(6.35,-71.4604245319366,-197.041858524074));
#12252=CARTESIAN_POINT('',(6.35,-71.4604245319366,-197.041858524074));
#12253=CARTESIAN_POINT('',(12.7,-71.4604245319366,-195.340381152136));
#12254=CARTESIAN_POINT('',(12.7,-71.4604245319366,-79.4657375716658));
#12255=CARTESIAN_POINT('',(12.7,-71.4604245319366,-196.06895035684));
#12256=CARTESIAN_POINT('',(6.35,-71.4604245319366,-197.770427728777));
#12257=CARTESIAN_POINT('',(6.35,-71.4604245319366,-197.770427728777));
#12258=CARTESIAN_POINT('',(6.35,-71.4604245319366,-197.770427728777));
#12259=CARTESIAN_POINT('',(6.35,-69.3034245319366,-196.256774728762));
#12260=CARTESIAN_POINT('',(12.7,-69.3034245319366,-194.555297356824));
#12261=CARTESIAN_POINT('',(12.7,-67.1464245319366,-193.770213561512));
#12262=CARTESIAN_POINT('',(6.35,-69.3034245319366,-196.256774728762));
#12263=CARTESIAN_POINT('',(6.35,-67.1464245319366,-195.47169093345));
#12264=CARTESIAN_POINT('',(6.35,-67.1464245319366,-195.47169093345));
#12265=CARTESIAN_POINT('',(6.35,-69.3034245319366,-193.000895421613));
#12266=CARTESIAN_POINT('',(12.7,-69.3034245319366,-191.299418049675));
#12267=CARTESIAN_POINT('',(12.7,-71.4604245319366,-190.514334254363));
#12268=CARTESIAN_POINT('',(12.7,-67.1464245319366,-192.084501844988));
#12269=CARTESIAN_POINT('',(6.35,-67.1464245319366,-193.785979216925));
#12270=CARTESIAN_POINT('',(6.35,-67.1464245319366,-193.785979216925));
#12271=CARTESIAN_POINT('',(6.35,-69.3034245319366,-193.000895421613));
#12272=CARTESIAN_POINT('',(6.35,-71.4604245319366,-192.215811626301));
#12273=CARTESIAN_POINT('',(6.35,-71.4604245319366,-192.215811626301));
#12274=CARTESIAN_POINT('',(6.35,-69.3034245319366,-193.000895421613));
#12275=CARTESIAN_POINT('',(0.,-69.3034245319366,-191.299418049675));
#12276=CARTESIAN_POINT('',(0.,-71.4604245319366,-190.514334254363));
#12277=CARTESIAN_POINT('',(0.,-67.1464245319366,-192.084501844988));
#12278=CARTESIAN_POINT('',(6.35,-71.4604245319366,-192.215811626301));
#12279=CARTESIAN_POINT('',(6.35,-67.1464245319366,-193.785979216925));
#12280=CARTESIAN_POINT('',(6.35,-69.3034245319366,-196.256774728762));
#12281=CARTESIAN_POINT('',(0.,-69.3034245319366,-194.555297356824));
#12282=CARTESIAN_POINT('',(0.,-67.1464245319366,-193.770213561512));
#12283=CARTESIAN_POINT('',(6.35,-67.1464245319366,-195.47169093345));
#12284=CARTESIAN_POINT('',(6.35,-67.1464245319366,-194.628835075187));
#12285=CARTESIAN_POINT('',(0.,-67.1464245319366,-192.92735770325));
#12286=CARTESIAN_POINT('',(12.7,-67.1464245319366,-192.92735770325));
#12287=CARTESIAN_POINT('',(6.35,-71.4604245319366,-81.1672149436034));
#12288=CARTESIAN_POINT('',(0.,-71.4604245319366,-79.4657375716658));
#12289=CARTESIAN_POINT('',(0.,-71.4604245319366,-189.057195844957));
#12290=CARTESIAN_POINT('',(6.35,-71.4604245319366,-190.758673216895));
#12291=CARTESIAN_POINT('',(6.35,-71.4604245319366,-190.758673216895));
#12292=CARTESIAN_POINT('',(6.35,-71.4604245319366,-190.758673216895));
#12293=CARTESIAN_POINT('',(12.7,-71.4604245319366,-189.057195844957));
#12294=CARTESIAN_POINT('',(12.7,-71.4604245319366,-79.4657375716658));
#12295=CARTESIAN_POINT('',(6.35,-69.3034245319366,-189.973589421583));
#12296=CARTESIAN_POINT('',(12.7,-69.3034245319366,-188.272112049645));
#12297=CARTESIAN_POINT('',(12.7,-67.1464245319366,-187.487028254333));
#12298=CARTESIAN_POINT('',(6.35,-69.3034245319366,-189.973589421583));
#12299=CARTESIAN_POINT('',(6.35,-67.1464245319366,-189.188505626271));
#12300=CARTESIAN_POINT('',(6.35,-67.1464245319366,-189.188505626271));
#12301=CARTESIAN_POINT('',(6.35,-69.3034245319366,-186.717710114433));
#12302=CARTESIAN_POINT('',(12.7,-69.3034245319366,-185.016232742496));
#12303=CARTESIAN_POINT('',(12.7,-71.4604245319366,-184.231148947183));
#12304=CARTESIAN_POINT('',(12.7,-67.1464245319366,-185.801316537808));
#12305=CARTESIAN_POINT('',(6.35,-67.1464245319366,-187.502793909745));
#12306=CARTESIAN_POINT('',(6.35,-67.1464245319366,-187.502793909745));
#12307=CARTESIAN_POINT('',(6.35,-69.3034245319366,-186.717710114433));
#12308=CARTESIAN_POINT('',(6.35,-71.4604245319366,-185.932626319121));
#12309=CARTESIAN_POINT('',(6.35,-71.4604245319366,-185.932626319121));
#12310=CARTESIAN_POINT('',(6.35,-69.3034245319366,-186.717710114433));
#12311=CARTESIAN_POINT('',(0.,-69.3034245319366,-185.016232742496));
#12312=CARTESIAN_POINT('',(0.,-71.4604245319366,-184.231148947183));
#12313=CARTESIAN_POINT('',(0.,-67.1464245319366,-185.801316537808));
#12314=CARTESIAN_POINT('',(6.35,-71.4604245319366,-185.932626319121));
#12315=CARTESIAN_POINT('',(6.35,-67.1464245319366,-187.502793909745));
#12316=CARTESIAN_POINT('',(6.35,-69.3034245319366,-189.973589421583));
#12317=CARTESIAN_POINT('',(0.,-69.3034245319366,-188.272112049645));
#12318=CARTESIAN_POINT('',(0.,-67.1464245319366,-187.487028254333));
#12319=CARTESIAN_POINT('',(6.35,-67.1464245319366,-189.188505626271));
#12320=CARTESIAN_POINT('',(6.35,-67.1464245319366,-188.345649768008));
#12321=CARTESIAN_POINT('',(0.,-67.1464245319366,-186.64417239607));
#12322=CARTESIAN_POINT('',(12.7,-67.1464245319366,-186.64417239607));
#12323=CARTESIAN_POINT('',(6.35,-71.4604245319366,-81.1672149436034));
#12324=CARTESIAN_POINT('',(0.,-71.4604245319366,-79.4657375716658));
#12325=CARTESIAN_POINT('',(0.,-71.4604245319366,-182.774010537778));
#12326=CARTESIAN_POINT('',(6.35,-71.4604245319366,-184.475487909715));
#12327=CARTESIAN_POINT('',(6.35,-71.4604245319366,-184.475487909715));
#12328=CARTESIAN_POINT('',(6.35,-71.4604245319366,-184.475487909715));
#12329=CARTESIAN_POINT('',(12.7,-71.4604245319366,-182.774010537778));
#12330=CARTESIAN_POINT('',(12.7,-71.4604245319366,-79.4657375716658));
#12331=CARTESIAN_POINT('',(6.35,-69.3034245319366,-183.690404114403));
#12332=CARTESIAN_POINT('',(12.7,-69.3034245319366,-181.988926742466));
#12333=CARTESIAN_POINT('',(12.7,-67.1464245319366,-181.203842947153));
#12334=CARTESIAN_POINT('',(6.35,-69.3034245319366,-183.690404114403));
#12335=CARTESIAN_POINT('',(6.35,-67.1464245319366,-182.905320319091));
#12336=CARTESIAN_POINT('',(6.35,-67.1464245319366,-182.905320319091));
#12337=CARTESIAN_POINT('',(6.35,-69.3034245319366,-180.434524807253));
#12338=CARTESIAN_POINT('',(12.7,-69.3034245319366,-178.733047435316));
#12339=CARTESIAN_POINT('',(12.7,-71.4604245319366,-177.947963640004));
#12340=CARTESIAN_POINT('',(12.7,-67.1464245319366,-179.518131230628));
#12341=CARTESIAN_POINT('',(6.35,-67.1464245319366,-181.219608602566));
#12342=CARTESIAN_POINT('',(6.35,-67.1464245319366,-181.219608602566));
#12343=CARTESIAN_POINT('',(6.35,-69.3034245319366,-180.434524807253));
#12344=CARTESIAN_POINT('',(6.35,-71.4604245319366,-179.649441011941));
#12345=CARTESIAN_POINT('',(6.35,-71.4604245319366,-179.649441011941));
#12346=CARTESIAN_POINT('',(6.35,-69.3034245319366,-180.434524807253));
#12347=CARTESIAN_POINT('',(0.,-69.3034245319366,-178.733047435316));
#12348=CARTESIAN_POINT('',(0.,-71.4604245319366,-177.947963640004));
#12349=CARTESIAN_POINT('',(0.,-67.1464245319366,-179.518131230628));
#12350=CARTESIAN_POINT('',(6.35,-71.4604245319366,-179.649441011941));
#12351=CARTESIAN_POINT('',(6.35,-67.1464245319366,-181.219608602566));
#12352=CARTESIAN_POINT('',(6.35,-69.3034245319366,-183.690404114403));
#12353=CARTESIAN_POINT('',(0.,-69.3034245319366,-181.988926742466));
#12354=CARTESIAN_POINT('',(0.,-67.1464245319366,-181.203842947153));
#12355=CARTESIAN_POINT('',(6.35,-67.1464245319366,-182.905320319091));
#12356=CARTESIAN_POINT('',(6.35,-67.1464245319366,-182.062464460828));
#12357=CARTESIAN_POINT('',(0.,-67.1464245319366,-180.360987088891));
#12358=CARTESIAN_POINT('',(12.7,-67.1464245319366,-180.360987088891));
#12359=CARTESIAN_POINT('',(6.35,-71.4604245319366,-81.1672149436034));
#12360=CARTESIAN_POINT('',(0.,-71.4604245319366,-79.4657375716658));
#12361=CARTESIAN_POINT('',(0.,-71.4604245319366,-176.490825230598));
#12362=CARTESIAN_POINT('',(6.35,-71.4604245319366,-178.192302602535));
#12363=CARTESIAN_POINT('',(6.35,-71.4604245319366,-178.192302602535));
#12364=CARTESIAN_POINT('',(6.35,-71.4604245319366,-178.192302602535));
#12365=CARTESIAN_POINT('',(12.7,-71.4604245319366,-176.490825230598));
#12366=CARTESIAN_POINT('',(12.7,-71.4604245319366,-79.4657375716658));
#12367=CARTESIAN_POINT('',(6.35,-69.3034245319366,-177.407218807224));
#12368=CARTESIAN_POINT('',(12.7,-69.3034245319366,-175.705741435285));
#12369=CARTESIAN_POINT('',(12.7,-67.1464245319366,-174.920657639973));
#12370=CARTESIAN_POINT('',(6.35,-69.3034245319366,-177.407218807224));
#12371=CARTESIAN_POINT('',(6.35,-67.1464245319366,-176.622135011911));
#12372=CARTESIAN_POINT('',(6.35,-67.1464245319366,-176.622135011911));
#12373=CARTESIAN_POINT('',(6.35,-69.3034245319366,-174.151339500074));
#12374=CARTESIAN_POINT('',(12.7,-69.3034245319366,-172.449862128136));
#12375=CARTESIAN_POINT('',(12.7,-71.4604245319366,-171.664778332824));
#12376=CARTESIAN_POINT('',(12.7,-67.1464245319366,-173.234945923448));
#12377=CARTESIAN_POINT('',(6.35,-67.1464245319366,-174.936423295386));
#12378=CARTESIAN_POINT('',(6.35,-67.1464245319366,-174.936423295386));
#12379=CARTESIAN_POINT('',(6.35,-69.3034245319366,-174.151339500074));
#12380=CARTESIAN_POINT('',(6.35,-71.4604245319366,-173.366255704762));
#12381=CARTESIAN_POINT('',(6.35,-71.4604245319366,-173.366255704762));
#12382=CARTESIAN_POINT('',(6.35,-69.3034245319366,-174.151339500074));
#12383=CARTESIAN_POINT('',(0.,-69.3034245319366,-172.449862128136));
#12384=CARTESIAN_POINT('',(0.,-71.4604245319366,-171.664778332824));
#12385=CARTESIAN_POINT('',(0.,-67.1464245319366,-173.234945923448));
#12386=CARTESIAN_POINT('',(6.35,-71.4604245319366,-173.366255704762));
#12387=CARTESIAN_POINT('',(6.35,-67.1464245319366,-174.936423295386));
#12388=CARTESIAN_POINT('',(6.35,-69.3034245319366,-177.407218807224));
#12389=CARTESIAN_POINT('',(0.,-69.3034245319366,-175.705741435285));
#12390=CARTESIAN_POINT('',(0.,-67.1464245319366,-174.920657639973));
#12391=CARTESIAN_POINT('',(6.35,-67.1464245319366,-176.622135011911));
#12392=CARTESIAN_POINT('',(6.35,-67.1464245319366,-175.779279153649));
#12393=CARTESIAN_POINT('',(0.,-67.1464245319366,-174.077801781711));
#12394=CARTESIAN_POINT('',(12.7,-67.1464245319366,-174.077801781711));
#12395=CARTESIAN_POINT('',(6.35,-71.4604245319366,-81.1672149436034));
#12396=CARTESIAN_POINT('',(0.,-71.4604245319366,-79.4657375716658));
#12397=CARTESIAN_POINT('',(0.,-71.4604245319366,-170.207639923418));
#12398=CARTESIAN_POINT('',(6.35,-71.4604245319366,-171.909117295356));
#12399=CARTESIAN_POINT('',(6.35,-71.4604245319366,-171.909117295356));
#12400=CARTESIAN_POINT('',(6.35,-71.4604245319366,-171.909117295356));
#12401=CARTESIAN_POINT('',(12.7,-71.4604245319366,-170.207639923418));
#12402=CARTESIAN_POINT('',(12.7,-71.4604245319366,-79.4657375716658));
#12403=CARTESIAN_POINT('',(6.35,-69.3034245319366,-171.124033500043));
#12404=CARTESIAN_POINT('',(12.7,-69.3034245319366,-169.422556128106));
#12405=CARTESIAN_POINT('',(12.7,-67.1464245319366,-168.637472332794));
#12406=CARTESIAN_POINT('',(6.35,-69.3034245319366,-171.124033500043));
#12407=CARTESIAN_POINT('',(6.35,-67.1464245319366,-170.338949704731));
#12408=CARTESIAN_POINT('',(6.35,-67.1464245319366,-170.338949704731));
#12409=CARTESIAN_POINT('',(6.35,-69.3034245319366,-167.868154192895));
#12410=CARTESIAN_POINT('',(12.7,-69.3034245319366,-166.166676820956));
#12411=CARTESIAN_POINT('',(12.7,-71.4604245319366,-165.381593025644));
#12412=CARTESIAN_POINT('',(12.7,-67.1464245319366,-166.951760616269));
#12413=CARTESIAN_POINT('',(6.35,-67.1464245319366,-168.653237988207));
#12414=CARTESIAN_POINT('',(6.35,-67.1464245319366,-168.653237988207));
#12415=CARTESIAN_POINT('',(6.35,-69.3034245319366,-167.868154192895));
#12416=CARTESIAN_POINT('',(6.35,-71.4604245319366,-167.083070397582));
#12417=CARTESIAN_POINT('',(6.35,-71.4604245319366,-167.083070397582));
#12418=CARTESIAN_POINT('',(6.35,-69.3034245319366,-167.868154192895));
#12419=CARTESIAN_POINT('',(0.,-69.3034245319366,-166.166676820956));
#12420=CARTESIAN_POINT('',(0.,-71.4604245319366,-165.381593025644));
#12421=CARTESIAN_POINT('',(0.,-67.1464245319366,-166.951760616269));
#12422=CARTESIAN_POINT('',(6.35,-71.4604245319366,-167.083070397582));
#12423=CARTESIAN_POINT('',(6.35,-67.1464245319366,-168.653237988207));
#12424=CARTESIAN_POINT('',(6.35,-69.3034245319366,-171.124033500043));
#12425=CARTESIAN_POINT('',(0.,-69.3034245319366,-169.422556128106));
#12426=CARTESIAN_POINT('',(0.,-67.1464245319366,-168.637472332794));
#12427=CARTESIAN_POINT('',(6.35,-67.1464245319366,-170.338949704731));
#12428=CARTESIAN_POINT('',(6.35,-67.1464245319366,-169.496093846469));
#12429=CARTESIAN_POINT('',(0.,-67.1464245319366,-167.794616474531));
#12430=CARTESIAN_POINT('',(12.7,-67.1464245319366,-167.794616474531));
#12431=CARTESIAN_POINT('',(6.35,-71.4604245319366,-81.1672149436034));
#12432=CARTESIAN_POINT('',(0.,-71.4604245319366,-79.4657375716658));
#12433=CARTESIAN_POINT('',(0.,-71.4604245319366,-163.924454616239));
#12434=CARTESIAN_POINT('',(6.35,-71.4604245319366,-165.625931988176));
#12435=CARTESIAN_POINT('',(6.35,-71.4604245319366,-165.625931988176));
#12436=CARTESIAN_POINT('',(6.35,-71.4604245319366,-165.625931988176));
#12437=CARTESIAN_POINT('',(12.7,-71.4604245319366,-163.924454616239));
#12438=CARTESIAN_POINT('',(12.7,-71.4604245319366,-79.4657375716658));
#12439=CARTESIAN_POINT('',(6.35,-69.3034245319366,-164.840848192864));
#12440=CARTESIAN_POINT('',(12.7,-69.3034245319366,-163.139370820927));
#12441=CARTESIAN_POINT('',(12.7,-67.1464245319366,-162.354287025615));
#12442=CARTESIAN_POINT('',(6.35,-69.3034245319366,-164.840848192864));
#12443=CARTESIAN_POINT('',(6.35,-67.1464245319366,-164.055764397552));
#12444=CARTESIAN_POINT('',(6.35,-67.1464245319366,-164.055764397552));
#12445=CARTESIAN_POINT('',(6.35,-69.3034245319366,-161.584968885715));
#12446=CARTESIAN_POINT('',(12.7,-69.3034245319366,-159.883491513777));
#12447=CARTESIAN_POINT('',(12.7,-71.4604245319366,-159.098407718465));
#12448=CARTESIAN_POINT('',(12.7,-67.1464245319366,-160.66857530909));
#12449=CARTESIAN_POINT('',(6.35,-67.1464245319366,-162.370052681027));
#12450=CARTESIAN_POINT('',(6.35,-67.1464245319366,-162.370052681027));
#12451=CARTESIAN_POINT('',(6.35,-69.3034245319366,-161.584968885715));
#12452=CARTESIAN_POINT('',(6.35,-71.4604245319366,-160.799885090402));
#12453=CARTESIAN_POINT('',(6.35,-71.4604245319366,-160.799885090402));
#12454=CARTESIAN_POINT('',(6.35,-69.3034245319366,-161.584968885715));
#12455=CARTESIAN_POINT('',(0.,-69.3034245319366,-159.883491513777));
#12456=CARTESIAN_POINT('',(0.,-71.4604245319366,-159.098407718465));
#12457=CARTESIAN_POINT('',(0.,-67.1464245319366,-160.66857530909));
#12458=CARTESIAN_POINT('',(6.35,-71.4604245319366,-160.799885090402));
#12459=CARTESIAN_POINT('',(6.35,-67.1464245319366,-162.370052681027));
#12460=CARTESIAN_POINT('',(6.35,-69.3034245319366,-164.840848192864));
#12461=CARTESIAN_POINT('',(0.,-69.3034245319366,-163.139370820927));
#12462=CARTESIAN_POINT('',(0.,-67.1464245319366,-162.354287025615));
#12463=CARTESIAN_POINT('',(6.35,-67.1464245319366,-164.055764397552));
#12464=CARTESIAN_POINT('',(6.35,-67.1464245319366,-163.212908539289));
#12465=CARTESIAN_POINT('',(0.,-67.1464245319366,-161.511431167352));
#12466=CARTESIAN_POINT('',(12.7,-67.1464245319366,-161.511431167352));
#12467=CARTESIAN_POINT('',(6.35,-71.4604245319366,-81.1672149436034));
#12468=CARTESIAN_POINT('',(0.,-71.4604245319366,-79.4657375716658));
#12469=CARTESIAN_POINT('',(0.,-71.4604245319366,-157.641269309059));
#12470=CARTESIAN_POINT('',(6.35,-71.4604245319366,-159.342746680997));
#12471=CARTESIAN_POINT('',(6.35,-71.4604245319366,-159.342746680997));
#12472=CARTESIAN_POINT('',(6.35,-71.4604245319366,-159.342746680997));
#12473=CARTESIAN_POINT('',(12.7,-71.4604245319366,-157.641269309059));
#12474=CARTESIAN_POINT('',(12.7,-71.4604245319366,-79.4657375716658));
#12475=CARTESIAN_POINT('',(6.35,-69.3034245319366,-158.557662885684));
#12476=CARTESIAN_POINT('',(12.7,-69.3034245319366,-156.856185513747));
#12477=CARTESIAN_POINT('',(12.7,-67.1464245319366,-156.071101718435));
#12478=CARTESIAN_POINT('',(6.35,-69.3034245319366,-158.557662885684));
#12479=CARTESIAN_POINT('',(6.35,-67.1464245319366,-157.772579090372));
#12480=CARTESIAN_POINT('',(6.35,-67.1464245319366,-157.772579090372));
#12481=CARTESIAN_POINT('',(6.35,-69.3034245319366,-155.301783578535));
#12482=CARTESIAN_POINT('',(12.7,-69.3034245319366,-153.600306206598));
#12483=CARTESIAN_POINT('',(12.7,-71.4604245319366,-152.815222411286));
#12484=CARTESIAN_POINT('',(12.7,-67.1464245319366,-154.38539000191));
#12485=CARTESIAN_POINT('',(6.35,-67.1464245319366,-156.086867373847));
#12486=CARTESIAN_POINT('',(6.35,-67.1464245319366,-156.086867373847));
#12487=CARTESIAN_POINT('',(6.35,-69.3034245319366,-155.301783578535));
#12488=CARTESIAN_POINT('',(6.35,-71.4604245319366,-154.516699783223));
#12489=CARTESIAN_POINT('',(6.35,-71.4604245319366,-154.516699783223));
#12490=CARTESIAN_POINT('',(6.35,-69.3034245319366,-155.301783578535));
#12491=CARTESIAN_POINT('',(0.,-69.3034245319366,-153.600306206598));
#12492=CARTESIAN_POINT('',(0.,-71.4604245319366,-152.815222411286));
#12493=CARTESIAN_POINT('',(0.,-67.1464245319366,-154.38539000191));
#12494=CARTESIAN_POINT('',(6.35,-71.4604245319366,-154.516699783223));
#12495=CARTESIAN_POINT('',(6.35,-67.1464245319366,-156.086867373847));
#12496=CARTESIAN_POINT('',(6.35,-69.3034245319366,-158.557662885684));
#12497=CARTESIAN_POINT('',(0.,-69.3034245319366,-156.856185513747));
#12498=CARTESIAN_POINT('',(0.,-67.1464245319366,-156.071101718435));
#12499=CARTESIAN_POINT('',(6.35,-67.1464245319366,-157.772579090372));
#12500=CARTESIAN_POINT('',(6.35,-67.1464245319366,-156.92972323211));
#12501=CARTESIAN_POINT('',(0.,-67.1464245319366,-155.228245860172));
#12502=CARTESIAN_POINT('',(12.7,-67.1464245319366,-155.228245860172));
#12503=CARTESIAN_POINT('',(6.35,-71.4604245319366,-81.1672149436034));
#12504=CARTESIAN_POINT('',(0.,-71.4604245319366,-79.4657375716658));
#12505=CARTESIAN_POINT('',(0.,-71.4604245319366,-151.358084001879));
#12506=CARTESIAN_POINT('',(6.35,-71.4604245319366,-153.059561373817));
#12507=CARTESIAN_POINT('',(6.35,-71.4604245319366,-153.059561373817));
#12508=CARTESIAN_POINT('',(6.35,-71.4604245319366,-153.059561373817));
#12509=CARTESIAN_POINT('',(12.7,-71.4604245319366,-151.358084001879));
#12510=CARTESIAN_POINT('',(12.7,-71.4604245319366,-79.4657375716658));
#12511=CARTESIAN_POINT('',(6.35,-69.3034245319366,-152.274477578505));
#12512=CARTESIAN_POINT('',(12.7,-69.3034245319366,-150.573000206567));
#12513=CARTESIAN_POINT('',(12.7,-67.1464245319366,-149.787916411255));
#12514=CARTESIAN_POINT('',(6.35,-69.3034245319366,-152.274477578505));
#12515=CARTESIAN_POINT('',(6.35,-67.1464245319366,-151.489393783193));
#12516=CARTESIAN_POINT('',(6.35,-67.1464245319366,-151.489393783193));
#12517=CARTESIAN_POINT('',(6.35,-69.3034245319366,-149.018598271356));
#12518=CARTESIAN_POINT('',(12.7,-69.3034245319366,-147.317120899418));
#12519=CARTESIAN_POINT('',(12.7,-71.4604245319366,-146.532037104106));
#12520=CARTESIAN_POINT('',(12.7,-67.1464245319366,-148.10220469473));
#12521=CARTESIAN_POINT('',(6.35,-67.1464245319366,-149.803682066668));
#12522=CARTESIAN_POINT('',(6.35,-67.1464245319366,-149.803682066668));
#12523=CARTESIAN_POINT('',(6.35,-69.3034245319366,-149.018598271356));
#12524=CARTESIAN_POINT('',(6.35,-71.4604245319366,-148.233514476043));
#12525=CARTESIAN_POINT('',(6.35,-71.4604245319366,-148.233514476043));
#12526=CARTESIAN_POINT('',(6.35,-69.3034245319366,-149.018598271356));
#12527=CARTESIAN_POINT('',(0.,-69.3034245319366,-147.317120899418));
#12528=CARTESIAN_POINT('',(0.,-71.4604245319366,-146.532037104106));
#12529=CARTESIAN_POINT('',(0.,-67.1464245319366,-148.10220469473));
#12530=CARTESIAN_POINT('',(6.35,-71.4604245319366,-148.233514476043));
#12531=CARTESIAN_POINT('',(6.35,-67.1464245319366,-149.803682066668));
#12532=CARTESIAN_POINT('',(6.35,-69.3034245319366,-152.274477578505));
#12533=CARTESIAN_POINT('',(0.,-69.3034245319366,-150.573000206567));
#12534=CARTESIAN_POINT('',(0.,-67.1464245319366,-149.787916411255));
#12535=CARTESIAN_POINT('',(6.35,-67.1464245319366,-151.489393783193));
#12536=CARTESIAN_POINT('',(6.35,-67.1464245319366,-150.64653792493));
#12537=CARTESIAN_POINT('',(0.,-67.1464245319366,-148.945060552993));
#12538=CARTESIAN_POINT('',(12.7,-67.1464245319366,-148.945060552993));
#12539=CARTESIAN_POINT('',(6.35,-71.4604245319366,-81.1672149436034));
#12540=CARTESIAN_POINT('',(0.,-71.4604245319366,-79.4657375716658));
#12541=CARTESIAN_POINT('',(0.,-71.4604245319366,-145.0748986947));
#12542=CARTESIAN_POINT('',(6.35,-71.4604245319366,-146.776376066638));
#12543=CARTESIAN_POINT('',(6.35,-71.4604245319366,-146.776376066638));
#12544=CARTESIAN_POINT('',(6.35,-71.4604245319366,-146.776376066638));
#12545=CARTESIAN_POINT('',(12.7,-71.4604245319366,-145.0748986947));
#12546=CARTESIAN_POINT('',(12.7,-71.4604245319366,-79.4657375716658));
#12547=CARTESIAN_POINT('',(6.35,-69.3034245319366,-145.991292271325));
#12548=CARTESIAN_POINT('',(12.7,-69.3034245319366,-144.289814899388));
#12549=CARTESIAN_POINT('',(12.7,-67.1464245319366,-143.504731104076));
#12550=CARTESIAN_POINT('',(6.35,-69.3034245319366,-145.991292271325));
#12551=CARTESIAN_POINT('',(6.35,-67.1464245319366,-145.206208476013));
#12552=CARTESIAN_POINT('',(6.35,-67.1464245319366,-145.206208476013));
#12553=CARTESIAN_POINT('',(6.35,-69.3034245319366,-142.735412964176));
#12554=CARTESIAN_POINT('',(12.7,-69.3034245319366,-141.033935592238));
#12555=CARTESIAN_POINT('',(12.7,-71.4604245319366,-140.248851796926));
#12556=CARTESIAN_POINT('',(12.7,-67.1464245319366,-141.819019387551));
#12557=CARTESIAN_POINT('',(6.35,-67.1464245319366,-143.520496759488));
#12558=CARTESIAN_POINT('',(6.35,-67.1464245319366,-143.520496759488));
#12559=CARTESIAN_POINT('',(6.35,-69.3034245319366,-142.735412964176));
#12560=CARTESIAN_POINT('',(6.35,-71.4604245319366,-141.950329168864));
#12561=CARTESIAN_POINT('',(6.35,-71.4604245319366,-141.950329168864));
#12562=CARTESIAN_POINT('',(6.35,-69.3034245319366,-142.735412964176));
#12563=CARTESIAN_POINT('',(0.,-69.3034245319366,-141.033935592238));
#12564=CARTESIAN_POINT('',(0.,-71.4604245319366,-140.248851796926));
#12565=CARTESIAN_POINT('',(0.,-67.1464245319366,-141.819019387551));
#12566=CARTESIAN_POINT('',(6.35,-71.4604245319366,-141.950329168864));
#12567=CARTESIAN_POINT('',(6.35,-67.1464245319366,-143.520496759488));
#12568=CARTESIAN_POINT('',(6.35,-69.3034245319366,-145.991292271325));
#12569=CARTESIAN_POINT('',(0.,-69.3034245319366,-144.289814899388));
#12570=CARTESIAN_POINT('',(0.,-67.1464245319366,-143.504731104076));
#12571=CARTESIAN_POINT('',(6.35,-67.1464245319366,-145.206208476013));
#12572=CARTESIAN_POINT('',(6.35,-67.1464245319366,-144.363352617751));
#12573=CARTESIAN_POINT('',(0.,-67.1464245319366,-142.661875245813));
#12574=CARTESIAN_POINT('',(12.7,-67.1464245319366,-142.661875245813));
#12575=CARTESIAN_POINT('',(6.35,-71.4604245319366,-81.1672149436034));
#12576=CARTESIAN_POINT('',(0.,-71.4604245319366,-79.4657375716658));
#12577=CARTESIAN_POINT('',(0.,-71.4604245319366,-138.79171338752));
#12578=CARTESIAN_POINT('',(6.35,-71.4604245319366,-140.493190759458));
#12579=CARTESIAN_POINT('',(6.35,-71.4604245319366,-140.493190759458));
#12580=CARTESIAN_POINT('',(6.35,-71.4604245319366,-140.493190759458));
#12581=CARTESIAN_POINT('',(12.7,-71.4604245319366,-138.79171338752));
#12582=CARTESIAN_POINT('',(12.7,-71.4604245319366,-79.4657375716658));
#12583=CARTESIAN_POINT('',(6.35,-69.3034245319366,-139.708106964146));
#12584=CARTESIAN_POINT('',(12.7,-69.3034245319366,-138.006629592208));
#12585=CARTESIAN_POINT('',(12.7,-67.1464245319366,-137.221545796896));
#12586=CARTESIAN_POINT('',(6.35,-69.3034245319366,-139.708106964146));
#12587=CARTESIAN_POINT('',(6.35,-67.1464245319366,-138.923023168834));
#12588=CARTESIAN_POINT('',(6.35,-67.1464245319366,-138.923023168834));
#12589=CARTESIAN_POINT('',(6.35,-69.3034245319366,-136.452227656996));
#12590=CARTESIAN_POINT('',(12.7,-69.3034245319366,-134.750750285059));
#12591=CARTESIAN_POINT('',(12.7,-71.4604245319366,-133.965666489747));
#12592=CARTESIAN_POINT('',(12.7,-67.1464245319366,-135.535834080371));
#12593=CARTESIAN_POINT('',(6.35,-67.1464245319366,-137.237311452309));
#12594=CARTESIAN_POINT('',(6.35,-67.1464245319366,-137.237311452309));
#12595=CARTESIAN_POINT('',(6.35,-69.3034245319366,-136.452227656996));
#12596=CARTESIAN_POINT('',(6.35,-71.4604245319366,-135.667143861684));
#12597=CARTESIAN_POINT('',(6.35,-71.4604245319366,-135.667143861684));
#12598=CARTESIAN_POINT('',(6.35,-69.3034245319366,-136.452227656996));
#12599=CARTESIAN_POINT('',(0.,-69.3034245319366,-134.750750285059));
#12600=CARTESIAN_POINT('',(0.,-71.4604245319366,-133.965666489747));
#12601=CARTESIAN_POINT('',(0.,-67.1464245319366,-135.535834080371));
#12602=CARTESIAN_POINT('',(6.35,-71.4604245319366,-135.667143861684));
#12603=CARTESIAN_POINT('',(6.35,-67.1464245319366,-137.237311452309));
#12604=CARTESIAN_POINT('',(6.35,-69.3034245319366,-139.708106964146));
#12605=CARTESIAN_POINT('',(0.,-69.3034245319366,-138.006629592208));
#12606=CARTESIAN_POINT('',(0.,-67.1464245319366,-137.221545796896));
#12607=CARTESIAN_POINT('',(6.35,-67.1464245319366,-138.923023168834));
#12608=CARTESIAN_POINT('',(6.35,-67.1464245319366,-138.080167310571));
#12609=CARTESIAN_POINT('',(0.,-67.1464245319366,-136.378689938633));
#12610=CARTESIAN_POINT('',(12.7,-67.1464245319366,-136.378689938633));
#12611=CARTESIAN_POINT('',(6.35,-71.4604245319366,-81.1672149436034));
#12612=CARTESIAN_POINT('',(0.,-71.4604245319366,-79.4657375716658));
#12613=CARTESIAN_POINT('',(0.,-71.4604245319366,-132.508528080341));
#12614=CARTESIAN_POINT('',(6.35,-71.4604245319366,-134.210005452278));
#12615=CARTESIAN_POINT('',(6.35,-71.4604245319366,-134.210005452278));
#12616=CARTESIAN_POINT('',(6.35,-71.4604245319366,-134.210005452278));
#12617=CARTESIAN_POINT('',(12.7,-71.4604245319366,-132.508528080341));
#12618=CARTESIAN_POINT('',(12.7,-71.4604245319366,-79.4657375716658));
#12619=CARTESIAN_POINT('',(6.35,-69.3034245319366,-133.424921656966));
#12620=CARTESIAN_POINT('',(12.7,-69.3034245319366,-131.723444285029));
#12621=CARTESIAN_POINT('',(12.7,-67.1464245319366,-130.938360489716));
#12622=CARTESIAN_POINT('',(6.35,-69.3034245319366,-133.424921656966));
#12623=CARTESIAN_POINT('',(6.35,-67.1464245319366,-132.639837861654));
#12624=CARTESIAN_POINT('',(6.35,-67.1464245319366,-132.639837861654));
#12625=CARTESIAN_POINT('',(6.35,-69.3034245319366,-130.169042349817));
#12626=CARTESIAN_POINT('',(12.7,-69.3034245319366,-128.467564977879));
#12627=CARTESIAN_POINT('',(12.7,-71.4604245319366,-127.682481182567));
#12628=CARTESIAN_POINT('',(12.7,-67.1464245319366,-129.252648773191));
#12629=CARTESIAN_POINT('',(6.35,-67.1464245319366,-130.954126145129));
#12630=CARTESIAN_POINT('',(6.35,-67.1464245319366,-130.954126145129));
#12631=CARTESIAN_POINT('',(6.35,-69.3034245319366,-130.169042349817));
#12632=CARTESIAN_POINT('',(6.35,-71.4604245319366,-129.383958554505));
#12633=CARTESIAN_POINT('',(6.35,-71.4604245319366,-129.383958554505));
#12634=CARTESIAN_POINT('',(6.35,-69.3034245319366,-130.169042349817));
#12635=CARTESIAN_POINT('',(0.,-69.3034245319366,-128.467564977879));
#12636=CARTESIAN_POINT('',(0.,-71.4604245319366,-127.682481182567));
#12637=CARTESIAN_POINT('',(0.,-67.1464245319366,-129.252648773191));
#12638=CARTESIAN_POINT('',(6.35,-71.4604245319366,-129.383958554505));
#12639=CARTESIAN_POINT('',(6.35,-67.1464245319366,-130.954126145129));
#12640=CARTESIAN_POINT('',(6.35,-69.3034245319366,-133.424921656966));
#12641=CARTESIAN_POINT('',(0.,-69.3034245319366,-131.723444285029));
#12642=CARTESIAN_POINT('',(0.,-67.1464245319366,-130.938360489716));
#12643=CARTESIAN_POINT('',(6.35,-67.1464245319366,-132.639837861654));
#12644=CARTESIAN_POINT('',(6.35,-67.1464245319366,-131.796982003391));
#12645=CARTESIAN_POINT('',(0.,-67.1464245319366,-130.095504631454));
#12646=CARTESIAN_POINT('',(12.7,-67.1464245319366,-130.095504631454));
#12647=CARTESIAN_POINT('',(6.35,-71.4604245319366,-81.1672149436034));
#12648=CARTESIAN_POINT('',(0.,-71.4604245319366,-79.4657375716658));
#12649=CARTESIAN_POINT('',(0.,-71.4604245319366,-126.225342773161));
#12650=CARTESIAN_POINT('',(6.35,-71.4604245319366,-127.926820145099));
#12651=CARTESIAN_POINT('',(6.35,-71.4604245319366,-127.926820145099));
#12652=CARTESIAN_POINT('',(6.35,-71.4604245319366,-127.926820145099));
#12653=CARTESIAN_POINT('',(12.7,-71.4604245319366,-126.225342773161));
#12654=CARTESIAN_POINT('',(12.7,-71.4604245319366,-79.4657375716658));
#12655=CARTESIAN_POINT('',(6.35,-69.3034245319366,-127.141736349787));
#12656=CARTESIAN_POINT('',(12.7,-69.3034245319366,-125.440258977849));
#12657=CARTESIAN_POINT('',(12.7,-67.1464245319366,-124.655175182537));
#12658=CARTESIAN_POINT('',(6.35,-69.3034245319366,-127.141736349787));
#12659=CARTESIAN_POINT('',(6.35,-67.1464245319366,-126.356652554474));
#12660=CARTESIAN_POINT('',(6.35,-67.1464245319366,-126.356652554474));
#12661=CARTESIAN_POINT('',(6.35,-69.3034245319366,-123.885857042637));
#12662=CARTESIAN_POINT('',(12.7,-69.3034245319366,-122.1843796707));
#12663=CARTESIAN_POINT('',(12.7,-71.4604245319366,-121.399295875387));
#12664=CARTESIAN_POINT('',(12.7,-67.1464245319366,-122.969463466012));
#12665=CARTESIAN_POINT('',(6.35,-67.1464245319366,-124.670940837949));
#12666=CARTESIAN_POINT('',(6.35,-67.1464245319366,-124.670940837949));
#12667=CARTESIAN_POINT('',(6.35,-69.3034245319366,-123.885857042637));
#12668=CARTESIAN_POINT('',(6.35,-71.4604245319366,-123.100773247325));
#12669=CARTESIAN_POINT('',(6.35,-71.4604245319366,-123.100773247325));
#12670=CARTESIAN_POINT('',(6.35,-69.3034245319366,-123.885857042637));
#12671=CARTESIAN_POINT('',(0.,-69.3034245319366,-122.1843796707));
#12672=CARTESIAN_POINT('',(0.,-71.4604245319366,-121.399295875387));
#12673=CARTESIAN_POINT('',(0.,-67.1464245319366,-122.969463466012));
#12674=CARTESIAN_POINT('',(6.35,-71.4604245319366,-123.100773247325));
#12675=CARTESIAN_POINT('',(6.35,-67.1464245319366,-124.670940837949));
#12676=CARTESIAN_POINT('',(6.35,-69.3034245319366,-127.141736349787));
#12677=CARTESIAN_POINT('',(0.,-69.3034245319366,-125.440258977849));
#12678=CARTESIAN_POINT('',(0.,-67.1464245319366,-124.655175182537));
#12679=CARTESIAN_POINT('',(6.35,-67.1464245319366,-126.356652554474));
#12680=CARTESIAN_POINT('',(6.35,-67.1464245319366,-125.513796696212));
#12681=CARTESIAN_POINT('',(0.,-67.1464245319366,-123.812319324274));
#12682=CARTESIAN_POINT('',(12.7,-67.1464245319366,-123.812319324274));
#12683=CARTESIAN_POINT('',(6.35,-71.4604245319366,-81.1672149436034));
#12684=CARTESIAN_POINT('',(0.,-71.4604245319366,-79.4657375716658));
#12685=CARTESIAN_POINT('',(0.,-71.4604245319366,-119.942157465982));
#12686=CARTESIAN_POINT('',(6.35,-71.4604245319366,-121.643634837919));
#12687=CARTESIAN_POINT('',(6.35,-71.4604245319366,-121.643634837919));
#12688=CARTESIAN_POINT('',(6.35,-71.4604245319366,-121.643634837919));
#12689=CARTESIAN_POINT('',(12.7,-71.4604245319366,-119.942157465982));
#12690=CARTESIAN_POINT('',(12.7,-71.4604245319366,-79.4657375716658));
#12691=CARTESIAN_POINT('',(6.35,-69.3034245319366,-120.858551042607));
#12692=CARTESIAN_POINT('',(12.7,-69.3034245319366,-119.157073670669));
#12693=CARTESIAN_POINT('',(12.7,-67.1464245319366,-118.371989875357));
#12694=CARTESIAN_POINT('',(6.35,-69.3034245319366,-120.858551042607));
#12695=CARTESIAN_POINT('',(6.35,-67.1464245319366,-120.073467247295));
#12696=CARTESIAN_POINT('',(6.35,-67.1464245319366,-120.073467247295));
#12697=CARTESIAN_POINT('',(6.35,-69.3034245319366,-117.602671735458));
#12698=CARTESIAN_POINT('',(12.7,-69.3034245319366,-115.90119436352));
#12699=CARTESIAN_POINT('',(12.7,-71.4604245319366,-115.116110568208));
#12700=CARTESIAN_POINT('',(12.7,-67.1464245319366,-116.686278158832));
#12701=CARTESIAN_POINT('',(6.35,-67.1464245319366,-118.38775553077));
#12702=CARTESIAN_POINT('',(6.35,-67.1464245319366,-118.38775553077));
#12703=CARTESIAN_POINT('',(6.35,-69.3034245319366,-117.602671735458));
#12704=CARTESIAN_POINT('',(6.35,-71.4604245319366,-116.817587940145));
#12705=CARTESIAN_POINT('',(6.35,-71.4604245319366,-116.817587940145));
#12706=CARTESIAN_POINT('',(6.35,-69.3034245319366,-117.602671735458));
#12707=CARTESIAN_POINT('',(0.,-69.3034245319366,-115.90119436352));
#12708=CARTESIAN_POINT('',(0.,-71.4604245319366,-115.116110568208));
#12709=CARTESIAN_POINT('',(0.,-67.1464245319366,-116.686278158832));
#12710=CARTESIAN_POINT('',(6.35,-71.4604245319366,-116.817587940145));
#12711=CARTESIAN_POINT('',(6.35,-67.1464245319366,-118.38775553077));
#12712=CARTESIAN_POINT('',(6.35,-69.3034245319366,-120.858551042607));
#12713=CARTESIAN_POINT('',(0.,-69.3034245319366,-119.157073670669));
#12714=CARTESIAN_POINT('',(0.,-67.1464245319366,-118.371989875357));
#12715=CARTESIAN_POINT('',(6.35,-67.1464245319366,-120.073467247295));
#12716=CARTESIAN_POINT('',(6.35,-67.1464245319366,-119.230611389032));
#12717=CARTESIAN_POINT('',(0.,-67.1464245319366,-117.529134017095));
#12718=CARTESIAN_POINT('',(12.7,-67.1464245319366,-117.529134017095));
#12719=CARTESIAN_POINT('',(6.35,-71.4604245319366,-81.1672149436034));
#12720=CARTESIAN_POINT('',(0.,-71.4604245319366,-79.4657375716658));
#12721=CARTESIAN_POINT('',(0.,-71.4604245319366,-113.658972158802));
#12722=CARTESIAN_POINT('',(6.35,-71.4604245319366,-115.36044953074));
#12723=CARTESIAN_POINT('',(6.35,-71.4604245319366,-115.36044953074));
#12724=CARTESIAN_POINT('',(6.35,-71.4604245319366,-115.36044953074));
#12725=CARTESIAN_POINT('',(12.7,-71.4604245319366,-113.658972158802));
#12726=CARTESIAN_POINT('',(12.7,-71.4604245319366,-79.4657375716658));
#12727=CARTESIAN_POINT('',(6.35,-69.3034245319366,-114.575365735427));
#12728=CARTESIAN_POINT('',(12.7,-69.3034245319366,-112.87388836349));
#12729=CARTESIAN_POINT('',(12.7,-67.1464245319366,-112.088804568178));
#12730=CARTESIAN_POINT('',(6.35,-69.3034245319366,-114.575365735427));
#12731=CARTESIAN_POINT('',(6.35,-67.1464245319366,-113.790281940115));
#12732=CARTESIAN_POINT('',(6.35,-67.1464245319366,-113.790281940115));
#12733=CARTESIAN_POINT('',(6.35,-69.3034245319366,-111.319486428278));
#12734=CARTESIAN_POINT('',(12.7,-69.3034245319366,-109.61800905634));
#12735=CARTESIAN_POINT('',(12.7,-71.4604245319366,-108.832925261028));
#12736=CARTESIAN_POINT('',(12.7,-67.1464245319366,-110.403092851653));
#12737=CARTESIAN_POINT('',(6.35,-67.1464245319366,-112.10457022359));
#12738=CARTESIAN_POINT('',(6.35,-67.1464245319366,-112.10457022359));
#12739=CARTESIAN_POINT('',(6.35,-69.3034245319366,-111.319486428278));
#12740=CARTESIAN_POINT('',(6.35,-71.4604245319366,-110.534402632966));
#12741=CARTESIAN_POINT('',(6.35,-71.4604245319366,-110.534402632966));
#12742=CARTESIAN_POINT('',(6.35,-69.3034245319366,-111.319486428278));
#12743=CARTESIAN_POINT('',(0.,-69.3034245319366,-109.61800905634));
#12744=CARTESIAN_POINT('',(0.,-71.4604245319366,-108.832925261028));
#12745=CARTESIAN_POINT('',(0.,-67.1464245319366,-110.403092851653));
#12746=CARTESIAN_POINT('',(6.35,-71.4604245319366,-110.534402632966));
#12747=CARTESIAN_POINT('',(6.35,-67.1464245319366,-112.10457022359));
#12748=CARTESIAN_POINT('',(6.35,-69.3034245319366,-114.575365735427));
#12749=CARTESIAN_POINT('',(0.,-69.3034245319366,-112.87388836349));
#12750=CARTESIAN_POINT('',(0.,-67.1464245319366,-112.088804568178));
#12751=CARTESIAN_POINT('',(6.35,-67.1464245319366,-113.790281940115));
#12752=CARTESIAN_POINT('',(6.35,-67.1464245319366,-112.947426081853));
#12753=CARTESIAN_POINT('',(0.,-67.1464245319366,-111.245948709915));
#12754=CARTESIAN_POINT('',(12.7,-67.1464245319366,-111.245948709915));
#12755=CARTESIAN_POINT('',(6.35,-71.4604245319366,-81.1672149436034));
#12756=CARTESIAN_POINT('',(0.,-71.4604245319366,-79.4657375716658));
#12757=CARTESIAN_POINT('',(0.,-71.4604245319366,-107.375786851622));
#12758=CARTESIAN_POINT('',(6.35,-71.4604245319366,-109.07726422356));
#12759=CARTESIAN_POINT('',(6.35,-71.4604245319366,-109.07726422356));
#12760=CARTESIAN_POINT('',(6.35,-71.4604245319366,-109.07726422356));
#12761=CARTESIAN_POINT('',(12.7,-71.4604245319366,-107.375786851622));
#12762=CARTESIAN_POINT('',(12.7,-71.4604245319366,-79.4657375716658));
#12763=CARTESIAN_POINT('',(6.35,-69.3034245319366,-108.292180428248));
#12764=CARTESIAN_POINT('',(12.7,-69.3034245319366,-106.59070305631));
#12765=CARTESIAN_POINT('',(12.7,-67.1464245319366,-105.805619260998));
#12766=CARTESIAN_POINT('',(6.35,-69.3034245319366,-108.292180428248));
#12767=CARTESIAN_POINT('',(6.35,-67.1464245319366,-107.507096632936));
#12768=CARTESIAN_POINT('',(6.35,-67.1464245319366,-107.507096632936));
#12769=CARTESIAN_POINT('',(6.35,-69.3034245319366,-105.036301121098));
#12770=CARTESIAN_POINT('',(12.7,-69.3034245319366,-103.334823749161));
#12771=CARTESIAN_POINT('',(12.7,-71.4604245319366,-102.549739953849));
#12772=CARTESIAN_POINT('',(12.7,-67.1464245319366,-104.119907544473));
#12773=CARTESIAN_POINT('',(6.35,-67.1464245319366,-105.821384916411));
#12774=CARTESIAN_POINT('',(6.35,-67.1464245319366,-105.821384916411));
#12775=CARTESIAN_POINT('',(6.35,-69.3034245319366,-105.036301121098));
#12776=CARTESIAN_POINT('',(6.35,-71.4604245319366,-104.251217325786));
#12777=CARTESIAN_POINT('',(6.35,-71.4604245319366,-104.251217325786));
#12778=CARTESIAN_POINT('',(6.35,-69.3034245319366,-105.036301121098));
#12779=CARTESIAN_POINT('',(0.,-69.3034245319366,-103.334823749161));
#12780=CARTESIAN_POINT('',(0.,-71.4604245319366,-102.549739953849));
#12781=CARTESIAN_POINT('',(0.,-67.1464245319366,-104.119907544473));
#12782=CARTESIAN_POINT('',(6.35,-71.4604245319366,-104.251217325786));
#12783=CARTESIAN_POINT('',(6.35,-67.1464245319366,-105.821384916411));
#12784=CARTESIAN_POINT('',(6.35,-69.3034245319366,-108.292180428248));
#12785=CARTESIAN_POINT('',(0.,-69.3034245319366,-106.59070305631));
#12786=CARTESIAN_POINT('',(0.,-67.1464245319366,-105.805619260998));
#12787=CARTESIAN_POINT('',(6.35,-67.1464245319366,-107.507096632936));
#12788=CARTESIAN_POINT('',(6.35,-67.1464245319366,-106.664240774673));
#12789=CARTESIAN_POINT('',(0.,-67.1464245319366,-104.962763402736));
#12790=CARTESIAN_POINT('',(12.7,-67.1464245319366,-104.962763402736));
#12791=CARTESIAN_POINT('',(6.35,-71.4604245319366,-81.1672149436034));
#12792=CARTESIAN_POINT('',(0.,-71.4604245319366,-79.4657375716658));
#12793=CARTESIAN_POINT('',(0.,-71.4604245319366,-101.092601544443));
#12794=CARTESIAN_POINT('',(6.35,-71.4604245319366,-102.79407891638));
#12795=CARTESIAN_POINT('',(6.35,-71.4604245319366,-102.79407891638));
#12796=CARTESIAN_POINT('',(6.35,-71.4604245319366,-102.79407891638));
#12797=CARTESIAN_POINT('',(12.7,-71.4604245319366,-101.092601544443));
#12798=CARTESIAN_POINT('',(12.7,-71.4604245319366,-79.4657375716658));
#12799=CARTESIAN_POINT('',(6.35,-69.3034245319366,-102.008995121068));
#12800=CARTESIAN_POINT('',(12.7,-69.3034245319366,-100.307517749131));
#12801=CARTESIAN_POINT('',(12.7,-67.1464245319366,-99.5224339538184));
#12802=CARTESIAN_POINT('',(6.35,-69.3034245319366,-102.008995121068));
#12803=CARTESIAN_POINT('',(6.35,-67.1464245319366,-101.223911325756));
#12804=CARTESIAN_POINT('',(6.35,-67.1464245319366,-101.223911325756));
#12805=CARTESIAN_POINT('',(6.35,-69.3034245319366,-98.7531158139189));
#12806=CARTESIAN_POINT('',(12.7,-69.3034245319366,-97.0516384419813));
#12807=CARTESIAN_POINT('',(12.7,-71.4604245319366,-96.2665546466691));
#12808=CARTESIAN_POINT('',(12.7,-67.1464245319366,-97.8367222372934));
#12809=CARTESIAN_POINT('',(6.35,-67.1464245319366,-99.5381996092311));
#12810=CARTESIAN_POINT('',(6.35,-67.1464245319366,-99.5381996092311));
#12811=CARTESIAN_POINT('',(6.35,-69.3034245319366,-98.7531158139189));
#12812=CARTESIAN_POINT('',(6.35,-71.4604245319366,-97.9680320186067));
#12813=CARTESIAN_POINT('',(6.35,-71.4604245319366,-97.9680320186067));
#12814=CARTESIAN_POINT('',(6.35,-69.3034245319366,-98.7531158139189));
#12815=CARTESIAN_POINT('',(0.,-69.3034245319366,-97.0516384419813));
#12816=CARTESIAN_POINT('',(0.,-71.4604245319366,-96.2665546466691));
#12817=CARTESIAN_POINT('',(0.,-67.1464245319366,-97.8367222372934));
#12818=CARTESIAN_POINT('',(6.35,-71.4604245319366,-97.9680320186067));
#12819=CARTESIAN_POINT('',(6.35,-67.1464245319366,-99.5381996092311));
#12820=CARTESIAN_POINT('',(6.35,-69.3034245319366,-102.008995121068));
#12821=CARTESIAN_POINT('',(0.,-69.3034245319366,-100.307517749131));
#12822=CARTESIAN_POINT('',(0.,-67.1464245319366,-99.5224339538184));
#12823=CARTESIAN_POINT('',(6.35,-67.1464245319366,-101.223911325756));
#12824=CARTESIAN_POINT('',(6.35,-67.1464245319366,-100.381055467494));
#12825=CARTESIAN_POINT('',(0.,-67.1464245319366,-98.6795780955559));
#12826=CARTESIAN_POINT('',(12.7,-67.1464245319366,-98.6795780955559));
#12827=CARTESIAN_POINT('',(6.35,-71.4604245319366,-81.1672149436034));
#12828=CARTESIAN_POINT('',(0.,-71.4604245319366,-79.4657375716658));
#12829=CARTESIAN_POINT('',(0.,-71.4604245319366,-94.8094162372633));
#12830=CARTESIAN_POINT('',(6.35,-71.4604245319366,-96.5108936092009));
#12831=CARTESIAN_POINT('',(6.35,-71.4604245319366,-96.5108936092009));
#12832=CARTESIAN_POINT('',(6.35,-71.4604245319366,-96.5108936092009));
#12833=CARTESIAN_POINT('',(12.7,-71.4604245319366,-94.8094162372633));
#12834=CARTESIAN_POINT('',(12.7,-71.4604245319366,-79.4657375716658));
#12835=CARTESIAN_POINT('',(6.35,-69.3034245319366,-95.7258098138887));
#12836=CARTESIAN_POINT('',(12.7,-69.3034245319366,-94.0243324419511));
#12837=CARTESIAN_POINT('',(12.7,-67.1464245319366,-93.2392486466389));
#12838=CARTESIAN_POINT('',(6.35,-69.3034245319366,-95.7258098138887));
#12839=CARTESIAN_POINT('',(6.35,-67.1464245319366,-94.9407260185765));
#12840=CARTESIAN_POINT('',(6.35,-67.1464245319366,-94.9407260185765));
#12841=CARTESIAN_POINT('',(6.35,-69.3034245319366,-92.4699305067393));
#12842=CARTESIAN_POINT('',(12.7,-69.3034245319366,-90.7684531348017));
#12843=CARTESIAN_POINT('',(12.7,-71.4604245319366,-89.9833693394895));
#12844=CARTESIAN_POINT('',(12.7,-67.1464245319366,-91.5535369301139));
#12845=CARTESIAN_POINT('',(6.35,-67.1464245319366,-93.2550143020515));
#12846=CARTESIAN_POINT('',(6.35,-67.1464245319366,-93.2550143020515));
#12847=CARTESIAN_POINT('',(6.35,-69.3034245319366,-92.4699305067393));
#12848=CARTESIAN_POINT('',(6.35,-71.4604245319366,-91.6848467114271));
#12849=CARTESIAN_POINT('',(6.35,-71.4604245319366,-91.6848467114271));
#12850=CARTESIAN_POINT('',(6.35,-69.3034245319366,-92.4699305067393));
#12851=CARTESIAN_POINT('',(0.,-69.3034245319366,-90.7684531348017));
#12852=CARTESIAN_POINT('',(0.,-71.4604245319366,-89.9833693394895));
#12853=CARTESIAN_POINT('',(0.,-67.1464245319366,-91.5535369301139));
#12854=CARTESIAN_POINT('',(6.35,-71.4604245319366,-91.6848467114271));
#12855=CARTESIAN_POINT('',(6.35,-67.1464245319366,-93.2550143020515));
#12856=CARTESIAN_POINT('',(6.35,-69.3034245319366,-95.7258098138887));
#12857=CARTESIAN_POINT('',(0.,-69.3034245319366,-94.0243324419511));
#12858=CARTESIAN_POINT('',(0.,-67.1464245319366,-93.2392486466389));
#12859=CARTESIAN_POINT('',(6.35,-67.1464245319366,-94.9407260185765));
#12860=CARTESIAN_POINT('',(6.35,-67.1464245319366,-94.097870160314));
#12861=CARTESIAN_POINT('',(0.,-67.1464245319366,-92.3963927883764));
#12862=CARTESIAN_POINT('',(12.7,-67.1464245319366,-92.3963927883764));
#12863=CARTESIAN_POINT('',(6.35,-71.4604245319366,-81.1672149436034));
#12864=CARTESIAN_POINT('',(0.,-71.4604245319366,-79.4657375716658));
#12865=CARTESIAN_POINT('',(0.,-71.4604245319366,-88.5262309300837));
#12866=CARTESIAN_POINT('',(6.35,-71.4604245319366,-90.2277083020213));
#12867=CARTESIAN_POINT('',(6.35,-71.4604245319366,-90.2277083020213));
#12868=CARTESIAN_POINT('',(6.35,-71.4604245319366,-90.2277083020213));
#12869=CARTESIAN_POINT('',(12.7,-71.4604245319366,-88.5262309300837));
#12870=CARTESIAN_POINT('',(12.7,-71.4604245319366,-79.4657375716658));
#12871=CARTESIAN_POINT('',(6.35,-69.3034245319366,-89.4426245067091));
#12872=CARTESIAN_POINT('',(12.7,-69.3034245319366,-87.7411471347715));
#12873=CARTESIAN_POINT('',(12.7,-67.1464245319366,-86.9560633394593));
#12874=CARTESIAN_POINT('',(6.35,-69.3034245319366,-89.4426245067091));
#12875=CARTESIAN_POINT('',(6.35,-67.1464245319366,-88.6575407113969));
#12876=CARTESIAN_POINT('',(6.35,-67.1464245319366,-88.6575407113969));
#12877=CARTESIAN_POINT('',(6.35,-69.3034245319366,-86.1867451995597));
#12878=CARTESIAN_POINT('',(12.7,-69.3034245319366,-84.4852678276221));
#12879=CARTESIAN_POINT('',(12.7,-71.4604245319366,-83.7001840323099));
#12880=CARTESIAN_POINT('',(12.7,-67.1464245319366,-85.2703516229343));
#12881=CARTESIAN_POINT('',(6.35,-67.1464245319366,-86.9718289948719));
#12882=CARTESIAN_POINT('',(6.35,-67.1464245319366,-86.9718289948719));
#12883=CARTESIAN_POINT('',(6.35,-69.3034245319366,-86.1867451995597));
#12884=CARTESIAN_POINT('',(6.35,-71.4604245319366,-85.4016614042475));
#12885=CARTESIAN_POINT('',(6.35,-71.4604245319366,-85.4016614042475));
#12886=CARTESIAN_POINT('',(6.35,-69.3034245319366,-86.1867451995597));
#12887=CARTESIAN_POINT('',(0.,-69.3034245319366,-84.4852678276221));
#12888=CARTESIAN_POINT('',(0.,-71.4604245319366,-83.7001840323099));
#12889=CARTESIAN_POINT('',(0.,-67.1464245319366,-85.2703516229343));
#12890=CARTESIAN_POINT('',(6.35,-71.4604245319366,-85.4016614042475));
#12891=CARTESIAN_POINT('',(6.35,-67.1464245319366,-86.9718289948719));
#12892=CARTESIAN_POINT('',(6.35,-69.3034245319366,-89.4426245067091));
#12893=CARTESIAN_POINT('',(0.,-69.3034245319366,-87.7411471347715));
#12894=CARTESIAN_POINT('',(0.,-67.1464245319366,-86.9560633394593));
#12895=CARTESIAN_POINT('',(6.35,-67.1464245319366,-88.6575407113969));
#12896=CARTESIAN_POINT('',(6.35,-67.1464245319366,-87.8146848531344));
#12897=CARTESIAN_POINT('',(0.,-67.1464245319366,-86.1132074811968));
#12898=CARTESIAN_POINT('',(12.7,-67.1464245319366,-86.1132074811968));
#12899=CARTESIAN_POINT('',(6.35,-71.4604245319366,-81.1672149436034));
#12900=CARTESIAN_POINT('',(0.,-71.4604245319366,-79.4657375716658));
#12901=CARTESIAN_POINT('',(0.,-71.4604245319366,-82.2430456229041));
#12902=CARTESIAN_POINT('',(6.35,-71.4604245319366,-83.9445229948417));
#12903=CARTESIAN_POINT('',(6.35,-71.4604245319366,-83.9445229948417));
#12904=CARTESIAN_POINT('',(6.35,-71.4604245319366,-83.9445229948417));
#12905=CARTESIAN_POINT('',(12.7,-71.4604245319366,-82.2430456229041));
#12906=CARTESIAN_POINT('',(12.7,-71.4604245319366,-79.4657375716658));
#12907=CARTESIAN_POINT('',(6.35,-69.3034245319366,-83.1594391995295));
#12908=CARTESIAN_POINT('',(12.7,-69.3034245319366,-81.4579618275919));
#12909=CARTESIAN_POINT('',(12.7,-67.1464245319366,-80.6728780322797));
#12910=CARTESIAN_POINT('',(6.35,-69.3034245319366,-83.1594391995295));
#12911=CARTESIAN_POINT('',(6.35,-67.1464245319366,-82.3743554042173));
#12912=CARTESIAN_POINT('',(6.35,-67.1464245319366,-82.3743554042173));
#12913=CARTESIAN_POINT('',(6.35,-69.3034245319366,-79.9035598923801));
#12914=CARTESIAN_POINT('',(12.7,-69.3034245319366,-78.2020825204425));
#12915=CARTESIAN_POINT('',(12.7,-71.4604245319366,-77.4169987251303));
#12916=CARTESIAN_POINT('',(12.7,-67.1464245319366,-78.9871663157547));
#12917=CARTESIAN_POINT('',(6.35,-67.1464245319366,-80.6886436876923));
#12918=CARTESIAN_POINT('',(6.35,-67.1464245319366,-80.6886436876923));
#12919=CARTESIAN_POINT('',(6.35,-69.3034245319366,-79.9035598923801));
#12920=CARTESIAN_POINT('',(6.35,-71.4604245319366,-79.1184760970679));
#12921=CARTESIAN_POINT('',(6.35,-71.4604245319366,-79.1184760970679));
#12922=CARTESIAN_POINT('',(6.35,-69.3034245319366,-79.9035598923801));
#12923=CARTESIAN_POINT('',(0.,-69.3034245319366,-78.2020825204425));
#12924=CARTESIAN_POINT('',(0.,-71.4604245319366,-77.4169987251303));
#12925=CARTESIAN_POINT('',(0.,-67.1464245319366,-78.9871663157547));
#12926=CARTESIAN_POINT('',(6.35,-71.4604245319366,-79.1184760970679));
#12927=CARTESIAN_POINT('',(6.35,-67.1464245319366,-80.6886436876923));
#12928=CARTESIAN_POINT('',(6.35,-69.3034245319366,-83.1594391995295));
#12929=CARTESIAN_POINT('',(0.,-69.3034245319366,-81.4579618275919));
#12930=CARTESIAN_POINT('',(0.,-67.1464245319366,-80.6728780322797));
#12931=CARTESIAN_POINT('',(6.35,-67.1464245319366,-82.3743554042173));
#12932=CARTESIAN_POINT('',(6.35,-67.1464245319366,-81.5314995459548));
#12933=CARTESIAN_POINT('',(0.,-67.1464245319366,-79.8300221740172));
#12934=CARTESIAN_POINT('',(12.7,-67.1464245319366,-79.8300221740172));
#12935=CARTESIAN_POINT('',(6.35,-71.4604245319366,-81.1672149436034));
#12936=CARTESIAN_POINT('',(0.,-71.4604245319366,-79.4657375716658));
#12937=CARTESIAN_POINT('',(0.,-71.4604245319366,-75.9598603157245));
#12938=CARTESIAN_POINT('',(6.35,-71.4604245319366,-77.6613376876622));
#12939=CARTESIAN_POINT('',(6.35,-71.4604245319366,-77.6613376876622));
#12940=CARTESIAN_POINT('',(6.35,-71.4604245319366,-77.6613376876622));
#12941=CARTESIAN_POINT('',(12.7,-71.4604245319366,-75.9598603157245));
#12942=CARTESIAN_POINT('',(12.7,-71.4604245319366,-79.4657375716658));
#12943=CARTESIAN_POINT('',(6.35,-69.3034245319366,-76.8762538923499));
#12944=CARTESIAN_POINT('',(12.7,-69.3034245319366,-75.1747765204123));
#12945=CARTESIAN_POINT('',(12.7,-67.1464245319366,-74.3896927251001));
#12946=CARTESIAN_POINT('',(6.35,-69.3034245319366,-76.8762538923499));
#12947=CARTESIAN_POINT('',(6.35,-67.1464245319366,-76.0911700970377));
#12948=CARTESIAN_POINT('',(6.35,-67.1464245319366,-76.0911700970377));
#12949=CARTESIAN_POINT('',(6.35,-69.3034245319366,-73.6203745852006));
#12950=CARTESIAN_POINT('',(12.7,-69.3034245319366,-71.9188972132629));
#12951=CARTESIAN_POINT('',(12.7,-71.4604245319366,-71.1338134179507));
#12952=CARTESIAN_POINT('',(12.7,-67.1464245319366,-72.7039810085751));
#12953=CARTESIAN_POINT('',(6.35,-67.1464245319366,-74.4054583805128));
#12954=CARTESIAN_POINT('',(6.35,-67.1464245319366,-74.4054583805128));
#12955=CARTESIAN_POINT('',(6.35,-69.3034245319366,-73.6203745852006));
#12956=CARTESIAN_POINT('',(6.35,-71.4604245319366,-72.8352907898884));
#12957=CARTESIAN_POINT('',(6.35,-71.4604245319366,-72.8352907898884));
#12958=CARTESIAN_POINT('',(6.35,-69.3034245319366,-73.6203745852006));
#12959=CARTESIAN_POINT('',(0.,-69.3034245319366,-71.9188972132629));
#12960=CARTESIAN_POINT('',(0.,-71.4604245319366,-71.1338134179507));
#12961=CARTESIAN_POINT('',(0.,-67.1464245319366,-72.7039810085751));
#12962=CARTESIAN_POINT('',(6.35,-71.4604245319366,-72.8352907898884));
#12963=CARTESIAN_POINT('',(6.35,-67.1464245319366,-74.4054583805128));
#12964=CARTESIAN_POINT('',(6.35,-69.3034245319366,-76.8762538923499));
#12965=CARTESIAN_POINT('',(0.,-69.3034245319366,-75.1747765204123));
#12966=CARTESIAN_POINT('',(0.,-67.1464245319366,-74.3896927251001));
#12967=CARTESIAN_POINT('',(6.35,-67.1464245319366,-76.0911700970377));
#12968=CARTESIAN_POINT('',(6.35,-67.1464245319366,-75.2483142387753));
#12969=CARTESIAN_POINT('',(0.,-67.1464245319366,-73.5468368668376));
#12970=CARTESIAN_POINT('',(12.7,-67.1464245319366,-73.5468368668376));
#12971=CARTESIAN_POINT('',(6.35,-71.4604245319366,-81.1672149436034));
#12972=CARTESIAN_POINT('',(0.,-71.4604245319366,-79.4657375716658));
#12973=CARTESIAN_POINT('',(0.,-71.4604245319366,-69.6766750085449));
#12974=CARTESIAN_POINT('',(6.35,-71.4604245319366,-71.3781523804826));
#12975=CARTESIAN_POINT('',(6.35,-71.4604245319366,-71.3781523804826));
#12976=CARTESIAN_POINT('',(6.35,-71.4604245319366,-71.3781523804826));
#12977=CARTESIAN_POINT('',(12.7,-71.4604245319366,-69.6766750085449));
#12978=CARTESIAN_POINT('',(12.7,-71.4604245319366,-79.4657375716658));
#12979=CARTESIAN_POINT('',(6.35,-69.3034245319366,-70.5930685851704));
#12980=CARTESIAN_POINT('',(12.7,-69.3034245319366,-68.8915912132327));
#12981=CARTESIAN_POINT('',(12.7,-67.1464245319366,-68.1065074179205));
#12982=CARTESIAN_POINT('',(6.35,-69.3034245319366,-70.5930685851704));
#12983=CARTESIAN_POINT('',(6.35,-67.1464245319366,-69.8079847898581));
#12984=CARTESIAN_POINT('',(6.35,-67.1464245319366,-69.8079847898581));
#12985=CARTESIAN_POINT('',(6.35,-69.3034245319366,-67.337189278021));
#12986=CARTESIAN_POINT('',(12.7,-69.3034245319366,-65.6357119060834));
#12987=CARTESIAN_POINT('',(12.7,-71.4604245319366,-64.8506281107712));
#12988=CARTESIAN_POINT('',(12.7,-67.1464245319366,-66.4207957013955));
#12989=CARTESIAN_POINT('',(6.35,-67.1464245319366,-68.1222730733332));
#12990=CARTESIAN_POINT('',(6.35,-67.1464245319366,-68.1222730733332));
#12991=CARTESIAN_POINT('',(6.35,-69.3034245319366,-67.337189278021));
#12992=CARTESIAN_POINT('',(6.35,-71.4604245319366,-66.5521054827088));
#12993=CARTESIAN_POINT('',(6.35,-71.4604245319366,-66.5521054827088));
#12994=CARTESIAN_POINT('',(6.35,-69.3034245319366,-67.337189278021));
#12995=CARTESIAN_POINT('',(0.,-69.3034245319366,-65.6357119060834));
#12996=CARTESIAN_POINT('',(0.,-71.4604245319366,-64.8506281107712));
#12997=CARTESIAN_POINT('',(0.,-67.1464245319366,-66.4207957013955));
#12998=CARTESIAN_POINT('',(6.35,-71.4604245319366,-66.5521054827088));
#12999=CARTESIAN_POINT('',(6.35,-67.1464245319366,-68.1222730733332));
#13000=CARTESIAN_POINT('',(6.35,-69.3034245319366,-70.5930685851704));
#13001=CARTESIAN_POINT('',(0.,-69.3034245319366,-68.8915912132327));
#13002=CARTESIAN_POINT('',(0.,-67.1464245319366,-68.1065074179205));
#13003=CARTESIAN_POINT('',(6.35,-67.1464245319366,-69.8079847898581));
#13004=CARTESIAN_POINT('',(6.35,-67.1464245319366,-68.9651289315957));
#13005=CARTESIAN_POINT('',(0.,-67.1464245319366,-67.263651559658));
#13006=CARTESIAN_POINT('',(12.7,-67.1464245319366,-67.263651559658));
#13007=CARTESIAN_POINT('',(6.35,-71.4604245319366,-81.1672149436034));
#13008=CARTESIAN_POINT('',(0.,-71.4604245319366,-79.4657375716658));
#13009=CARTESIAN_POINT('',(0.,-71.4604245319366,-63.3934897013654));
#13010=CARTESIAN_POINT('',(6.35,-71.4604245319366,-65.094967073303));
#13011=CARTESIAN_POINT('',(6.35,-71.4604245319366,-65.094967073303));
#13012=CARTESIAN_POINT('',(6.35,-71.4604245319366,-65.094967073303));
#13013=CARTESIAN_POINT('',(12.7,-71.4604245319366,-63.3934897013654));
#13014=CARTESIAN_POINT('',(12.7,-71.4604245319366,-79.4657375716658));
#13015=CARTESIAN_POINT('',(6.35,-69.3034245319366,-64.3098832779908));
#13016=CARTESIAN_POINT('',(12.7,-69.3034245319366,-62.6084059060531));
#13017=CARTESIAN_POINT('',(12.7,-67.1464245319366,-61.8233221107409));
#13018=CARTESIAN_POINT('',(6.35,-69.3034245319366,-64.3098832779908));
#13019=CARTESIAN_POINT('',(6.35,-67.1464245319366,-63.5247994826786));
#13020=CARTESIAN_POINT('',(6.35,-67.1464245319366,-63.5247994826786));
#13021=CARTESIAN_POINT('',(6.35,-69.3034245319366,-61.0540039708414));
#13022=CARTESIAN_POINT('',(12.7,-69.3034245319366,-59.3525265989038));
#13023=CARTESIAN_POINT('',(12.7,-71.4604245319366,-58.5674428035916));
#13024=CARTESIAN_POINT('',(12.7,-67.1464245319366,-60.137610394216));
#13025=CARTESIAN_POINT('',(6.35,-67.1464245319366,-61.8390877661536));
#13026=CARTESIAN_POINT('',(6.35,-67.1464245319366,-61.8390877661536));
#13027=CARTESIAN_POINT('',(6.35,-69.3034245319366,-61.0540039708414));
#13028=CARTESIAN_POINT('',(6.35,-71.4604245319366,-60.2689201755292));
#13029=CARTESIAN_POINT('',(6.35,-71.4604245319366,-60.2689201755292));
#13030=CARTESIAN_POINT('',(6.35,-69.3034245319366,-61.0540039708414));
#13031=CARTESIAN_POINT('',(0.,-69.3034245319366,-59.3525265989038));
#13032=CARTESIAN_POINT('',(0.,-71.4604245319366,-58.5674428035916));
#13033=CARTESIAN_POINT('',(0.,-67.1464245319366,-60.137610394216));
#13034=CARTESIAN_POINT('',(6.35,-71.4604245319366,-60.2689201755292));
#13035=CARTESIAN_POINT('',(6.35,-67.1464245319366,-61.8390877661536));
#13036=CARTESIAN_POINT('',(6.35,-69.3034245319366,-64.3098832779908));
#13037=CARTESIAN_POINT('',(0.,-69.3034245319366,-62.6084059060531));
#13038=CARTESIAN_POINT('',(0.,-67.1464245319366,-61.8233221107409));
#13039=CARTESIAN_POINT('',(6.35,-67.1464245319366,-63.5247994826786));
#13040=CARTESIAN_POINT('',(6.35,-67.1464245319366,-62.6819436244161));
#13041=CARTESIAN_POINT('',(0.,-67.1464245319366,-60.9804662524785));
#13042=CARTESIAN_POINT('',(12.7,-67.1464245319366,-60.9804662524785));
#13043=CARTESIAN_POINT('',(6.35,-71.4604245319366,-81.1672149436034));
#13044=CARTESIAN_POINT('',(0.,-71.4604245319366,-79.4657375716658));
#13045=CARTESIAN_POINT('',(0.,-71.4604245319366,-57.1103043941858));
#13046=CARTESIAN_POINT('',(6.35,-71.4604245319366,-58.8117817661234));
#13047=CARTESIAN_POINT('',(6.35,-71.4604245319366,-58.8117817661234));
#13048=CARTESIAN_POINT('',(6.35,-71.4604245319366,-58.8117817661234));
#13049=CARTESIAN_POINT('',(12.7,-71.4604245319366,-57.1103043941858));
#13050=CARTESIAN_POINT('',(12.7,-71.4604245319366,-79.4657375716658));
#13051=CARTESIAN_POINT('',(6.35,-69.3034245319366,-58.0266979708112));
#13052=CARTESIAN_POINT('',(12.7,-69.3034245319366,-56.3252205988735));
#13053=CARTESIAN_POINT('',(12.7,-67.1464245319366,-55.5401368035613));
#13054=CARTESIAN_POINT('',(6.35,-69.3034245319366,-58.0266979708112));
#13055=CARTESIAN_POINT('',(6.35,-67.1464245319366,-57.241614175499));
#13056=CARTESIAN_POINT('',(6.35,-67.1464245319366,-57.241614175499));
#13057=CARTESIAN_POINT('',(6.35,-69.3034245319366,-54.7708186636618));
#13058=CARTESIAN_POINT('',(12.7,-69.3034245319366,-53.0693412917242));
#13059=CARTESIAN_POINT('',(12.7,-71.4604245319366,-52.284257496412));
#13060=CARTESIAN_POINT('',(12.7,-67.1464245319366,-53.8544250870364));
#13061=CARTESIAN_POINT('',(6.35,-67.1464245319366,-55.555902458974));
#13062=CARTESIAN_POINT('',(6.35,-67.1464245319366,-55.555902458974));
#13063=CARTESIAN_POINT('',(6.35,-69.3034245319366,-54.7708186636618));
#13064=CARTESIAN_POINT('',(6.35,-71.4604245319366,-53.9857348683496));
#13065=CARTESIAN_POINT('',(6.35,-71.4604245319366,-53.9857348683496));
#13066=CARTESIAN_POINT('',(6.35,-69.3034245319366,-54.7708186636618));
#13067=CARTESIAN_POINT('',(0.,-69.3034245319366,-53.0693412917242));
#13068=CARTESIAN_POINT('',(0.,-71.4604245319366,-52.284257496412));
#13069=CARTESIAN_POINT('',(0.,-67.1464245319366,-53.8544250870364));
#13070=CARTESIAN_POINT('',(6.35,-71.4604245319366,-53.9857348683496));
#13071=CARTESIAN_POINT('',(6.35,-67.1464245319366,-55.555902458974));
#13072=CARTESIAN_POINT('',(6.35,-69.3034245319366,-58.0266979708112));
#13073=CARTESIAN_POINT('',(0.,-69.3034245319366,-56.3252205988735));
#13074=CARTESIAN_POINT('',(0.,-67.1464245319366,-55.5401368035613));
#13075=CARTESIAN_POINT('',(6.35,-67.1464245319366,-57.241614175499));
#13076=CARTESIAN_POINT('',(6.35,-67.1464245319366,-56.3987583172365));
#13077=CARTESIAN_POINT('',(0.,-67.1464245319366,-54.6972809452989));
#13078=CARTESIAN_POINT('',(12.7,-67.1464245319366,-54.6972809452989));
#13079=CARTESIAN_POINT('',(6.35,-71.4604245319366,-81.1672149436034));
#13080=CARTESIAN_POINT('',(0.,-71.4604245319366,-79.4657375716658));
#13081=CARTESIAN_POINT('',(0.,-71.4604245319366,-50.8271190870062));
#13082=CARTESIAN_POINT('',(6.35,-71.4604245319366,-52.5285964589438));
#13083=CARTESIAN_POINT('',(6.35,-71.4604245319366,-52.5285964589438));
#13084=CARTESIAN_POINT('',(6.35,-71.4604245319366,-52.5285964589438));
#13085=CARTESIAN_POINT('',(12.7,-71.4604245319366,-50.8271190870062));
#13086=CARTESIAN_POINT('',(12.7,-71.4604245319366,-79.4657375716658));
#13087=CARTESIAN_POINT('',(6.35,-69.3034245319366,-51.7435126636316));
#13088=CARTESIAN_POINT('',(12.7,-69.3034245319366,-50.042035291694));
#13089=CARTESIAN_POINT('',(12.7,-67.1464245319366,-49.2569514963818));
#13090=CARTESIAN_POINT('',(6.35,-69.3034245319366,-51.7435126636316));
#13091=CARTESIAN_POINT('',(6.35,-67.1464245319366,-50.9584288683194));
#13092=CARTESIAN_POINT('',(6.35,-67.1464245319366,-50.9584288683194));
#13093=CARTESIAN_POINT('',(6.35,-69.3034245319366,-48.4876333564822));
#13094=CARTESIAN_POINT('',(12.7,-69.3034245319366,-46.7861559845446));
#13095=CARTESIAN_POINT('',(12.7,-71.4604245319366,-46.0010721892324));
#13096=CARTESIAN_POINT('',(12.7,-67.1464245319366,-47.5712397798568));
#13097=CARTESIAN_POINT('',(6.35,-67.1464245319366,-49.2727171517944));
#13098=CARTESIAN_POINT('',(6.35,-67.1464245319366,-49.2727171517944));
#13099=CARTESIAN_POINT('',(6.35,-69.3034245319366,-48.4876333564822));
#13100=CARTESIAN_POINT('',(6.35,-71.4604245319366,-47.70254956117));
#13101=CARTESIAN_POINT('',(6.35,-71.4604245319366,-47.70254956117));
#13102=CARTESIAN_POINT('',(6.35,-69.3034245319366,-48.4876333564822));
#13103=CARTESIAN_POINT('',(0.,-69.3034245319366,-46.7861559845446));
#13104=CARTESIAN_POINT('',(0.,-71.4604245319366,-46.0010721892324));
#13105=CARTESIAN_POINT('',(0.,-67.1464245319366,-47.5712397798568));
#13106=CARTESIAN_POINT('',(6.35,-71.4604245319366,-47.70254956117));
#13107=CARTESIAN_POINT('',(6.35,-67.1464245319366,-49.2727171517944));
#13108=CARTESIAN_POINT('',(6.35,-69.3034245319366,-51.7435126636316));
#13109=CARTESIAN_POINT('',(0.,-69.3034245319366,-50.042035291694));
#13110=CARTESIAN_POINT('',(0.,-67.1464245319366,-49.2569514963818));
#13111=CARTESIAN_POINT('',(6.35,-67.1464245319366,-50.9584288683194));
#13112=CARTESIAN_POINT('',(6.35,-67.1464245319366,-50.1155730100569));
#13113=CARTESIAN_POINT('',(0.,-67.1464245319366,-48.4140956381193));
#13114=CARTESIAN_POINT('',(12.7,-67.1464245319366,-48.4140956381193));
#13115=CARTESIAN_POINT('',(6.35,-71.4604245319366,-81.1672149436034));
#13116=CARTESIAN_POINT('',(0.,-71.4604245319366,-79.4657375716658));
#13117=CARTESIAN_POINT('',(0.,-71.4604245319366,-44.5439337798266));
#13118=CARTESIAN_POINT('',(6.35,-71.4604245319366,-46.2454111517642));
#13119=CARTESIAN_POINT('',(6.35,-71.4604245319366,-46.2454111517642));
#13120=CARTESIAN_POINT('',(6.35,-71.4604245319366,-46.2454111517642));
#13121=CARTESIAN_POINT('',(12.7,-71.4604245319366,-44.5439337798266));
#13122=CARTESIAN_POINT('',(12.7,-71.4604245319366,-79.4657375716658));
#13123=CARTESIAN_POINT('',(6.35,-69.3034245319366,-45.460327356452));
#13124=CARTESIAN_POINT('',(12.7,-69.3034245319366,-43.7588499845144));
#13125=CARTESIAN_POINT('',(12.7,-67.1464245319366,-42.9737661892022));
#13126=CARTESIAN_POINT('',(6.35,-69.3034245319366,-45.460327356452));
#13127=CARTESIAN_POINT('',(6.35,-67.1464245319366,-44.6752435611398));
#13128=CARTESIAN_POINT('',(6.35,-67.1464245319366,-44.6752435611398));
#13129=CARTESIAN_POINT('',(6.35,-69.3034245319366,-42.2044480493026));
#13130=CARTESIAN_POINT('',(12.7,-69.3034245319366,-40.502970677365));
#13131=CARTESIAN_POINT('',(12.7,-71.4604245319366,-39.7178868820528));
#13132=CARTESIAN_POINT('',(12.7,-67.1464245319366,-41.2880544726772));
#13133=CARTESIAN_POINT('',(6.35,-67.1464245319366,-42.9895318446148));
#13134=CARTESIAN_POINT('',(6.35,-67.1464245319366,-42.9895318446148));
#13135=CARTESIAN_POINT('',(6.35,-69.3034245319366,-42.2044480493026));
#13136=CARTESIAN_POINT('',(6.35,-71.4604245319366,-41.4193642539905));
#13137=CARTESIAN_POINT('',(6.35,-71.4604245319366,-41.4193642539905));
#13138=CARTESIAN_POINT('',(6.35,-69.3034245319366,-42.2044480493026));
#13139=CARTESIAN_POINT('',(0.,-69.3034245319366,-40.502970677365));
#13140=CARTESIAN_POINT('',(0.,-71.4604245319366,-39.7178868820528));
#13141=CARTESIAN_POINT('',(0.,-67.1464245319366,-41.2880544726772));
#13142=CARTESIAN_POINT('',(6.35,-71.4604245319366,-41.4193642539905));
#13143=CARTESIAN_POINT('',(6.35,-67.1464245319366,-42.9895318446148));
#13144=CARTESIAN_POINT('',(6.35,-69.3034245319366,-45.460327356452));
#13145=CARTESIAN_POINT('',(0.,-69.3034245319366,-43.7588499845144));
#13146=CARTESIAN_POINT('',(0.,-67.1464245319366,-42.9737661892022));
#13147=CARTESIAN_POINT('',(6.35,-67.1464245319366,-44.6752435611398));
#13148=CARTESIAN_POINT('',(6.35,-67.1464245319366,-43.8323877028774));
#13149=CARTESIAN_POINT('',(0.,-67.1464245319366,-42.1309103309397));
#13150=CARTESIAN_POINT('',(12.7,-67.1464245319366,-42.1309103309397));
#13151=CARTESIAN_POINT('',(6.35,-71.4604245319366,-81.1672149436034));
#13152=CARTESIAN_POINT('',(0.,-71.4604245319366,-79.4657375716658));
#13153=CARTESIAN_POINT('',(0.,-71.4604245319366,-38.260748472647));
#13154=CARTESIAN_POINT('',(6.35,-71.4604245319366,-39.9622258445847));
#13155=CARTESIAN_POINT('',(6.35,-71.4604245319366,-39.9622258445847));
#13156=CARTESIAN_POINT('',(6.35,-71.4604245319366,-39.9622258445847));
#13157=CARTESIAN_POINT('',(12.7,-71.4604245319366,-38.260748472647));
#13158=CARTESIAN_POINT('',(12.7,-71.4604245319366,-79.4657375716658));
#13159=CARTESIAN_POINT('',(6.35,-69.3034245319366,-39.1771420492724));
#13160=CARTESIAN_POINT('',(12.7,-69.3034245319366,-37.4756646773348));
#13161=CARTESIAN_POINT('',(12.7,-67.1464245319366,-36.6905808820226));
#13162=CARTESIAN_POINT('',(6.35,-69.3034245319366,-39.1771420492724));
#13163=CARTESIAN_POINT('',(6.35,-67.1464245319366,-38.3920582539602));
#13164=CARTESIAN_POINT('',(6.35,-67.1464245319366,-38.3920582539602));
#13165=CARTESIAN_POINT('',(6.35,-69.3034245319366,-35.921262742123));
#13166=CARTESIAN_POINT('',(12.7,-69.3034245319366,-34.2197853701854));
#13167=CARTESIAN_POINT('',(12.7,-71.4604245319366,-33.4347015748732));
#13168=CARTESIAN_POINT('',(12.7,-67.1464245319366,-35.0048691654976));
#13169=CARTESIAN_POINT('',(6.35,-67.1464245319366,-36.7063465374353));
#13170=CARTESIAN_POINT('',(6.35,-67.1464245319366,-36.7063465374353));
#13171=CARTESIAN_POINT('',(6.35,-69.3034245319366,-35.921262742123));
#13172=CARTESIAN_POINT('',(6.35,-71.4604245319366,-35.1361789468109));
#13173=CARTESIAN_POINT('',(6.35,-71.4604245319366,-35.1361789468109));
#13174=CARTESIAN_POINT('',(6.35,-69.3034245319366,-35.921262742123));
#13175=CARTESIAN_POINT('',(0.,-69.3034245319366,-34.2197853701854));
#13176=CARTESIAN_POINT('',(0.,-71.4604245319366,-33.4347015748732));
#13177=CARTESIAN_POINT('',(0.,-67.1464245319366,-35.0048691654976));
#13178=CARTESIAN_POINT('',(6.35,-71.4604245319366,-35.1361789468109));
#13179=CARTESIAN_POINT('',(6.35,-67.1464245319366,-36.7063465374353));
#13180=CARTESIAN_POINT('',(6.35,-69.3034245319366,-39.1771420492724));
#13181=CARTESIAN_POINT('',(0.,-69.3034245319366,-37.4756646773348));
#13182=CARTESIAN_POINT('',(0.,-67.1464245319366,-36.6905808820226));
#13183=CARTESIAN_POINT('',(6.35,-67.1464245319366,-38.3920582539602));
#13184=CARTESIAN_POINT('',(6.35,-67.1464245319366,-37.5492023956977));
#13185=CARTESIAN_POINT('',(0.,-67.1464245319366,-35.8477250237601));
#13186=CARTESIAN_POINT('',(12.7,-67.1464245319366,-35.8477250237601));
#13187=CARTESIAN_POINT('',(6.35,-71.4604245319366,-81.1672149436034));
#13188=CARTESIAN_POINT('',(0.,-71.4604245319366,-79.4657375716658));
#13189=CARTESIAN_POINT('',(0.,-71.4604245319366,-31.9775631654674));
#13190=CARTESIAN_POINT('',(6.35,-71.4604245319366,-33.6790405374051));
#13191=CARTESIAN_POINT('',(6.35,-71.4604245319366,-33.6790405374051));
#13192=CARTESIAN_POINT('',(6.35,-71.4604245319366,-33.6790405374051));
#13193=CARTESIAN_POINT('',(12.7,-71.4604245319366,-31.9775631654674));
#13194=CARTESIAN_POINT('',(12.7,-71.4604245319366,-79.4657375716658));
#13195=CARTESIAN_POINT('',(6.35,-69.3034245319366,-32.8939567420928));
#13196=CARTESIAN_POINT('',(12.7,-69.3034245319366,-31.1924793701552));
#13197=CARTESIAN_POINT('',(12.7,-67.1464245319366,-30.407395574843));
#13198=CARTESIAN_POINT('',(6.35,-69.3034245319366,-32.8939567420928));
#13199=CARTESIAN_POINT('',(6.35,-67.1464245319366,-32.1088729467806));
#13200=CARTESIAN_POINT('',(6.35,-67.1464245319366,-32.1088729467806));
#13201=CARTESIAN_POINT('',(6.35,-69.3034245319366,-29.6380774349435));
#13202=CARTESIAN_POINT('',(12.7,-69.3034245319366,-27.9366000630058));
#13203=CARTESIAN_POINT('',(12.7,-71.4604245319366,-27.1515162676936));
#13204=CARTESIAN_POINT('',(12.7,-67.1464245319366,-28.721683858318));
#13205=CARTESIAN_POINT('',(6.35,-67.1464245319366,-30.4231612302556));
#13206=CARTESIAN_POINT('',(6.35,-67.1464245319366,-30.4231612302556));
#13207=CARTESIAN_POINT('',(6.35,-69.3034245319366,-29.6380774349435));
#13208=CARTESIAN_POINT('',(6.35,-71.4604245319366,-28.8529936396313));
#13209=CARTESIAN_POINT('',(6.35,-71.4604245319366,-28.8529936396313));
#13210=CARTESIAN_POINT('',(6.35,-69.3034245319366,-29.6380774349435));
#13211=CARTESIAN_POINT('',(0.,-69.3034245319366,-27.9366000630058));
#13212=CARTESIAN_POINT('',(0.,-71.4604245319366,-27.1515162676936));
#13213=CARTESIAN_POINT('',(0.,-67.1464245319366,-28.721683858318));
#13214=CARTESIAN_POINT('',(6.35,-71.4604245319366,-28.8529936396313));
#13215=CARTESIAN_POINT('',(6.35,-67.1464245319366,-30.4231612302556));
#13216=CARTESIAN_POINT('',(6.35,-69.3034245319366,-32.8939567420928));
#13217=CARTESIAN_POINT('',(0.,-69.3034245319366,-31.1924793701552));
#13218=CARTESIAN_POINT('',(0.,-67.1464245319366,-30.407395574843));
#13219=CARTESIAN_POINT('',(6.35,-67.1464245319366,-32.1088729467806));
#13220=CARTESIAN_POINT('',(6.35,-67.1464245319366,-31.2660170885182));
#13221=CARTESIAN_POINT('',(0.,-67.1464245319366,-29.5645397165805));
#13222=CARTESIAN_POINT('',(12.7,-67.1464245319366,-29.5645397165805));
#13223=CARTESIAN_POINT('',(6.35,-71.4604245319366,-81.1672149436034));
#13224=CARTESIAN_POINT('',(0.,-71.4604245319366,-79.4657375716658));
#13225=CARTESIAN_POINT('',(0.,-71.4604245319366,-25.6943778582879));
#13226=CARTESIAN_POINT('',(6.35,-71.4604245319366,-27.3958552302255));
#13227=CARTESIAN_POINT('',(6.35,-71.4604245319366,-27.3958552302255));
#13228=CARTESIAN_POINT('',(6.35,-71.4604245319366,-27.3958552302255));
#13229=CARTESIAN_POINT('',(12.7,-71.4604245319366,-25.6943778582879));
#13230=CARTESIAN_POINT('',(12.7,-71.4604245319366,-79.4657375716658));
#13231=CARTESIAN_POINT('',(6.35,-69.3034245319366,-26.6107714349133));
#13232=CARTESIAN_POINT('',(12.7,-69.3034245319366,-24.9092940629756));
#13233=CARTESIAN_POINT('',(12.7,-67.1464245319366,-24.1242102676634));
#13234=CARTESIAN_POINT('',(6.35,-69.3034245319366,-26.6107714349133));
#13235=CARTESIAN_POINT('',(6.35,-67.1464245319366,-25.8256876396011));
#13236=CARTESIAN_POINT('',(6.35,-67.1464245319366,-25.8256876396011));
#13237=CARTESIAN_POINT('',(6.35,-69.3034245319366,-23.3548921277639));
#13238=CARTESIAN_POINT('',(12.7,-69.3034245319366,-21.6534147558263));
#13239=CARTESIAN_POINT('',(12.7,-71.4604245319366,-20.8683309605141));
#13240=CARTESIAN_POINT('',(12.7,-67.1464245319366,-22.4384985511385));
#13241=CARTESIAN_POINT('',(6.35,-67.1464245319366,-24.1399759230761));
#13242=CARTESIAN_POINT('',(6.35,-67.1464245319366,-24.1399759230761));
#13243=CARTESIAN_POINT('',(6.35,-69.3034245319366,-23.3548921277639));
#13244=CARTESIAN_POINT('',(6.35,-71.4604245319366,-22.5698083324517));
#13245=CARTESIAN_POINT('',(6.35,-71.4604245319366,-22.5698083324517));
#13246=CARTESIAN_POINT('',(6.35,-69.3034245319366,-23.3548921277639));
#13247=CARTESIAN_POINT('',(0.,-69.3034245319366,-21.6534147558263));
#13248=CARTESIAN_POINT('',(0.,-71.4604245319366,-20.8683309605141));
#13249=CARTESIAN_POINT('',(0.,-67.1464245319366,-22.4384985511385));
#13250=CARTESIAN_POINT('',(6.35,-71.4604245319366,-22.5698083324517));
#13251=CARTESIAN_POINT('',(6.35,-67.1464245319366,-24.1399759230761));
#13252=CARTESIAN_POINT('',(6.35,-69.3034245319366,-26.6107714349133));
#13253=CARTESIAN_POINT('',(0.,-69.3034245319366,-24.9092940629756));
#13254=CARTESIAN_POINT('',(0.,-67.1464245319366,-24.1242102676634));
#13255=CARTESIAN_POINT('',(6.35,-67.1464245319366,-25.8256876396011));
#13256=CARTESIAN_POINT('',(6.35,-67.1464245319366,-24.9828317813386));
#13257=CARTESIAN_POINT('',(0.,-67.1464245319366,-23.2813544094009));
#13258=CARTESIAN_POINT('',(12.7,-67.1464245319366,-23.2813544094009));
#13259=CARTESIAN_POINT('',(6.35,-71.4604245319366,-81.1672149436034));
#13260=CARTESIAN_POINT('',(0.,-71.4604245319366,-79.4657375716658));
#13261=CARTESIAN_POINT('',(0.,-71.4604245319366,-19.4111925511083));
#13262=CARTESIAN_POINT('',(6.35,-71.4604245319366,-21.1126699230458));
#13263=CARTESIAN_POINT('',(6.35,-71.4604245319366,-21.1126699230458));
#13264=CARTESIAN_POINT('',(6.35,-71.4604245319366,-21.1126699230458));
#13265=CARTESIAN_POINT('',(12.7,-71.4604245319366,-19.4111925511083));
#13266=CARTESIAN_POINT('',(12.7,-71.4604245319366,-79.4657375716658));
#13267=CARTESIAN_POINT('',(6.35,-69.3034245319366,-20.3275861277337));
#13268=CARTESIAN_POINT('',(12.7,-69.3034245319366,-18.6261087557961));
#13269=CARTESIAN_POINT('',(12.7,-67.1464245319366,-17.8410249604838));
#13270=CARTESIAN_POINT('',(6.35,-69.3034245319366,-20.3275861277337));
#13271=CARTESIAN_POINT('',(6.35,-67.1464245319366,-19.5425023324214));
#13272=CARTESIAN_POINT('',(6.35,-67.1464245319366,-19.5425023324214));
#13273=CARTESIAN_POINT('',(6.35,-69.3034245319366,-17.0717068205843));
#13274=CARTESIAN_POINT('',(12.7,-69.3034245319366,-15.3702294486467));
#13275=CARTESIAN_POINT('',(12.7,-71.4604245319366,-14.5851456533345));
#13276=CARTESIAN_POINT('',(12.7,-67.1464245319366,-16.1553132439589));
#13277=CARTESIAN_POINT('',(6.35,-67.1464245319366,-17.8567906158965));
#13278=CARTESIAN_POINT('',(6.35,-67.1464245319366,-17.8567906158965));
#13279=CARTESIAN_POINT('',(6.35,-69.3034245319366,-17.0717068205843));
#13280=CARTESIAN_POINT('',(6.35,-71.4604245319366,-16.2866230252721));
#13281=CARTESIAN_POINT('',(6.35,-71.4604245319366,-16.2866230252721));
#13282=CARTESIAN_POINT('',(6.35,-69.3034245319366,-17.0717068205843));
#13283=CARTESIAN_POINT('',(0.,-69.3034245319366,-15.3702294486467));
#13284=CARTESIAN_POINT('',(0.,-71.4604245319366,-14.5851456533345));
#13285=CARTESIAN_POINT('',(0.,-67.1464245319366,-16.1553132439589));
#13286=CARTESIAN_POINT('',(6.35,-71.4604245319366,-16.2866230252721));
#13287=CARTESIAN_POINT('',(6.35,-67.1464245319366,-17.8567906158965));
#13288=CARTESIAN_POINT('',(6.35,-69.3034245319366,-20.3275861277337));
#13289=CARTESIAN_POINT('',(0.,-69.3034245319366,-18.6261087557961));
#13290=CARTESIAN_POINT('',(0.,-67.1464245319366,-17.8410249604838));
#13291=CARTESIAN_POINT('',(6.35,-67.1464245319366,-19.5425023324214));
#13292=CARTESIAN_POINT('',(6.35,-67.1464245319366,-18.699646474159));
#13293=CARTESIAN_POINT('',(0.,-67.1464245319366,-16.9981691022214));
#13294=CARTESIAN_POINT('',(12.7,-67.1464245319366,-16.9981691022214));
#13295=CARTESIAN_POINT('',(6.35,-71.4604245319366,-81.1672149436034));
#13296=CARTESIAN_POINT('',(0.,-71.4604245319366,-79.4657375716658));
#13297=CARTESIAN_POINT('',(0.,-71.4604245319366,-13.1280072439287));
#13298=CARTESIAN_POINT('',(6.35,-71.4604245319366,-14.8294846158663));
#13299=CARTESIAN_POINT('',(6.35,-71.4604245319366,-14.8294846158663));
#13300=CARTESIAN_POINT('',(6.35,-71.4604245319366,-14.8294846158663));
#13301=CARTESIAN_POINT('',(12.7,-71.4604245319366,-13.1280072439287));
#13302=CARTESIAN_POINT('',(12.7,-71.4604245319366,-79.4657375716658));
#13303=CARTESIAN_POINT('',(6.35,-69.3034245319366,-14.0444008205541));
#13304=CARTESIAN_POINT('',(12.7,-69.3034245319366,-12.3429234486164));
#13305=CARTESIAN_POINT('',(12.7,-67.1464245319366,-11.5578396533042));
#13306=CARTESIAN_POINT('',(6.35,-69.3034245319366,-14.0444008205541));
#13307=CARTESIAN_POINT('',(6.35,-67.1464245319366,-13.2593170252419));
#13308=CARTESIAN_POINT('',(6.35,-67.1464245319366,-13.2593170252419));
#13309=CARTESIAN_POINT('',(6.35,-69.3034245319366,-10.7885215134047));
#13310=CARTESIAN_POINT('',(12.7,-69.3034245319366,-9.08704414146707));
#13311=CARTESIAN_POINT('',(12.7,-71.4604245319366,-8.30196034615487));
#13312=CARTESIAN_POINT('',(12.7,-67.1464245319366,-9.87212793677927));
#13313=CARTESIAN_POINT('',(6.35,-67.1464245319366,-11.5736053087169));
#13314=CARTESIAN_POINT('',(6.35,-67.1464245319366,-11.5736053087169));
#13315=CARTESIAN_POINT('',(6.35,-69.3034245319366,-10.7885215134047));
#13316=CARTESIAN_POINT('',(6.35,-71.4604245319366,-10.0034377180925));
#13317=CARTESIAN_POINT('',(6.35,-71.4604245319366,-10.0034377180925));
#13318=CARTESIAN_POINT('',(6.35,-69.3034245319366,-10.7885215134047));
#13319=CARTESIAN_POINT('',(0.,-69.3034245319366,-9.08704414146707));
#13320=CARTESIAN_POINT('',(0.,-71.4604245319366,-8.30196034615487));
#13321=CARTESIAN_POINT('',(0.,-67.1464245319366,-9.87212793677927));
#13322=CARTESIAN_POINT('',(6.35,-71.4604245319366,-10.0034377180925));
#13323=CARTESIAN_POINT('',(6.35,-67.1464245319366,-11.5736053087169));
#13324=CARTESIAN_POINT('',(6.35,-69.3034245319366,-14.0444008205541));
#13325=CARTESIAN_POINT('',(0.,-69.3034245319366,-12.3429234486164));
#13326=CARTESIAN_POINT('',(0.,-67.1464245319366,-11.5578396533042));
#13327=CARTESIAN_POINT('',(6.35,-67.1464245319366,-13.2593170252419));
#13328=CARTESIAN_POINT('',(6.35,-67.1464245319366,-12.4164611669794));
#13329=CARTESIAN_POINT('',(0.,-67.1464245319366,-10.7149837950418));
#13330=CARTESIAN_POINT('',(12.7,-67.1464245319366,-10.7149837950418));
#13331=CARTESIAN_POINT('',(6.35,-71.4604245319366,-81.1672149436034));
#13332=CARTESIAN_POINT('',(0.,-71.4604245319366,-79.4657375716658));
#13333=CARTESIAN_POINT('',(0.,-71.4604245319366,-6.84482193674907));
#13334=CARTESIAN_POINT('',(6.35,-71.4604245319366,-8.5462993086867));
#13335=CARTESIAN_POINT('',(6.35,-71.4604245319366,-8.5462993086867));
#13336=CARTESIAN_POINT('',(6.35,-71.4604245319366,-8.5462993086867));
#13337=CARTESIAN_POINT('',(12.7,-71.4604245319366,-6.84482193674907));
#13338=CARTESIAN_POINT('',(12.7,-71.4604245319366,-79.4657375716658));
#13339=CARTESIAN_POINT('',(6.35,-69.3034245319366,-7.76121551337448));
#13340=CARTESIAN_POINT('',(12.7,-69.3034245319366,-6.05973814143686));
#13341=CARTESIAN_POINT('',(12.7,-67.1464245319366,-5.27465434612465));
#13342=CARTESIAN_POINT('',(6.35,-69.3034245319366,-7.76121551337448));
#13343=CARTESIAN_POINT('',(6.35,-67.1464245319366,-6.97613171806228));
#13344=CARTESIAN_POINT('',(6.35,-67.1464245319366,-6.97613171806228));
#13345=CARTESIAN_POINT('',(6.35,-69.3034245319366,-4.50533620622511));
#13346=CARTESIAN_POINT('',(12.7,-69.3034245319366,-2.80385883428748));
#13347=CARTESIAN_POINT('',(12.7,-71.4604245319366,-2.01877503897528));
#13348=CARTESIAN_POINT('',(12.7,-67.1464245319366,-3.58894262959967));
#13349=CARTESIAN_POINT('',(6.35,-67.1464245319366,-5.2904200015373));
#13350=CARTESIAN_POINT('',(6.35,-67.1464245319366,-5.2904200015373));
#13351=CARTESIAN_POINT('',(6.35,-69.3034245319366,-4.50533620622511));
#13352=CARTESIAN_POINT('',(6.35,-71.4604245319366,-3.72025241091291));
#13353=CARTESIAN_POINT('',(6.35,-71.4604245319366,-3.72025241091291));
#13354=CARTESIAN_POINT('',(6.35,-69.3034245319366,-4.50533620622511));
#13355=CARTESIAN_POINT('',(0.,-69.3034245319366,-2.80385883428748));
#13356=CARTESIAN_POINT('',(0.,-71.4604245319366,-2.01877503897528));
#13357=CARTESIAN_POINT('',(0.,-67.1464245319366,-3.58894262959967));
#13358=CARTESIAN_POINT('',(6.35,-71.4604245319366,-3.72025241091291));
#13359=CARTESIAN_POINT('',(6.35,-67.1464245319366,-5.2904200015373));
#13360=CARTESIAN_POINT('',(6.35,-69.3034245319366,-7.76121551337448));
#13361=CARTESIAN_POINT('',(0.,-69.3034245319366,-6.05973814143686));
#13362=CARTESIAN_POINT('',(0.,-67.1464245319366,-5.27465434612465));
#13363=CARTESIAN_POINT('',(6.35,-67.1464245319366,-6.97613171806228));
#13364=CARTESIAN_POINT('',(6.35,-67.1464245319366,-6.13327585979979));
#13365=CARTESIAN_POINT('',(0.,-67.1464245319366,-4.43179848786217));
#13366=CARTESIAN_POINT('',(12.7,-67.1464245319366,-4.43179848786217));
#13367=CARTESIAN_POINT('',(6.35,-71.4604245319366,-81.1672149436034));
#13368=CARTESIAN_POINT('',(0.,-71.4604245319366,-79.4657375716658));
#13369=CARTESIAN_POINT('',(0.,-71.4604245319366,-0.561636629569484));
#13370=CARTESIAN_POINT('',(6.35,-71.4604245319366,-2.26311400150711));
#13371=CARTESIAN_POINT('',(6.35,-71.4604245319366,-2.26311400150711));
#13372=CARTESIAN_POINT('',(6.35,-71.4604245319366,-2.26311400150711));
#13373=CARTESIAN_POINT('',(12.7,-71.4604245319366,-0.561636629569484));
#13374=CARTESIAN_POINT('',(12.7,-71.4604245319366,-79.4657375716658));
#13375=CARTESIAN_POINT('',(6.35,-69.3034245319366,-1.4780302061949));
#13376=CARTESIAN_POINT('',(12.7,-69.3034245319366,0.223447165742726));
#13377=CARTESIAN_POINT('',(12.7,-67.1464245319366,1.00853096105493));
#13378=CARTESIAN_POINT('',(6.35,-69.3034245319366,-1.4780302061949));
#13379=CARTESIAN_POINT('',(6.35,-67.1464245319366,-0.692946410882696));
#13380=CARTESIAN_POINT('',(6.35,-67.1464245319366,-0.692946410882696));
#13381=CARTESIAN_POINT('',(6.35,-69.3034245319366,1.77784910095448));
#13382=CARTESIAN_POINT('',(12.7,-69.3034245319366,3.4793264728921));
#13383=CARTESIAN_POINT('',(12.7,-71.4604245319366,4.2644102682043));
#13384=CARTESIAN_POINT('',(12.7,-67.1464245319366,2.69424267757991));
#13385=CARTESIAN_POINT('',(6.35,-67.1464245319366,0.992765305642282));
#13386=CARTESIAN_POINT('',(6.35,-67.1464245319366,0.992765305642282));
#13387=CARTESIAN_POINT('',(6.35,-69.3034245319366,1.77784910095448));
#13388=CARTESIAN_POINT('',(6.35,-71.4604245319366,2.56293289626668));
#13389=CARTESIAN_POINT('',(6.35,-71.4604245319366,2.56293289626668));
#13390=CARTESIAN_POINT('',(6.35,-69.3034245319366,1.77784910095448));
#13391=CARTESIAN_POINT('',(0.,-69.3034245319366,3.4793264728921));
#13392=CARTESIAN_POINT('',(0.,-71.4604245319366,4.2644102682043));
#13393=CARTESIAN_POINT('',(0.,-67.1464245319366,2.69424267757991));
#13394=CARTESIAN_POINT('',(6.35,-71.4604245319366,2.56293289626668));
#13395=CARTESIAN_POINT('',(6.35,-67.1464245319366,0.992765305642282));
#13396=CARTESIAN_POINT('',(6.35,-69.3034245319366,-1.4780302061949));
#13397=CARTESIAN_POINT('',(0.,-69.3034245319366,0.223447165742726));
#13398=CARTESIAN_POINT('',(0.,-67.1464245319366,1.00853096105493));
#13399=CARTESIAN_POINT('',(6.35,-67.1464245319366,-0.692946410882696));
#13400=CARTESIAN_POINT('',(6.35,-67.1464245319366,0.14990944737979));
#13401=CARTESIAN_POINT('',(0.,-67.1464245319366,1.85138681931742));
#13402=CARTESIAN_POINT('',(12.7,-67.1464245319366,1.85138681931742));
#13403=CARTESIAN_POINT('',(6.35,-71.4604245319366,-81.1672149436034));
#13404=CARTESIAN_POINT('',(0.,-71.4604245319366,-79.4657375716658));
#13405=CARTESIAN_POINT('',(0.,-71.4604245319366,5.7215486776101));
#13406=CARTESIAN_POINT('',(6.35,-71.4604245319366,4.02007130567247));
#13407=CARTESIAN_POINT('',(6.35,-71.4604245319366,4.02007130567247));
#13408=CARTESIAN_POINT('',(6.35,-71.4604245319366,4.02007130567247));
#13409=CARTESIAN_POINT('',(12.7,-71.4604245319366,5.7215486776101));
#13410=CARTESIAN_POINT('',(12.7,-71.4604245319366,-79.4657375716658));
#13411=CARTESIAN_POINT('',(6.35,-69.3034245319366,4.80515510098468));
#13412=CARTESIAN_POINT('',(12.7,-69.3034245319366,6.50663247292231));
#13413=CARTESIAN_POINT('',(12.7,-67.1464245319366,7.29171626823452));
#13414=CARTESIAN_POINT('',(6.35,-69.3034245319366,4.80515510098468));
#13415=CARTESIAN_POINT('',(6.35,-67.1464245319366,5.59023889629689));
#13416=CARTESIAN_POINT('',(6.35,-67.1464245319366,5.59023889629689));
#13417=CARTESIAN_POINT('',(6.35,-69.3034245319366,8.06103440813406));
#13418=CARTESIAN_POINT('',(12.7,-69.3034245319366,9.76251178007169));
#13419=CARTESIAN_POINT('',(12.7,-71.4604245319366,10.5475955753839));
#13420=CARTESIAN_POINT('',(12.7,-67.1464245319366,8.97742798475949));
#13421=CARTESIAN_POINT('',(6.35,-67.1464245319366,7.27595061282187));
#13422=CARTESIAN_POINT('',(6.35,-67.1464245319366,7.27595061282187));
#13423=CARTESIAN_POINT('',(6.35,-69.3034245319366,8.06103440813406));
#13424=CARTESIAN_POINT('',(6.35,-71.4604245319366,8.84611820344626));
#13425=CARTESIAN_POINT('',(6.35,-71.4604245319366,8.84611820344626));
#13426=CARTESIAN_POINT('',(6.35,-69.3034245319366,8.06103440813406));
#13427=CARTESIAN_POINT('',(0.,-69.3034245319366,9.76251178007169));
#13428=CARTESIAN_POINT('',(0.,-71.4604245319366,10.5475955753839));
#13429=CARTESIAN_POINT('',(0.,-67.1464245319366,8.97742798475949));
#13430=CARTESIAN_POINT('',(6.35,-71.4604245319366,8.84611820344626));
#13431=CARTESIAN_POINT('',(6.35,-67.1464245319366,7.27595061282187));
#13432=CARTESIAN_POINT('',(6.35,-69.3034245319366,4.80515510098468));
#13433=CARTESIAN_POINT('',(0.,-69.3034245319366,6.50663247292231));
#13434=CARTESIAN_POINT('',(0.,-67.1464245319366,7.29171626823452));
#13435=CARTESIAN_POINT('',(6.35,-67.1464245319366,5.59023889629689));
#13436=CARTESIAN_POINT('',(6.35,-67.1464245319366,6.43309475455937));
#13437=CARTESIAN_POINT('',(0.,-67.1464245319366,8.134572126497));
#13438=CARTESIAN_POINT('',(12.7,-67.1464245319366,8.134572126497));
#13439=CARTESIAN_POINT('',(6.35,-71.4604245319366,-81.1672149436034));
#13440=CARTESIAN_POINT('',(0.,-71.4604245319366,-79.4657375716658));
#13441=CARTESIAN_POINT('',(0.,-71.4604245319366,12.0047339847897));
#13442=CARTESIAN_POINT('',(6.35,-71.4604245319366,10.3032566128521));
#13443=CARTESIAN_POINT('',(6.35,-71.4604245319366,10.3032566128521));
#13444=CARTESIAN_POINT('',(6.35,-71.4604245319366,10.3032566128521));
#13445=CARTESIAN_POINT('',(12.7,-71.4604245319366,12.0047339847897));
#13446=CARTESIAN_POINT('',(12.7,-71.4604245319366,-79.4657375716658));
#13447=CARTESIAN_POINT('',(6.35,-69.3034245319366,11.0883404081643));
#13448=CARTESIAN_POINT('',(12.7,-69.3034245319366,12.7898177801019));
#13449=CARTESIAN_POINT('',(12.7,-67.1464245319366,13.5749015754141));
#13450=CARTESIAN_POINT('',(6.35,-69.3034245319366,11.0883404081643));
#13451=CARTESIAN_POINT('',(6.35,-67.1464245319366,11.8734242034765));
#13452=CARTESIAN_POINT('',(6.35,-67.1464245319366,11.8734242034765));
#13453=CARTESIAN_POINT('',(6.35,-69.3034245319366,14.3442197153136));
#13454=CARTESIAN_POINT('',(12.7,-69.3034245319366,16.0456970872513));
#13455=CARTESIAN_POINT('',(12.7,-71.4604245319366,16.8307808825634));
#13456=CARTESIAN_POINT('',(12.7,-67.1464245319366,15.2606132919391));
#13457=CARTESIAN_POINT('',(6.35,-67.1464245319366,13.5591359200014));
#13458=CARTESIAN_POINT('',(6.35,-67.1464245319366,13.5591359200014));
#13459=CARTESIAN_POINT('',(6.35,-69.3034245319366,14.3442197153136));
#13460=CARTESIAN_POINT('',(6.35,-71.4604245319366,15.1293035106259));
#13461=CARTESIAN_POINT('',(6.35,-71.4604245319366,15.1293035106259));
#13462=CARTESIAN_POINT('',(6.35,-69.3034245319366,14.3442197153136));
#13463=CARTESIAN_POINT('',(0.,-69.3034245319366,16.0456970872513));
#13464=CARTESIAN_POINT('',(0.,-71.4604245319366,16.8307808825634));
#13465=CARTESIAN_POINT('',(0.,-67.1464245319366,15.2606132919391));
#13466=CARTESIAN_POINT('',(6.35,-71.4604245319366,15.1293035106259));
#13467=CARTESIAN_POINT('',(6.35,-67.1464245319366,13.5591359200014));
#13468=CARTESIAN_POINT('',(6.35,-69.3034245319366,11.0883404081643));
#13469=CARTESIAN_POINT('',(0.,-69.3034245319366,12.7898177801019));
#13470=CARTESIAN_POINT('',(0.,-67.1464245319366,13.5749015754141));
#13471=CARTESIAN_POINT('',(6.35,-67.1464245319366,11.8734242034765));
#13472=CARTESIAN_POINT('',(6.35,-67.1464245319366,12.716280061739));
#13473=CARTESIAN_POINT('',(0.,-67.1464245319366,14.4177574336766));
#13474=CARTESIAN_POINT('',(12.7,-67.1464245319366,14.4177574336766));
#13475=CARTESIAN_POINT('',(6.35,-71.4604245319366,-81.1672149436034));
#13476=CARTESIAN_POINT('',(0.,-71.4604245319366,-79.4657375716658));
#13477=CARTESIAN_POINT('',(0.,-71.4604245319366,18.2879192919693));
#13478=CARTESIAN_POINT('',(6.35,-71.4604245319366,16.5864419200316));
#13479=CARTESIAN_POINT('',(6.35,-71.4604245319366,16.5864419200316));
#13480=CARTESIAN_POINT('',(6.35,-71.4604245319366,16.5864419200316));
#13481=CARTESIAN_POINT('',(12.7,-71.4604245319366,18.2879192919693));
#13482=CARTESIAN_POINT('',(12.7,-71.4604245319366,-79.4657375716658));
#13483=CARTESIAN_POINT('',(6.35,-69.3034245319366,17.3715257153439));
#13484=CARTESIAN_POINT('',(12.7,-69.3034245319366,19.0730030872815));
#13485=CARTESIAN_POINT('',(12.7,-67.1464245319366,19.8580868825937));
#13486=CARTESIAN_POINT('',(6.35,-69.3034245319366,17.3715257153439));
#13487=CARTESIAN_POINT('',(6.35,-67.1464245319366,18.1566095106561));
#13488=CARTESIAN_POINT('',(6.35,-67.1464245319366,18.1566095106561));
#13489=CARTESIAN_POINT('',(6.35,-69.3034245319366,20.6274050224932));
#13490=CARTESIAN_POINT('',(12.7,-69.3034245319366,22.3288823944308));
#13491=CARTESIAN_POINT('',(12.7,-71.4604245319366,23.113966189743));
#13492=CARTESIAN_POINT('',(12.7,-67.1464245319366,21.5437985991186));
#13493=CARTESIAN_POINT('',(6.35,-67.1464245319366,19.8423212271811));
#13494=CARTESIAN_POINT('',(6.35,-67.1464245319366,19.8423212271811));
#13495=CARTESIAN_POINT('',(6.35,-69.3034245319366,20.6274050224932));
#13496=CARTESIAN_POINT('',(6.35,-71.4604245319366,21.4124888178055));
#13497=CARTESIAN_POINT('',(6.35,-71.4604245319366,21.4124888178055));
#13498=CARTESIAN_POINT('',(6.35,-69.3034245319366,20.6274050224932));
#13499=CARTESIAN_POINT('',(0.,-69.3034245319366,22.3288823944308));
#13500=CARTESIAN_POINT('',(0.,-71.4604245319366,23.113966189743));
#13501=CARTESIAN_POINT('',(0.,-67.1464245319366,21.5437985991186));
#13502=CARTESIAN_POINT('',(6.35,-71.4604245319366,21.4124888178055));
#13503=CARTESIAN_POINT('',(6.35,-67.1464245319366,19.8423212271811));
#13504=CARTESIAN_POINT('',(6.35,-69.3034245319366,17.3715257153439));
#13505=CARTESIAN_POINT('',(0.,-69.3034245319366,19.0730030872815));
#13506=CARTESIAN_POINT('',(0.,-67.1464245319366,19.8580868825937));
#13507=CARTESIAN_POINT('',(6.35,-67.1464245319366,18.1566095106561));
#13508=CARTESIAN_POINT('',(6.35,-67.1464245319366,18.9994653689185));
#13509=CARTESIAN_POINT('',(0.,-67.1464245319366,20.7009427408562));
#13510=CARTESIAN_POINT('',(12.7,-67.1464245319366,20.7009427408562));
#13511=CARTESIAN_POINT('',(6.35,-71.4604245319366,-81.1672149436034));
#13512=CARTESIAN_POINT('',(0.,-71.4604245319366,-79.4657375716658));
#13513=CARTESIAN_POINT('',(0.,-71.4604245319366,24.5711045991488));
#13514=CARTESIAN_POINT('',(6.35,-71.4604245319366,22.8696272272113));
#13515=CARTESIAN_POINT('',(6.35,-71.4604245319366,22.8696272272113));
#13516=CARTESIAN_POINT('',(6.35,-71.4604245319366,22.8696272272113));
#13517=CARTESIAN_POINT('',(12.7,-71.4604245319366,24.5711045991488));
#13518=CARTESIAN_POINT('',(12.7,-71.4604245319366,-79.4657375716658));
#13519=CARTESIAN_POINT('',(6.35,-69.3034245319366,23.6547110225234));
#13520=CARTESIAN_POINT('',(12.7,-69.3034245319366,25.356188394461));
#13521=CARTESIAN_POINT('',(12.7,-67.1464245319366,26.1412721897733));
#13522=CARTESIAN_POINT('',(6.35,-69.3034245319366,23.6547110225234));
#13523=CARTESIAN_POINT('',(6.35,-67.1464245319366,24.4397948178357));
#13524=CARTESIAN_POINT('',(6.35,-67.1464245319366,24.4397948178357));
#13525=CARTESIAN_POINT('',(6.35,-69.3034245319366,26.9105903296728));
#13526=CARTESIAN_POINT('',(12.7,-69.3034245319366,28.6120677016105));
#13527=CARTESIAN_POINT('',(12.7,-71.4604245319366,29.3971514969227));
#13528=CARTESIAN_POINT('',(12.7,-67.1464245319366,27.8269839062983));
#13529=CARTESIAN_POINT('',(6.35,-67.1464245319366,26.1255065343606));
#13530=CARTESIAN_POINT('',(6.35,-67.1464245319366,26.1255065343606));
#13531=CARTESIAN_POINT('',(6.35,-69.3034245319366,26.9105903296728));
#13532=CARTESIAN_POINT('',(6.35,-71.4604245319366,27.695674124985));
#13533=CARTESIAN_POINT('',(6.35,-71.4604245319366,27.695674124985));
#13534=CARTESIAN_POINT('',(6.35,-69.3034245319366,26.9105903296728));
#13535=CARTESIAN_POINT('',(0.,-69.3034245319366,28.6120677016105));
#13536=CARTESIAN_POINT('',(0.,-71.4604245319366,29.3971514969227));
#13537=CARTESIAN_POINT('',(0.,-67.1464245319366,27.8269839062983));
#13538=CARTESIAN_POINT('',(6.35,-71.4604245319366,27.695674124985));
#13539=CARTESIAN_POINT('',(6.35,-67.1464245319366,26.1255065343606));
#13540=CARTESIAN_POINT('',(6.35,-69.3034245319366,23.6547110225234));
#13541=CARTESIAN_POINT('',(0.,-69.3034245319366,25.356188394461));
#13542=CARTESIAN_POINT('',(0.,-67.1464245319366,26.1412721897733));
#13543=CARTESIAN_POINT('',(6.35,-67.1464245319366,24.4397948178357));
#13544=CARTESIAN_POINT('',(6.35,-67.1464245319366,25.2826506760982));
#13545=CARTESIAN_POINT('',(0.,-67.1464245319366,26.9841280480357));
#13546=CARTESIAN_POINT('',(12.7,-67.1464245319366,26.9841280480357));
#13547=CARTESIAN_POINT('',(6.35,-71.4604245319366,-81.1672149436034));
#13548=CARTESIAN_POINT('',(0.,-71.4604245319366,-79.4657375716658));
#13549=CARTESIAN_POINT('',(0.,-71.4604245319366,30.8542899063285));
#13550=CARTESIAN_POINT('',(6.35,-71.4604245319366,29.1528125343908));
#13551=CARTESIAN_POINT('',(6.35,-71.4604245319366,29.1528125343908));
#13552=CARTESIAN_POINT('',(6.35,-71.4604245319366,29.1528125343908));
#13553=CARTESIAN_POINT('',(12.7,-71.4604245319366,30.8542899063285));
#13554=CARTESIAN_POINT('',(12.7,-71.4604245319366,-79.4657375716658));
#13555=CARTESIAN_POINT('',(6.35,-69.3034245319366,29.937896329703));
#13556=CARTESIAN_POINT('',(12.7,-69.3034245319366,31.6393737016407));
#13557=CARTESIAN_POINT('',(12.7,-67.1464245319366,32.4244574969528));
#13558=CARTESIAN_POINT('',(6.35,-69.3034245319366,29.937896329703));
#13559=CARTESIAN_POINT('',(6.35,-67.1464245319366,30.7229801250152));
#13560=CARTESIAN_POINT('',(6.35,-67.1464245319366,30.7229801250152));
#13561=CARTESIAN_POINT('',(6.35,-69.3034245319366,33.1937756368524));
#13562=CARTESIAN_POINT('',(12.7,-69.3034245319366,34.89525300879));
#13563=CARTESIAN_POINT('',(12.7,-71.4604245319366,35.6803368041022));
#13564=CARTESIAN_POINT('',(12.7,-67.1464245319366,34.1101692134778));
#13565=CARTESIAN_POINT('',(6.35,-67.1464245319366,32.4086918415402));
#13566=CARTESIAN_POINT('',(6.35,-67.1464245319366,32.4086918415402));
#13567=CARTESIAN_POINT('',(6.35,-69.3034245319366,33.1937756368524));
#13568=CARTESIAN_POINT('',(6.35,-71.4604245319366,33.9788594321646));
#13569=CARTESIAN_POINT('',(6.35,-71.4604245319366,33.9788594321646));
#13570=CARTESIAN_POINT('',(6.35,-69.3034245319366,33.1937756368524));
#13571=CARTESIAN_POINT('',(0.,-69.3034245319366,34.89525300879));
#13572=CARTESIAN_POINT('',(0.,-71.4604245319366,35.6803368041022));
#13573=CARTESIAN_POINT('',(0.,-67.1464245319366,34.1101692134778));
#13574=CARTESIAN_POINT('',(6.35,-71.4604245319366,33.9788594321646));
#13575=CARTESIAN_POINT('',(6.35,-67.1464245319366,32.4086918415402));
#13576=CARTESIAN_POINT('',(6.35,-69.3034245319366,29.937896329703));
#13577=CARTESIAN_POINT('',(0.,-69.3034245319366,31.6393737016407));
#13578=CARTESIAN_POINT('',(0.,-67.1464245319366,32.4244574969528));
#13579=CARTESIAN_POINT('',(6.35,-67.1464245319366,30.7229801250152));
#13580=CARTESIAN_POINT('',(6.35,-67.1464245319366,31.5658359832778));
#13581=CARTESIAN_POINT('',(0.,-67.1464245319366,33.2673133552154));
#13582=CARTESIAN_POINT('',(12.7,-67.1464245319366,33.2673133552154));
#13583=CARTESIAN_POINT('',(6.35,-69.3034245319366,39.476960944032));
#13584=CARTESIAN_POINT('',(0.,-69.3034245319366,41.1784383159697));
#13585=CARTESIAN_POINT('',(0.,-71.4604245319366,41.9635221112818));
#13586=CARTESIAN_POINT('',(0.,-67.1464245319366,40.3933545206574));
#13587=CARTESIAN_POINT('',(6.35,-71.4604245319366,40.2620447393442));
#13588=CARTESIAN_POINT('',(6.35,-71.4604245319366,40.2620447393442));
#13589=CARTESIAN_POINT('',(6.35,-69.3034245319366,39.476960944032));
#13590=CARTESIAN_POINT('',(6.35,-67.1464245319366,38.6918771487198));
#13591=CARTESIAN_POINT('',(6.35,-67.1464245319366,38.6918771487198));
#13592=CARTESIAN_POINT('',(6.35,-71.4604245319366,40.6263293416956));
#13593=CARTESIAN_POINT('',(0.,-71.4604245319366,42.3278067136333));
#13594=CARTESIAN_POINT('',(0.,-71.4604245319366,42.6920913159847));
#13595=CARTESIAN_POINT('',(6.35,-71.4604245319366,40.9906139440471));
#13596=CARTESIAN_POINT('',(6.35,-71.4604245319366,40.9906139440471));
#13597=CARTESIAN_POINT('',(6.35,-71.4604245319366,40.9906139440471));
#13598=CARTESIAN_POINT('',(12.7,-71.4604245319366,42.6920913159847));
#13599=CARTESIAN_POINT('',(12.7,-71.4604245319366,42.3278067136333));
#13600=CARTESIAN_POINT('',(12.7,-71.4604245319366,41.9635221112818));
#13601=CARTESIAN_POINT('',(6.35,-71.4604245319366,40.2620447393442));
#13602=CARTESIAN_POINT('',(6.35,-73.9604245319366,40.9906139440471));
#13603=CARTESIAN_POINT('',(0.,-73.9604245319366,42.6920913159847));
#13604=CARTESIAN_POINT('',(0.,-76.4604245319367,42.6920913159847));
#13605=CARTESIAN_POINT('',(6.35,-76.4604245319367,40.9906139440471));
#13606=CARTESIAN_POINT('',(6.35,-76.4604245319367,40.9906139440471));
#13607=CARTESIAN_POINT('',(6.35,-73.9604245319366,40.9906139440471));
#13608=CARTESIAN_POINT('',(6.35,-76.4604245319367,-78.389906892365));
#13609=CARTESIAN_POINT('',(0.,-76.4604245319367,-76.6884295204274));
#13610=CARTESIAN_POINT('',(0.,-76.4604245319367,-196.06895035684));
#13611=CARTESIAN_POINT('',(6.35,-76.4604245319367,-197.770427728777));
#13612=CARTESIAN_POINT('',(6.35,-76.4604245319367,-197.770427728777));
#13613=CARTESIAN_POINT('',(6.35,-76.4604245319367,-197.770427728777));
#13614=CARTESIAN_POINT('',(12.7,-76.4604245319367,-196.06895035684));
#13615=CARTESIAN_POINT('',(12.7,-76.4604245319367,-76.6884295204274));
#13616=CARTESIAN_POINT('',(12.7,-76.4604245319367,42.6920913159847));
#13617=CARTESIAN_POINT('',(6.35,-76.4604245319367,40.9906139440471));
#13618=CARTESIAN_POINT('',(6.35,-73.9604245319366,-197.770427728777));
#13619=CARTESIAN_POINT('',(0.,-73.9604245319366,-196.06895035684));
#13620=CARTESIAN_POINT('',(6.35,-73.9604245319366,-197.770427728777));
#13621=CARTESIAN_POINT('',(6.35,-71.4604245319366,-81.1672149436034));
#13622=CARTESIAN_POINT('',(0.,-71.4604245319366,-79.4657375716658));
#13623=CARTESIAN_POINT('',(0.,-71.4604245319366,37.137475213508));
#13624=CARTESIAN_POINT('',(6.35,-71.4604245319366,35.4359978415704));
#13625=CARTESIAN_POINT('',(6.35,-71.4604245319366,35.4359978415704));
#13626=CARTESIAN_POINT('',(6.35,-71.4604245319366,35.4359978415704));
#13627=CARTESIAN_POINT('',(12.7,-71.4604245319366,37.137475213508));
#13628=CARTESIAN_POINT('',(12.7,-71.4604245319366,-79.4657375716658));
#13629=CARTESIAN_POINT('',(6.35,-69.3034245319366,36.2210816368826));
#13630=CARTESIAN_POINT('',(0.,-69.3034245319366,37.9225590088203));
#13631=CARTESIAN_POINT('',(0.,-67.1464245319366,38.7076428041324));
#13632=CARTESIAN_POINT('',(6.35,-67.1464245319366,37.0061654321948));
#13633=CARTESIAN_POINT('',(6.35,-67.1464245319366,37.0061654321948));
#13634=CARTESIAN_POINT('',(6.35,-69.3034245319366,36.2210816368826));
#13635=CARTESIAN_POINT('',(6.35,-67.1464245319366,37.8490212904573));
#13636=CARTESIAN_POINT('',(0.,-67.1464245319366,39.550498662395));
#13637=CARTESIAN_POINT('',(6.35,-67.1464245319366,38.6918771487198));
#13638=CARTESIAN_POINT('',(12.7,-67.1464245319366,40.3933545206574));
#13639=CARTESIAN_POINT('',(12.7,-67.1464245319366,39.550498662395));
#13640=CARTESIAN_POINT('',(12.7,-67.1464245319366,38.7076428041324));
#13641=CARTESIAN_POINT('',(6.35,-67.1464245319366,37.0061654321948));
#13642=CARTESIAN_POINT('',(0.,-71.8034245319366,-76.6884295204274));
#13643=CARTESIAN_POINT('',(6.35,-69.3034245319366,39.476960944032));
#13644=CARTESIAN_POINT('',(12.7,-69.3034245319366,41.1784383159697));
#13645=CARTESIAN_POINT('',(6.35,-73.9604245319366,40.9906139440471));
#13646=CARTESIAN_POINT('',(12.7,-73.9604245319366,42.6920913159847));
#13647=CARTESIAN_POINT('',(6.35,-73.9604245319366,-197.770427728777));
#13648=CARTESIAN_POINT('',(12.7,-73.9604245319366,-196.06895035684));
#13649=CARTESIAN_POINT('',(6.35,-69.3034245319366,36.2210816368826));
#13650=CARTESIAN_POINT('',(12.7,-69.3034245319366,37.9225590088203));
#13651=CARTESIAN_POINT('',(12.7,-71.8034245319366,-76.6884295204274));
#13652=CARTESIAN_POINT('',(0.,0.,0.));
#13653=CARTESIAN_POINT('',(0.,76.2,-184.15));
#13654=CARTESIAN_POINT('',(37.2533333333333,16.2418827589524,-184.15));
#13655=CARTESIAN_POINT('',(34.925,15.2267650865179,-184.15));
#13656=CARTESIAN_POINT('',(39.5816666666667,17.2570004313869,-184.15));
#13657=CARTESIAN_POINT('',(0.,2.33295215237571E-15,-184.15));
#13658=CARTESIAN_POINT('',(-30.8161764705882,22.4047599347452,-184.15));
#13659=CARTESIAN_POINT('',(-32.8705882352941,23.8984105970616,-184.15));
#13660=CARTESIAN_POINT('',(-34.925,25.3920612593779,-184.15));
#13661=CARTESIAN_POINT('',(0.,2.64401243935914E-15,-184.15));
#13662=CARTESIAN_POINT('',(0.,76.2,-184.15));
#13663=CARTESIAN_POINT('',(-37.2533333333333,16.2418827589524,-184.15));
#13664=CARTESIAN_POINT('',(-34.925,15.2267650865178,-184.15));
#13665=CARTESIAN_POINT('',(-39.5816666666667,17.2570004313869,-184.15));
#13666=CARTESIAN_POINT('',(0.,2.33295215237571E-15,-184.15));
#13667=CARTESIAN_POINT('',(-37.9395893988061,3.4925,-184.15));
#13668=CARTESIAN_POINT('',(-50.8,3.4925,-184.15));
#13669=CARTESIAN_POINT('',(-43.0385274347299,3.4925,-184.15));
#13670=CARTESIAN_POINT('',(0.,2.64401243935914E-15,-184.15));
#13671=CARTESIAN_POINT('',(0.,76.2,-184.15));
#13672=CARTESIAN_POINT('',(36.969617791642,-16.8777060153299,-184.15));
#13673=CARTESIAN_POINT('',(34.6590166796644,-15.8228493893719,-184.15));
#13674=CARTESIAN_POINT('',(39.2802189036196,-17.9325626412881,-184.15));
#13675=CARTESIAN_POINT('',(0.,2.33295215237571E-15,-184.15));
#13676=CARTESIAN_POINT('',(37.9395893988061,-3.4925,-184.15));
#13677=CARTESIAN_POINT('',(-50.8,-3.4925,-184.15));
#13678=CARTESIAN_POINT('',(43.0385274347299,-3.4925,-184.15));
#13679=CARTESIAN_POINT('',(0.,2.64401243935914E-15,-184.15));
#13680=CARTESIAN_POINT('',(0.,76.2,-184.15));
#13681=CARTESIAN_POINT('',(0.,2.33295215237571E-15,-184.15));
#13682=CARTESIAN_POINT('',(27.2395347578868,-26.6386513580151,-184.15));
#13683=CARTESIAN_POINT('',(16.5918958888468,-34.2975070641244,-184.15));
#13684=CARTESIAN_POINT('',(29.0355090363344,-28.4349801191096,-184.15));
#13685=CARTESIAN_POINT('',(30.8314833147822,-30.2313088802041,-184.15));
#13686=CARTESIAN_POINT('',(0.,2.64401243935914E-15,-184.15));
#13687=CARTESIAN_POINT('',(18.8041486740264,-38.8705080060077,-184.15));
#13688=CARTESIAN_POINT('',(17.6980222814366,-36.5840075350661,-184.15));
#13689=CARTESIAN_POINT('',(0.,76.2,-184.15));
#13690=CARTESIAN_POINT('',(-17.6980222814366,-36.5840075350661,-184.15));
#13691=CARTESIAN_POINT('',(-16.5918958888468,-34.2975070641244,-184.15));
#13692=CARTESIAN_POINT('',(-18.8041486740264,-38.8705080060077,-184.15));
#13693=CARTESIAN_POINT('',(0.,2.33295215237571E-15,-184.15));
#13694=CARTESIAN_POINT('',(-4.33777836144702,-37.8522612123366,-184.15));
#13695=CARTESIAN_POINT('',(-4.33777836144702,-50.8,-184.15));
#13696=CARTESIAN_POINT('',(-4.33777836144702,-42.9615651354436,-184.15));
#13697=CARTESIAN_POINT('',(0.,2.64401243935914E-15,-184.15));
#13698=CARTESIAN_POINT('',(0.,76.2,-184.15));
#13699=CARTESIAN_POINT('',(0.,2.33295215237571E-15,-184.15));
#13700=CARTESIAN_POINT('',(-27.2395347578868,-26.6386513580151,-184.15));
#13701=CARTESIAN_POINT('',(-34.6590166796644,-15.8228493893719,-184.15));
#13702=CARTESIAN_POINT('',(-29.0355090363344,-28.4349801191096,-184.15));
#13703=CARTESIAN_POINT('',(-30.8314833147822,-30.2313088802041,-184.15));
#13704=CARTESIAN_POINT('',(0.,2.64401243935914E-15,-184.15));
#13705=CARTESIAN_POINT('',(-39.2802189036196,-17.9325626412881,-184.15));
#13706=CARTESIAN_POINT('',(-36.969617791642,-16.8777060153299,-184.15));
#13707=CARTESIAN_POINT('',(0.,2.64401243935914E-15,-304.8));
#13708=CARTESIAN_POINT('',(0.,2.64401243935914E-15,-31.75));
#13709=CARTESIAN_POINT('',(37.394976935412,-21.59,-31.75));
#13710=CARTESIAN_POINT('',(21.59,-37.394976935412,-31.75));
#13711=CARTESIAN_POINT('',(21.59,-37.394976935412,-31.75));
#13712=CARTESIAN_POINT('',(21.59,-37.394976935412,-25.4));
#13713=CARTESIAN_POINT('',(0.,2.64401243935914E-15,-25.4));
#13714=CARTESIAN_POINT('',(7.93203731807741E-15,-43.18,-25.4));
#13715=CARTESIAN_POINT('',(7.93203731807741E-15,-43.18,-31.75));
#13716=CARTESIAN_POINT('',(7.93203731807741E-15,-43.18,-31.75));
#13717=CARTESIAN_POINT('',(0.,2.64401243935914E-15,-31.75));
#13718=CARTESIAN_POINT('',(-21.59,-37.394976935412,-31.75));
#13719=CARTESIAN_POINT('',(-21.59,-37.3949769354121,-31.75));
#13720=CARTESIAN_POINT('',(-21.59,-37.3949769354121,-25.4));
#13721=CARTESIAN_POINT('',(0.,2.64401243935914E-15,-25.4));
#13722=CARTESIAN_POINT('',(-37.394976935412,-21.59,-25.4));
#13723=CARTESIAN_POINT('',(-37.394976935412,-21.59,-31.75));
#13724=CARTESIAN_POINT('',(-37.394976935412,-21.59,-31.75));
#13725=CARTESIAN_POINT('',(0.,2.64401243935914E-15,-31.75));
#13726=CARTESIAN_POINT('',(-43.18,3.46944695195361E-15,-31.75));
#13727=CARTESIAN_POINT('',(-43.18,3.46944695195361E-15,-31.75));
#13728=CARTESIAN_POINT('',(-43.18,3.46944695195361E-15,-25.4));
#13729=CARTESIAN_POINT('',(0.,2.64401243935914E-15,-25.4));
#13730=CARTESIAN_POINT('',(-37.394976935412,21.59,-25.4));
#13731=CARTESIAN_POINT('',(-37.394976935412,21.59,-31.75));
#13732=CARTESIAN_POINT('',(-37.394976935412,21.59,-31.75));
#13733=CARTESIAN_POINT('',(0.,2.64401243935914E-15,-31.75));
#13734=CARTESIAN_POINT('',(-21.59,37.3949769354121,-31.75));
#13735=CARTESIAN_POINT('',(-21.59,37.3949769354121,-31.75));
#13736=CARTESIAN_POINT('',(-21.59,37.3949769354121,-25.4));
#13737=CARTESIAN_POINT('',(0.,2.64401243935914E-15,-25.4));
#13738=CARTESIAN_POINT('',(6.94387360130372E-15,43.18,-25.4));
#13739=CARTESIAN_POINT('',(6.94387360130372E-15,43.18,-31.75));
#13740=CARTESIAN_POINT('',(6.94387360130372E-15,43.18,-31.75));
#13741=CARTESIAN_POINT('',(0.,2.64401243935914E-15,-31.75));
#13742=CARTESIAN_POINT('',(21.59,37.3949769354121,-31.75));
#13743=CARTESIAN_POINT('',(21.59,37.3949769354121,-31.75));
#13744=CARTESIAN_POINT('',(21.59,37.3949769354121,-25.4));
#13745=CARTESIAN_POINT('',(0.,2.64401243935914E-15,-25.4));
#13746=CARTESIAN_POINT('',(37.394976935412,21.59,-25.4));
#13747=CARTESIAN_POINT('',(37.394976935412,21.59,-31.75));
#13748=CARTESIAN_POINT('',(37.394976935412,21.59,-31.75));
#13749=CARTESIAN_POINT('',(0.,2.64401243935914E-15,-31.75));
#13750=CARTESIAN_POINT('',(43.18,8.75747183067189E-15,-31.75));
#13751=CARTESIAN_POINT('',(43.18,8.75747183067189E-15,-31.75));
#13752=CARTESIAN_POINT('',(43.18,8.75747183067189E-15,-25.4));
#13753=CARTESIAN_POINT('',(0.,2.64401243935914E-15,-25.4));
#13754=CARTESIAN_POINT('',(37.394976935412,-21.59,-25.4));
#13755=CARTESIAN_POINT('',(37.394976935412,-21.59,-31.75));
#13756=CARTESIAN_POINT('',(5.89805981832114E-14,2.16840434497101E-15,-177.8));
#13757=CARTESIAN_POINT('',(43.03852743473,3.4925,-177.8));
#13758=CARTESIAN_POINT('',(39.5816666666667,17.2570004313869,-177.8));
#13759=CARTESIAN_POINT('',(39.5816666666667,17.2570004313869,-177.8));
#13760=CARTESIAN_POINT('',(-34.925,25.3920612593779,-177.8));
#13761=CARTESIAN_POINT('',(-34.925,25.3920612593779,-177.8));
#13762=CARTESIAN_POINT('',(0.,2.64401243935914E-15,-177.8));
#13763=CARTESIAN_POINT('',(-39.5816666666667,17.2570004313869,-177.8));
#13764=CARTESIAN_POINT('',(-39.5816666666667,17.2570004313869,-177.8));
#13765=CARTESIAN_POINT('',(-43.0385274347299,3.4925,-304.8));
#13766=CARTESIAN_POINT('',(-43.0385274347299,3.4925,-63.5));
#13767=CARTESIAN_POINT('',(-43.0385274347299,3.4925,-63.5));
#13768=CARTESIAN_POINT('',(-43.0385274347299,3.4925,-62.5767627922627));
#13769=CARTESIAN_POINT('',(-43.109398894635,2.73570529277396,-60.7683943810321));
#13770=CARTESIAN_POINT('',(-43.2152592519668,0.00342431513411259,-59.6277731235904));
#13771=CARTESIAN_POINT('',(-43.1095636850952,-2.73478439290014,-60.7655182234048));
#13772=CARTESIAN_POINT('',(-43.03852743473,-3.4925,-62.5767641210544));
#13773=CARTESIAN_POINT('',(-43.03852743473,-3.4925,-63.5));
#13774=CARTESIAN_POINT('',(-43.0385274347299,-3.4925,-63.5));
#13775=CARTESIAN_POINT('',(-43.0385274347299,-3.4925,-304.8));
#13776=CARTESIAN_POINT('',(-43.03852743473,-3.49249999999996,-177.8));
#13777=CARTESIAN_POINT('',(6.93889390390723E-15,-4.55364912443912E-15,-177.8));
#13778=CARTESIAN_POINT('',(-39.2802189036196,-17.9325626412881,-177.8));
#13779=CARTESIAN_POINT('',(-39.2802189036196,-17.9325626412881,-177.8));
#13780=CARTESIAN_POINT('',(-30.8314833147822,-30.2313088802041,-177.8));
#13781=CARTESIAN_POINT('',(-30.8314833147822,-30.2313088802041,-177.8));
#13782=CARTESIAN_POINT('',(-2.25514051876985E-14,-1.38777878078145E-14,
-177.8));
#13783=CARTESIAN_POINT('',(-18.8041486740264,-38.8705080060077,-177.8));
#13784=CARTESIAN_POINT('',(-18.8041486740264,-38.8705080060077,-177.8));
#13785=CARTESIAN_POINT('',(0.,2.64401243935914E-15,4014.27528326331));
#13786=CARTESIAN_POINT('',(-4.19999775828289,-42.9752535633057,-50.7956605969704));
#13787=CARTESIAN_POINT('',(-4.19999775828289,-42.9752535633057,-50.7956605969704));
#13788=CARTESIAN_POINT('',(-4.19885042276772,-42.9753656931058,-49.685183750531));
#13789=CARTESIAN_POINT('',(-3.2864785724441,-43.0782112665138,-47.511754945557));
#13790=CARTESIAN_POINT('',(0.000600307749127228,-43.2309932462684,-46.1432703118848));
#13791=CARTESIAN_POINT('',(3.29228761141303,-43.0778156183205,-47.5151651443747));
#13792=CARTESIAN_POINT('',(4.2011450918398,-42.975141433697,-49.6938644519807));
#13793=CARTESIAN_POINT('',(4.19999775828289,-42.9752535633057,-50.8043394030297));
#13794=CARTESIAN_POINT('',(4.1999977582829,-42.9752535633057,-50.8043394030297));
#13795=CARTESIAN_POINT('',(0.,2.64401243935914E-15,-4115.87528326332));
#13796=CARTESIAN_POINT('',(4.06222612198959,-42.9884951927121,-184.15));
#13797=CARTESIAN_POINT('',(0.,2.64401243935914E-15,-184.15));
#13798=CARTESIAN_POINT('',(4.33777836144701,-42.9615651354436,-184.15));
#13799=CARTESIAN_POINT('',(4.33777836144701,-42.9615651354436,-177.8));
#13800=CARTESIAN_POINT('',(4.33777836144701,-42.9615651354436,-177.8));
#13801=CARTESIAN_POINT('',(-1.1145598333151E-13,4.05925293378573E-13,-177.8));
#13802=CARTESIAN_POINT('',(18.8041486740264,-38.8705080060077,-177.8));
#13803=CARTESIAN_POINT('',(18.8041486740264,-38.8705080060077,-177.8));
#13804=CARTESIAN_POINT('',(30.8314833147822,-30.2313088802041,-177.8));
#13805=CARTESIAN_POINT('',(30.8314833147822,-30.2313088802041,-177.8));
#13806=CARTESIAN_POINT('',(2.60208521396521E-14,-1.38777878078145E-14,-177.8));
#13807=CARTESIAN_POINT('',(39.2802189036196,-17.9325626412881,-177.8));
#13808=CARTESIAN_POINT('',(39.2802189036196,-17.9325626412881,-177.8));
#13809=CARTESIAN_POINT('',(43.0385274347299,-3.4925,-304.8));
#13810=CARTESIAN_POINT('',(43.03852743473,-3.4925,-63.5));
#13811=CARTESIAN_POINT('',(43.03852743473,-3.4925,-63.5));
#13812=CARTESIAN_POINT('',(43.03852743473,-3.4925,-62.5767627922627));
#13813=CARTESIAN_POINT('',(43.1093988946349,-2.73570529277397,-60.7683943810321));
#13814=CARTESIAN_POINT('',(43.2152592519668,-0.00342431513411758,-59.6277731235904));
#13815=CARTESIAN_POINT('',(43.1095636850952,2.73478439290014,-60.7655182234048));
#13816=CARTESIAN_POINT('',(43.03852743473,3.4925,-62.5767641210543));
#13817=CARTESIAN_POINT('',(43.03852743473,3.4925,-63.5));
#13818=CARTESIAN_POINT('',(43.03852743473,3.4925,-63.5));
#13819=CARTESIAN_POINT('',(43.0385274347299,3.4925,-304.8));
#13820=CARTESIAN_POINT('',(0.,2.33295215237571E-15,-304.8));
#13821=CARTESIAN_POINT('',(0.,2.33295215237571E-15,-31.75));
#13822=CARTESIAN_POINT('',(32.9955678841872,-19.05,-31.75));
#13823=CARTESIAN_POINT('',(19.05,-32.9955678841872,-31.75));
#13824=CARTESIAN_POINT('',(32.9955678841872,-19.05,-31.75));
#13825=CARTESIAN_POINT('',(32.9955678841872,-19.05,-25.4));
#13826=CARTESIAN_POINT('',(0.,2.33295215237571E-15,-25.4));
#13827=CARTESIAN_POINT('',(38.1,6.99885645712712E-15,-25.4));
#13828=CARTESIAN_POINT('',(38.1,6.99885645712712E-15,-31.75));
#13829=CARTESIAN_POINT('',(38.1,6.99885645712712E-15,-31.75));
#13830=CARTESIAN_POINT('',(0.,2.33295215237571E-15,-31.75));
#13831=CARTESIAN_POINT('',(32.9955678841871,19.05,-31.75));
#13832=CARTESIAN_POINT('',(32.9955678841871,19.05,-31.75));
#13833=CARTESIAN_POINT('',(32.9955678841871,19.05,-25.4));
#13834=CARTESIAN_POINT('',(0.,2.33295215237571E-15,-25.4));
#13835=CARTESIAN_POINT('',(19.05,32.9955678841872,-25.4));
#13836=CARTESIAN_POINT('',(19.05,32.9955678841872,-31.75));
#13837=CARTESIAN_POINT('',(19.05,32.9955678841872,-31.75));
#13838=CARTESIAN_POINT('',(0.,2.33295215237571E-15,-31.75));
#13839=CARTESIAN_POINT('',(6.12694729526799E-15,38.1,-31.75));
#13840=CARTESIAN_POINT('',(6.12694729526799E-15,38.1,-31.75));
#13841=CARTESIAN_POINT('',(6.12694729526799E-15,38.1,-25.4));
#13842=CARTESIAN_POINT('',(0.,2.33295215237571E-15,-25.4));
#13843=CARTESIAN_POINT('',(-19.05,32.9955678841872,-25.4));
#13844=CARTESIAN_POINT('',(-19.05,32.9955678841872,-31.75));
#13845=CARTESIAN_POINT('',(-19.05,32.9955678841872,-31.75));
#13846=CARTESIAN_POINT('',(0.,2.33295215237571E-15,-31.75));
#13847=CARTESIAN_POINT('',(-32.9955678841872,19.05,-31.75));
#13848=CARTESIAN_POINT('',(-32.9955678841872,19.05,-31.75));
#13849=CARTESIAN_POINT('',(-32.9955678841872,19.05,-25.4));
#13850=CARTESIAN_POINT('',(0.,2.33295215237571E-15,-25.4));
#13851=CARTESIAN_POINT('',(-38.1,2.33295215237571E-15,-25.4));
#13852=CARTESIAN_POINT('',(-38.1,2.33295215237571E-15,-31.75));
#13853=CARTESIAN_POINT('',(-38.1,2.33295215237571E-15,-31.75));
#13854=CARTESIAN_POINT('',(0.,2.33295215237571E-15,-31.75));
#13855=CARTESIAN_POINT('',(-32.9955678841872,-19.05,-31.75));
#13856=CARTESIAN_POINT('',(-32.9955678841872,-19.05,-31.75));
#13857=CARTESIAN_POINT('',(-32.9955678841872,-19.05,-25.4));
#13858=CARTESIAN_POINT('',(0.,2.33295215237571E-15,-25.4));
#13859=CARTESIAN_POINT('',(-19.05,-32.9955678841872,-25.4));
#13860=CARTESIAN_POINT('',(-19.05,-32.9955678841872,-31.75));
#13861=CARTESIAN_POINT('',(-19.05,-32.9955678841872,-31.75));
#13862=CARTESIAN_POINT('',(0.,2.33295215237571E-15,-31.75));
#13863=CARTESIAN_POINT('',(0.,-38.1,-31.75));
#13864=CARTESIAN_POINT('',(0.,-38.1,-31.75));
#13865=CARTESIAN_POINT('',(0.,-38.1,-25.4));
#13866=CARTESIAN_POINT('',(0.,2.33295215237571E-15,-25.4));
#13867=CARTESIAN_POINT('',(19.05,-32.9955678841872,-25.4));
#13868=CARTESIAN_POINT('',(19.05,-32.9955678841872,-31.75));
#13869=CARTESIAN_POINT('',(3.53883589099268E-13,8.21825246744012E-14,-177.8));
#13870=CARTESIAN_POINT('',(37.9395893988061,3.4925,-177.8));
#13871=CARTESIAN_POINT('',(34.925,15.2267650865179,-177.8));
#13872=CARTESIAN_POINT('',(37.9395893988061,3.4925,-304.8));
#13873=CARTESIAN_POINT('',(37.9395893988061,3.4925,-63.5));
#13874=CARTESIAN_POINT('',(37.9395893988061,-3.4925,-63.5));
#13875=CARTESIAN_POINT('',(37.9395893988061,-3.4925,-62.5766496284355));
#13876=CARTESIAN_POINT('',(38.0199853964893,-2.73568969569569,-60.7684535442187));
#13877=CARTESIAN_POINT('',(38.1399611960883,-0.00347552926505697,-59.6277324226632));
#13878=CARTESIAN_POINT('',(38.0201693433615,2.73484278136642,-60.7656219556308));
#13879=CARTESIAN_POINT('',(37.9395893988061,3.4925,-62.5766511686971));
#13880=CARTESIAN_POINT('',(37.9395893988061,3.4925,-63.5));
#13881=CARTESIAN_POINT('',(37.9395893988061,-3.4925,-63.5));
#13882=CARTESIAN_POINT('',(37.9395893988061,-3.4925,-304.8));
#13883=CARTESIAN_POINT('',(34.6590166796644,-15.8228493893719,-177.8));
#13884=CARTESIAN_POINT('',(34.6590166796644,-15.8228493893719,-177.8));
#13885=CARTESIAN_POINT('',(-1.54390389361936E-13,1.45716771982052E-13,-177.8));
#13886=CARTESIAN_POINT('',(27.2395347578868,-26.6386513580151,-177.8));
#13887=CARTESIAN_POINT('',(27.2395347578868,-26.6386513580151,-177.8));
#13888=CARTESIAN_POINT('',(16.5918958888468,-34.2975070641244,-177.8));
#13889=CARTESIAN_POINT('',(16.5918958888468,-34.2975070641244,-177.8));
#13890=CARTESIAN_POINT('',(1.64798730217796E-14,-7.63278329429795E-14,-177.8));
#13891=CARTESIAN_POINT('',(4.337778361447,-37.8522612123366,-177.8));
#13892=CARTESIAN_POINT('',(4.33777836144701,-37.8522612123366,-177.8));
#13893=CARTESIAN_POINT('',(4.33777836144701,-37.8522612123366,-184.15));
#13894=CARTESIAN_POINT('',(0.,2.33295215237571E-15,-184.15));
#13895=CARTESIAN_POINT('',(4.06222612198959,-37.8828235343384,-184.15));
#13896=CARTESIAN_POINT('',(0.,2.33295215237571E-15,-4115.87528326332));
#13897=CARTESIAN_POINT('',(4.1999977582829,-37.8677965932852,-50.8043394030297));
#13898=CARTESIAN_POINT('',(-4.1999977582829,-37.8677965932852,-50.7956605969704));
#13899=CARTESIAN_POINT('',(-4.19885021877629,-37.8679238693294,-49.6849863124156));
#13900=CARTESIAN_POINT('',(-3.28645472135143,-37.9846394624124,-47.5118615190005));
#13901=CARTESIAN_POINT('',(0.000511805783025288,-38.1577938598721,-46.1431981692547));
#13902=CARTESIAN_POINT('',(3.29238950228071,-37.984184958746,-47.5153470681156));
#13903=CARTESIAN_POINT('',(4.20114529570688,-37.8676693174719,-49.6936671342208));
#13904=CARTESIAN_POINT('',(4.19999775828289,-37.8677965932851,-50.8043394030297));
#13905=CARTESIAN_POINT('',(-4.19999775828289,-37.8677965932851,-50.7956605969704));
#13906=CARTESIAN_POINT('',(0.,2.33295215237571E-15,4014.27528326331));
#13907=CARTESIAN_POINT('',(-16.5918958888468,-34.2975070641244,-177.8));
#13908=CARTESIAN_POINT('',(-16.5918958888468,-34.2975070641244,-177.8));
#13909=CARTESIAN_POINT('',(2.42861286636753E-14,5.20417042793042E-15,-177.8));
#13910=CARTESIAN_POINT('',(-27.2395347578868,-26.6386513580151,-177.8));
#13911=CARTESIAN_POINT('',(-27.2395347578868,-26.6386513580151,-177.8));
#13912=CARTESIAN_POINT('',(-34.6590166796644,-15.8228493893719,-177.8));
#13913=CARTESIAN_POINT('',(-34.6590166796644,-15.8228493893719,-177.8));
#13914=CARTESIAN_POINT('',(-4.5102810375397E-14,-1.56125112837912E-14,-177.8));
#13915=CARTESIAN_POINT('',(-37.9395893988061,-3.4925,-177.8));
#13916=CARTESIAN_POINT('',(-37.9395893988061,-3.4925,-304.8));
#13917=CARTESIAN_POINT('',(-37.9395893988061,-3.4925,-63.5));
#13918=CARTESIAN_POINT('',(-37.9395893988061,3.4925,-63.5));
#13919=CARTESIAN_POINT('',(-37.9395893988061,3.4925,-62.5766496284355));
#13920=CARTESIAN_POINT('',(-38.0199853964893,2.73568969569568,-60.7684535442187));
#13921=CARTESIAN_POINT('',(-38.1399611960883,0.00347552926505565,-59.6277324226632));
#13922=CARTESIAN_POINT('',(-38.0201693433615,-2.73484278136643,-60.7656219556308));
#13923=CARTESIAN_POINT('',(-37.9395893988061,-3.4925,-62.5766511686971));
#13924=CARTESIAN_POINT('',(-37.9395893988061,-3.4925,-63.5));
#13925=CARTESIAN_POINT('',(-37.9395893988061,3.4925,-63.5));
#13926=CARTESIAN_POINT('',(-37.9395893988061,3.4925,-304.8));
#13927=CARTESIAN_POINT('',(-34.925,15.2267650865178,-177.8));
#13928=CARTESIAN_POINT('',(-34.925,15.2267650865178,-177.8));
#13929=CARTESIAN_POINT('',(5.79397640976254E-13,-2.37657116208822E-13,-177.8));
#13930=CARTESIAN_POINT('',(-30.8161764705882,22.4047599347452,-177.8));
#13931=CARTESIAN_POINT('',(-30.8161764705882,22.4047599347452,-177.8));
#13932=CARTESIAN_POINT('',(34.925,15.2267650865179,-177.8));
#13933=CARTESIAN_POINT('',(-55.7631138562924,-3.177,-25.4));
#13934=CARTESIAN_POINT('',(35.1952724097996,-20.32,-25.4));
#13935=CARTESIAN_POINT('',(40.64,1.24491920040688E-14,-25.4));
#13936=CARTESIAN_POINT('',(-55.7631138562924,-3.177,-25.4));
#13937=CARTESIAN_POINT('',(20.32,-35.1952724097996,-25.4));
#13938=CARTESIAN_POINT('',(-4.48987252605762E-15,-40.64,-25.4));
#13939=CARTESIAN_POINT('',(-55.7631138562924,-3.177,-25.4));
#13940=CARTESIAN_POINT('',(-20.32,-35.1952724097996,-25.4));
#13941=CARTESIAN_POINT('',(-35.1952724097996,-20.32,-25.4));
#13942=CARTESIAN_POINT('',(-55.7631138562924,-3.177,-25.4));
#13943=CARTESIAN_POINT('',(-40.64,3.46944695195361E-15,-25.4));
#13944=CARTESIAN_POINT('',(-35.1952724097996,20.32,-25.4));
#13945=CARTESIAN_POINT('',(-55.7631138562924,-3.177,-25.4));
#13946=CARTESIAN_POINT('',(35.1952724097996,20.32,-25.4));
#13947=CARTESIAN_POINT('',(20.32,35.1952724097996,-25.4));
#13948=CARTESIAN_POINT('',(-50.8,-3.4925,-180.975));
#13949=CARTESIAN_POINT('',(-40.489058416768,-3.4925,-177.8));
#13950=CARTESIAN_POINT('',(-50.8,-3.4925,-63.5));
#13951=CARTESIAN_POINT('',(-50.8,-1.7347234759768E-15,-63.5));
#13952=CARTESIAN_POINT('',(-50.8,3.4925,-63.5));
#13953=CARTESIAN_POINT('',(-50.8,3.4925,-180.975));
#13954=CARTESIAN_POINT('',(-50.8,3.4925,-180.975));
#13955=CARTESIAN_POINT('',(40.489058416768,3.4925,-177.8));
#13956=CARTESIAN_POINT('',(-50.8,3.4925,-63.5));
#13957=CARTESIAN_POINT('',(-50.8,-1.7347234759768E-15,-63.5));
#13958=CARTESIAN_POINT('',(-50.8,-3.4925,-63.5));
#13959=CARTESIAN_POINT('',(-50.8,-3.4925,-180.975));
#13960=CARTESIAN_POINT('',(0.,76.2,-184.15));
#13961=CARTESIAN_POINT('',(4.33777836144702,-40.4069131738901,-184.15));
#13962=CARTESIAN_POINT('',(4.06222612198959,-50.8,-184.15));
#13963=CARTESIAN_POINT('',(4.07206278996338,-50.8,-174.629339403029));
#13964=CARTESIAN_POINT('',(4.1999977582829,-50.8,-50.8043394030297));
#13965=CARTESIAN_POINT('',(0.,-50.8,-50.8));
#13966=CARTESIAN_POINT('',(-4.19999775828289,-50.8,-50.7956605969704));
#13967=CARTESIAN_POINT('',(-4.32793272660242,-50.8,-174.62066059697));
#13968=CARTESIAN_POINT('',(-55.7631138562924,-3.177,-25.4));
#13969=CARTESIAN_POINT('',(-20.32,35.1952724097996,-25.4));
#13970=CARTESIAN_POINT('',(-4.48987252605762E-15,40.64,-25.4));
#13971=CARTESIAN_POINT('',(-4.48987252605762E-15,40.64,-31.75));
#13972=CARTESIAN_POINT('',(-4.48987252605762E-15,40.64,-31.75));
#13973=CARTESIAN_POINT('',(20.32,35.1952724097996,-31.75));
#13974=CARTESIAN_POINT('',(20.32,35.1952724097996,-31.75));
#13975=CARTESIAN_POINT('',(0.,0.,-31.75));
#13976=CARTESIAN_POINT('',(35.1952724097996,20.32,-31.75));
#13977=CARTESIAN_POINT('',(35.1952724097996,20.32,-31.75));
#13978=CARTESIAN_POINT('',(40.64,1.24491920040688E-14,-31.75));
#13979=CARTESIAN_POINT('',(40.64,1.24491920040688E-14,-31.75));
#13980=CARTESIAN_POINT('',(0.,0.,-31.75));
#13981=CARTESIAN_POINT('',(-20.32,35.1952724097996,-31.75));
#13982=CARTESIAN_POINT('',(-20.32,35.1952724097996,-31.75));
#13983=CARTESIAN_POINT('',(-35.1952724097996,20.32,-31.75));
#13984=CARTESIAN_POINT('',(-35.1952724097996,20.32,-31.75));
#13985=CARTESIAN_POINT('',(0.,0.,-31.75));
#13986=CARTESIAN_POINT('',(-40.64,3.46944695195361E-15,-31.75));
#13987=CARTESIAN_POINT('',(-40.64,3.46944695195361E-15,-31.75));
#13988=CARTESIAN_POINT('',(-35.1952724097996,-20.32,-31.75));
#13989=CARTESIAN_POINT('',(-35.1952724097996,-20.32,-31.75));
#13990=CARTESIAN_POINT('',(0.,0.,-31.75));
#13991=CARTESIAN_POINT('',(-20.32,-35.1952724097996,-31.75));
#13992=CARTESIAN_POINT('',(-20.32,-35.1952724097996,-31.75));
#13993=CARTESIAN_POINT('',(-4.48987252605762E-15,-40.64,-31.75));
#13994=CARTESIAN_POINT('',(-4.48987252605762E-15,-40.64,-31.75));
#13995=CARTESIAN_POINT('',(0.,0.,-31.75));
#13996=CARTESIAN_POINT('',(20.32,-35.1952724097996,-31.75));
#13997=CARTESIAN_POINT('',(20.32,-35.1952724097996,-31.75));
#13998=CARTESIAN_POINT('',(35.1952724097996,-20.32,-31.75));
#13999=CARTESIAN_POINT('',(35.1952724097996,-20.32,-31.75));
#14000=CARTESIAN_POINT('',(0.,0.,-31.75));
#14001=CARTESIAN_POINT('',(-37.2533333333333,16.2418827589524,-177.8));
#14002=CARTESIAN_POINT('',(-37.2533333333333,16.2418827589524,-177.8));
#14003=CARTESIAN_POINT('',(-32.8705882352941,23.8984105970616,-177.8));
#14004=CARTESIAN_POINT('',(-32.8705882352941,23.8984105970616,-177.8));
#14005=CARTESIAN_POINT('',(0.,-6.38660753110325,-177.8));
#14006=CARTESIAN_POINT('',(-17.6980222814366,-36.5840075350661,-177.8));
#14007=CARTESIAN_POINT('',(-17.6980222814366,-36.5840075350661,-177.8));
#14008=CARTESIAN_POINT('',(-29.0355090363344,-28.4349801191096,-177.8));
#14009=CARTESIAN_POINT('',(-29.0355090363344,-28.4349801191096,-177.8));
#14010=CARTESIAN_POINT('',(0.,-6.38660753110325,-177.8));
#14011=CARTESIAN_POINT('',(4.33777836144702,-40.4069131738901,-177.8));
#14012=CARTESIAN_POINT('',(4.33777836144702,-40.4069131738901,-177.8));
#14013=CARTESIAN_POINT('',(17.6980222814366,-36.5840075350661,-177.8));
#14014=CARTESIAN_POINT('',(17.6980222814366,-36.5840075350661,-177.8));
#14015=CARTESIAN_POINT('',(0.,-6.38660753110325,-177.8));
#14016=CARTESIAN_POINT('',(36.969617791642,-16.8777060153299,-177.8));
#14017=CARTESIAN_POINT('',(36.969617791642,-16.8777060153299,-177.8));
#14018=CARTESIAN_POINT('',(29.0355090363344,-28.4349801191096,-177.8));
#14019=CARTESIAN_POINT('',(29.0355090363344,-28.4349801191096,-177.8));
#14020=CARTESIAN_POINT('',(0.,-6.38660753110325,-177.8));
#14021=CARTESIAN_POINT('',(-36.969617791642,-16.8777060153299,-177.8));
#14022=CARTESIAN_POINT('',(-36.969617791642,-16.8777060153299,-177.8));
#14023=CARTESIAN_POINT('',(0.,-6.38660753110325,-177.8));
#14024=CARTESIAN_POINT('',(37.2533333333333,16.2418827589524,-177.8));
#14025=CARTESIAN_POINT('',(37.2533333333333,16.2418827589524,-177.8));
#14026=CARTESIAN_POINT('',(0.,-6.38660753110325,-177.8));
#14027=CARTESIAN_POINT('',(0.,0.,0.));
#14028=CARTESIAN_POINT('',(55.7631138562924,-3.177,-25.4));
#14029=CARTESIAN_POINT('',(0.,2.33295215237571E-15,-25.4));
#14030=CARTESIAN_POINT('',(-19.05,32.9955678841872,-25.4));
#14031=CARTESIAN_POINT('',(6.53541044828585E-15,38.1,-25.4));
#14032=CARTESIAN_POINT('',(-20.32,35.1952724097996,-25.4));
#14033=CARTESIAN_POINT('',(-21.59,37.3949769354121,-25.4));
#14034=CARTESIAN_POINT('',(0.,2.64401243935914E-15,-25.4));
#14035=CARTESIAN_POINT('',(6.94387360130372E-15,43.18,-25.4));
#14036=CARTESIAN_POINT('',(-4.48987252605762E-15,40.64,-25.4));
#14037=CARTESIAN_POINT('',(55.7631138562924,-3.177,-25.4));
#14038=CARTESIAN_POINT('',(0.,2.33295215237571E-15,-25.4));
#14039=CARTESIAN_POINT('',(38.1,7.87816414389951E-15,-25.4));
#14040=CARTESIAN_POINT('',(32.9955678841871,-19.05,-25.4));
#14041=CARTESIAN_POINT('',(40.64,1.24491920040688E-14,-25.4));
#14042=CARTESIAN_POINT('',(43.18,8.75747183067189E-15,-25.4));
#14043=CARTESIAN_POINT('',(0.,2.64401243935914E-15,-25.4));
#14044=CARTESIAN_POINT('',(43.0631138562924,3.175,-25.4));
#14045=CARTESIAN_POINT('',(55.7631138562924,3.175,-25.4));
#14046=CARTESIAN_POINT('',(68.4631138562924,3.175,-25.4));
#14047=CARTESIAN_POINT('',(68.4631138562924,-3.177,-25.4));
#14048=CARTESIAN_POINT('',(68.4631138562924,-3.175,-25.4));
#14049=CARTESIAN_POINT('',(55.7631138562924,-3.175,-25.4));
#14050=CARTESIAN_POINT('',(43.0631138562923,-3.17500000000022,-25.4));
#14051=CARTESIAN_POINT('',(0.,2.64401243935914E-15,-25.4));
#14052=CARTESIAN_POINT('',(37.394976935412,-21.59,-25.4));
#14053=CARTESIAN_POINT('',(35.1952724097996,-20.32,-25.4));
#14054=CARTESIAN_POINT('',(55.7631138562924,-3.177,-25.4));
#14055=CARTESIAN_POINT('',(0.,2.33295215237571E-15,-25.4));
#14056=CARTESIAN_POINT('',(19.05,-32.9955678841872,-25.4));
#14057=CARTESIAN_POINT('',(0.,-38.1,-25.4));
#14058=CARTESIAN_POINT('',(20.32,-35.1952724097996,-25.4));
#14059=CARTESIAN_POINT('',(21.59,-37.394976935412,-25.4));
#14060=CARTESIAN_POINT('',(0.,2.64401243935914E-15,-25.4));
#14061=CARTESIAN_POINT('',(7.93203731807741E-15,-43.18,-25.4));
#14062=CARTESIAN_POINT('',(-4.48987252605762E-15,-40.64,-25.4));
#14063=CARTESIAN_POINT('',(55.7631138562924,-3.177,-25.4));
#14064=CARTESIAN_POINT('',(0.,2.33295215237571E-15,-25.4));
#14065=CARTESIAN_POINT('',(-19.05,-32.9955678841871,-25.4));
#14066=CARTESIAN_POINT('',(-32.9955678841871,-19.05,-25.4));
#14067=CARTESIAN_POINT('',(-20.32,-35.1952724097996,-25.4));
#14068=CARTESIAN_POINT('',(-21.59,-37.394976935412,-25.4));
#14069=CARTESIAN_POINT('',(0.,2.64401243935914E-15,-25.4));
#14070=CARTESIAN_POINT('',(-37.394976935412,-21.59,-25.4));
#14071=CARTESIAN_POINT('',(-35.1952724097996,-20.32,-25.4));
#14072=CARTESIAN_POINT('',(55.7631138562924,-3.177,-25.4));
#14073=CARTESIAN_POINT('',(-35.1952724097996,20.32,-25.4));
#14074=CARTESIAN_POINT('',(-32.9955678841871,19.05,-25.4));
#14075=CARTESIAN_POINT('',(-37.394976935412,21.59,-25.4));
#14076=CARTESIAN_POINT('',(0.,2.33295215237571E-15,-25.4));
#14077=CARTESIAN_POINT('',(-38.1,2.90119955216466E-15,-25.4));
#14078=CARTESIAN_POINT('',(-40.64,3.46944695195361E-15,-25.4));
#14079=CARTESIAN_POINT('',(-43.18,3.46944695195361E-15,-25.4));
#14080=CARTESIAN_POINT('',(0.,2.64401243935914E-15,-25.4));
#14081=CARTESIAN_POINT('',(-43.0631138562924,-3.175,-25.4));
#14082=CARTESIAN_POINT('',(-55.7631138562924,-3.175,-25.4));
#14083=CARTESIAN_POINT('',(-68.4631138562924,-3.175,-25.4));
#14084=CARTESIAN_POINT('',(-68.4631138562924,-3.177,-25.4));
#14085=CARTESIAN_POINT('',(-68.4631138562924,3.175,-25.4));
#14086=CARTESIAN_POINT('',(-55.7631138562924,3.175,-25.4));
#14087=CARTESIAN_POINT('',(-43.0631138562924,3.175,-25.4));
#14088=CARTESIAN_POINT('',(0.,2.64401243935914E-15,-25.4));
#14089=CARTESIAN_POINT('',(55.7631138562924,-3.177,-25.4));
#14090=CARTESIAN_POINT('',(35.1952724097996,20.32,-25.4));
#14091=CARTESIAN_POINT('',(32.9955678841871,19.05,-25.4));
#14092=CARTESIAN_POINT('',(37.394976935412,21.59,-25.4));
#14093=CARTESIAN_POINT('',(0.,2.33295215237571E-15,-25.4));
#14094=CARTESIAN_POINT('',(19.05,32.9955678841872,-25.4));
#14095=CARTESIAN_POINT('',(20.32,35.1952724097996,-25.4));
#14096=CARTESIAN_POINT('',(21.59,37.3949769354121,-25.4));
#14097=CARTESIAN_POINT('',(0.,2.64401243935914E-15,-25.4));
#14098=CARTESIAN_POINT('',(0.,2.64401243935914E-15,-304.8));
#14099=CARTESIAN_POINT('',(-43.0631138562924,3.175,-6.35));
#14100=CARTESIAN_POINT('',(-43.0631138562924,3.175,0.));
#14101=CARTESIAN_POINT('',(0.,2.64401243935914E-15,0.));
#14102=CARTESIAN_POINT('',(43.0631138562924,3.175,0.));
#14103=CARTESIAN_POINT('',(43.0631138562924,3.175,-6.35));
#14104=CARTESIAN_POINT('',(43.18,8.75747183067189E-15,-31.75));
#14105=CARTESIAN_POINT('',(43.18,8.75747183067189E-15,-31.75));
#14106=CARTESIAN_POINT('',(0.,2.64401243935914E-15,-31.75));
#14107=CARTESIAN_POINT('',(37.394976935412,21.59,-31.75));
#14108=CARTESIAN_POINT('',(37.394976935412,21.59,-31.75));
#14109=CARTESIAN_POINT('',(21.59,37.3949769354121,-31.75));
#14110=CARTESIAN_POINT('',(21.59,37.3949769354121,-31.75));
#14111=CARTESIAN_POINT('',(0.,2.64401243935914E-15,-31.75));
#14112=CARTESIAN_POINT('',(6.94387360130372E-15,43.18,-31.75));
#14113=CARTESIAN_POINT('',(6.94387360130372E-15,43.18,-31.75));
#14114=CARTESIAN_POINT('',(-21.59,37.3949769354121,-31.75));
#14115=CARTESIAN_POINT('',(-21.59,37.3949769354121,-31.75));
#14116=CARTESIAN_POINT('',(0.,2.64401243935914E-15,-31.75));
#14117=CARTESIAN_POINT('',(-37.394976935412,21.59,-31.75));
#14118=CARTESIAN_POINT('',(-37.394976935412,21.59,-31.75));
#14119=CARTESIAN_POINT('',(0.,2.64401243935914E-15,-304.8));
#14120=CARTESIAN_POINT('',(43.0631138562923,-3.175,-6.35));
#14121=CARTESIAN_POINT('',(43.0631138562923,-3.175,0.));
#14122=CARTESIAN_POINT('',(0.,2.64401243935914E-15,0.));
#14123=CARTESIAN_POINT('',(-43.0631138562924,-3.175,0.));
#14124=CARTESIAN_POINT('',(-43.0631138562924,-3.175,-6.35));
#14125=CARTESIAN_POINT('',(-43.18,3.46944695195361E-15,-31.75));
#14126=CARTESIAN_POINT('',(-43.18,3.46944695195361E-15,-31.75));
#14127=CARTESIAN_POINT('',(0.,2.64401243935914E-15,-31.75));
#14128=CARTESIAN_POINT('',(-37.394976935412,-21.59,-31.75));
#14129=CARTESIAN_POINT('',(-37.394976935412,-21.59,-31.75));
#14130=CARTESIAN_POINT('',(-21.59,-37.3949769354121,-31.75));
#14131=CARTESIAN_POINT('',(-21.59,-37.3949769354121,-31.75));
#14132=CARTESIAN_POINT('',(0.,2.64401243935914E-15,-31.75));
#14133=CARTESIAN_POINT('',(7.93203731807741E-15,-43.18,-31.75));
#14134=CARTESIAN_POINT('',(7.93203731807741E-15,-43.18,-31.75));
#14135=CARTESIAN_POINT('',(21.59,-37.394976935412,-31.75));
#14136=CARTESIAN_POINT('',(21.59,-37.394976935412,-31.75));
#14137=CARTESIAN_POINT('',(0.,2.64401243935914E-15,-31.75));
#14138=CARTESIAN_POINT('',(37.394976935412,-21.59,-31.75));
#14139=CARTESIAN_POINT('',(37.394976935412,-21.59,-31.75));
#14140=CARTESIAN_POINT('',(0.,2.33295215237571E-15,-304.8));
#14141=CARTESIAN_POINT('',(0.,-38.1,-31.75));
#14142=CARTESIAN_POINT('',(0.,-38.1,-31.75));
#14143=CARTESIAN_POINT('',(0.,2.33295215237571E-15,-31.75));
#14144=CARTESIAN_POINT('',(-19.05,-32.9955678841872,-31.75));
#14145=CARTESIAN_POINT('',(-19.05,-32.9955678841872,-31.75));
#14146=CARTESIAN_POINT('',(-32.9955678841872,-19.05,-31.75));
#14147=CARTESIAN_POINT('',(-32.9955678841872,-19.05,-31.75));
#14148=CARTESIAN_POINT('',(0.,2.33295215237571E-15,-31.75));
#14149=CARTESIAN_POINT('',(-38.1,2.33295215237571E-15,-31.75));
#14150=CARTESIAN_POINT('',(-38.1,2.33295215237571E-15,-31.75));
#14151=CARTESIAN_POINT('',(-32.9955678841872,19.05,-31.75));
#14152=CARTESIAN_POINT('',(-32.9955678841872,19.05,-31.75));
#14153=CARTESIAN_POINT('',(0.,2.33295215237571E-15,-31.75));
#14154=CARTESIAN_POINT('',(-19.05,32.9955678841872,-31.75));
#14155=CARTESIAN_POINT('',(-19.05,32.9955678841872,-31.75));
#14156=CARTESIAN_POINT('',(6.12694729526799E-15,38.1,-31.75));
#14157=CARTESIAN_POINT('',(6.12694729526799E-15,38.1,-31.75));
#14158=CARTESIAN_POINT('',(0.,2.33295215237571E-15,-31.75));
#14159=CARTESIAN_POINT('',(19.05,32.9955678841872,-31.75));
#14160=CARTESIAN_POINT('',(19.05,32.9955678841872,-31.75));
#14161=CARTESIAN_POINT('',(32.9955678841871,19.05,-31.75));
#14162=CARTESIAN_POINT('',(32.9955678841871,19.05,-31.75));
#14163=CARTESIAN_POINT('',(0.,2.33295215237571E-15,-31.75));
#14164=CARTESIAN_POINT('',(38.1,6.99885645712712E-15,-31.75));
#14165=CARTESIAN_POINT('',(38.1,6.99885645712712E-15,-31.75));
#14166=CARTESIAN_POINT('',(32.9955678841872,-19.05,-31.75));
#14167=CARTESIAN_POINT('',(32.9955678841872,-19.05,-31.75));
#14168=CARTESIAN_POINT('',(0.,2.33295215237571E-15,-31.75));
#14169=CARTESIAN_POINT('',(19.05,-32.9955678841872,-31.75));
#14170=CARTESIAN_POINT('',(19.05,-32.9955678841872,-31.75));
#14171=CARTESIAN_POINT('',(0.,2.33295215237571E-15,0.));
#14172=CARTESIAN_POINT('',(0.,-38.1,0.));
#14173=CARTESIAN_POINT('',(0.,0.,0.));
#14174=CARTESIAN_POINT('',(55.7631138562924,-3.175,0.));
#14175=CARTESIAN_POINT('',(48.1431138562924,-3.175,0.));
#14176=CARTESIAN_POINT('',(48.1431138562924,-3.177,0.));
#14177=CARTESIAN_POINT('',(48.1431138562924,3.175,0.));
#14178=CARTESIAN_POINT('',(55.7631138562924,3.175,0.));
#14179=CARTESIAN_POINT('',(-55.7631138562924,3.175,0.));
#14180=CARTESIAN_POINT('',(-48.1431138562924,3.175,0.));
#14181=CARTESIAN_POINT('',(-48.1431138562924,-3.177,0.));
#14182=CARTESIAN_POINT('',(-48.1431138562924,-3.175,0.));
#14183=CARTESIAN_POINT('',(-55.7631138562924,-3.175,0.));
#14184=CARTESIAN_POINT('',(0.,0.,0.));
#14185=CARTESIAN_POINT('',(50.6831138562924,-3.177,0.));
#14186=CARTESIAN_POINT('',(50.6831138562924,-3.175,0.));
#14187=CARTESIAN_POINT('',(50.6831138562924,3.175,0.));
#14188=CARTESIAN_POINT('',(55.7631138562924,-3.175,0.));
#14189=CARTESIAN_POINT('',(54.4931138562924,-3.175,0.));
#14190=CARTESIAN_POINT('',(54.4931138562924,-3.177,0.));
#14191=CARTESIAN_POINT('',(54.4931138562924,3.175,0.));
#14192=CARTESIAN_POINT('',(55.7631138562924,3.175,0.));
#14193=CARTESIAN_POINT('',(0.,0.,0.));
#14194=CARTESIAN_POINT('',(57.0331138562924,-3.177,0.));
#14195=CARTESIAN_POINT('',(57.0331138562924,-3.175,0.));
#14196=CARTESIAN_POINT('',(57.0331138562924,3.175,0.));
#14197=CARTESIAN_POINT('',(55.7631138562924,-3.175,0.));
#14198=CARTESIAN_POINT('',(60.8431138562924,-3.175,0.));
#14199=CARTESIAN_POINT('',(60.8431138562924,-3.177,0.));
#14200=CARTESIAN_POINT('',(60.8431138562924,3.175,0.));
#14201=CARTESIAN_POINT('',(55.7631138562924,3.175,0.));
#14202=CARTESIAN_POINT('',(0.,0.,0.));
#14203=CARTESIAN_POINT('',(-55.7631138562924,-3.175,0.));
#14204=CARTESIAN_POINT('',(-68.4631138562924,-3.175,0.));
#14205=CARTESIAN_POINT('',(-63.3831138562924,-3.175,-1.55530143491714E-16));
#14206=CARTESIAN_POINT('',(-63.3831138562924,-3.177,-1.55530143491714E-16));
#14207=CARTESIAN_POINT('',(-63.3831138562924,3.175,-1.55530143491714E-16));
#14208=CARTESIAN_POINT('',(-55.7631138562924,3.175,0.));
#14209=CARTESIAN_POINT('',(-68.4631138562924,3.175,0.));
#14210=CARTESIAN_POINT('',(-68.4631138562924,0.,0.));
#14211=CARTESIAN_POINT('',(0.,0.,0.));
#14212=CARTESIAN_POINT('',(-60.8431138562924,-3.177,0.));
#14213=CARTESIAN_POINT('',(-60.8431138562924,-3.175,0.));
#14214=CARTESIAN_POINT('',(-60.8431138562924,3.175,0.));
#14215=CARTESIAN_POINT('',(-55.7631138562924,-3.175,0.));
#14216=CARTESIAN_POINT('',(-57.0331138562924,-3.175,-1.55530143491714E-16));
#14217=CARTESIAN_POINT('',(-57.0331138562924,-3.177,-1.55530143491714E-16));
#14218=CARTESIAN_POINT('',(-57.0331138562924,3.175,-1.55530143491714E-16));
#14219=CARTESIAN_POINT('',(-55.7631138562924,3.175,0.));
#14220=CARTESIAN_POINT('',(0.,0.,0.));
#14221=CARTESIAN_POINT('',(-54.4931138562924,-3.177,0.));
#14222=CARTESIAN_POINT('',(-54.4931138562924,-3.175,0.));
#14223=CARTESIAN_POINT('',(-54.4931138562924,3.175,0.));
#14224=CARTESIAN_POINT('',(-55.7631138562924,-3.175,0.));
#14225=CARTESIAN_POINT('',(-50.6831138562924,-3.175,-1.55530143491714E-16));
#14226=CARTESIAN_POINT('',(-50.6831138562924,-3.177,-1.55530143491714E-16));
#14227=CARTESIAN_POINT('',(-50.6831138562924,3.175,-1.55530143491714E-16));
#14228=CARTESIAN_POINT('',(-55.7631138562924,3.175,0.));
#14229=CARTESIAN_POINT('',(-55.7631138562924,3.175,-6.35));
#14230=CARTESIAN_POINT('',(-63.3831138562924,3.175,-3.81));
#14231=CARTESIAN_POINT('',(-63.3831138562924,3.175,-7.62));
#14232=CARTESIAN_POINT('',(-62.1131138562924,3.175,-7.62));
#14233=CARTESIAN_POINT('',(-60.8431138562924,3.175,-7.62));
#14234=CARTESIAN_POINT('',(-60.8431138562924,3.175,-3.81));
#14235=CARTESIAN_POINT('',(-57.0331138562924,3.175,-2.54));
#14236=CARTESIAN_POINT('',(-57.0331138562924,3.175,-5.08));
#14237=CARTESIAN_POINT('',(-55.7631138562924,3.175,-5.08));
#14238=CARTESIAN_POINT('',(-54.4931138562924,3.175,-5.08));
#14239=CARTESIAN_POINT('',(-54.4931138562924,3.175,-2.54));
#14240=CARTESIAN_POINT('',(-50.6831138562924,3.175,-1.27));
#14241=CARTESIAN_POINT('',(-50.6831138562924,3.175,-2.54));
#14242=CARTESIAN_POINT('',(-49.4131138562924,3.175,-2.54));
#14243=CARTESIAN_POINT('',(-48.1431138562924,3.175,-2.54));
#14244=CARTESIAN_POINT('',(-48.1431138562924,3.175,-1.27));
#14245=CARTESIAN_POINT('',(-68.4631138562924,3.175,-6.35));
#14246=CARTESIAN_POINT('',(-55.7631138562924,-3.175,-6.35));
#14247=CARTESIAN_POINT('',(-63.3831138562924,-3.175,-3.81));
#14248=CARTESIAN_POINT('',(-63.3831138562924,-3.175,-7.62));
#14249=CARTESIAN_POINT('',(-68.4631138562924,-3.175,-6.35));
#14250=CARTESIAN_POINT('',(-48.1431138562924,-3.175,-1.27));
#14251=CARTESIAN_POINT('',(-48.1431138562924,-3.175,-2.54));
#14252=CARTESIAN_POINT('',(-49.4131138562924,-3.175,-2.54));
#14253=CARTESIAN_POINT('',(-50.6831138562924,-3.175,-2.54));
#14254=CARTESIAN_POINT('',(-50.6831138562924,-3.175,-1.27));
#14255=CARTESIAN_POINT('',(-54.4931138562924,-3.175,-2.54));
#14256=CARTESIAN_POINT('',(-54.4931138562924,-3.175,-5.08));
#14257=CARTESIAN_POINT('',(-55.7631138562924,-3.175,-5.08));
#14258=CARTESIAN_POINT('',(-57.0331138562924,-3.175,-5.08));
#14259=CARTESIAN_POINT('',(-57.0331138562924,-3.175,-2.54));
#14260=CARTESIAN_POINT('',(-60.8431138562924,-3.175,-3.81));
#14261=CARTESIAN_POINT('',(-60.8431138562924,-3.175,-7.62));
#14262=CARTESIAN_POINT('',(-62.1131138562924,-3.175,-7.62));
#14263=CARTESIAN_POINT('',(0.,0.,0.));
#14264=CARTESIAN_POINT('',(63.3831138562924,-3.177,0.));
#14265=CARTESIAN_POINT('',(63.3831138562924,-3.175,0.));
#14266=CARTESIAN_POINT('',(63.3831138562924,3.175,0.));
#14267=CARTESIAN_POINT('',(55.7631138562924,-3.175,0.));
#14268=CARTESIAN_POINT('',(68.4631138562924,-3.175,0.));
#14269=CARTESIAN_POINT('',(68.4631138562924,0.,0.));
#14270=CARTESIAN_POINT('',(68.4631138562924,3.175,0.));
#14271=CARTESIAN_POINT('',(55.7631138562924,3.175,0.));
#14272=CARTESIAN_POINT('',(55.7631138562924,3.175,-6.35));
#14273=CARTESIAN_POINT('',(48.1431138562924,3.175,-1.27));
#14274=CARTESIAN_POINT('',(48.1431138562924,3.175,-2.54));
#14275=CARTESIAN_POINT('',(49.4131138562924,3.175,-2.54));
#14276=CARTESIAN_POINT('',(50.6831138562924,3.175,-2.54));
#14277=CARTESIAN_POINT('',(50.6831138562924,3.175,-1.27));
#14278=CARTESIAN_POINT('',(54.4931138562924,3.175,-2.54));
#14279=CARTESIAN_POINT('',(54.4931138562924,3.175,-5.08));
#14280=CARTESIAN_POINT('',(55.7631138562924,3.175,-5.08));
#14281=CARTESIAN_POINT('',(57.0331138562924,3.175,-5.08));
#14282=CARTESIAN_POINT('',(57.0331138562924,3.175,-2.54));
#14283=CARTESIAN_POINT('',(60.8431138562924,3.175,-3.81));
#14284=CARTESIAN_POINT('',(60.8431138562924,3.175,-7.62));
#14285=CARTESIAN_POINT('',(62.1131138562924,3.175,-7.62));
#14286=CARTESIAN_POINT('',(63.3831138562924,3.175,-7.62));
#14287=CARTESIAN_POINT('',(63.3831138562924,3.175,-3.81));
#14288=CARTESIAN_POINT('',(68.4631138562924,3.175,-6.35));
#14289=CARTESIAN_POINT('',(55.7631138562924,-3.175,-6.35));
#14290=CARTESIAN_POINT('',(48.1431138562924,-3.175,-1.27));
#14291=CARTESIAN_POINT('',(48.1431138562924,-3.175,-2.54));
#14292=CARTESIAN_POINT('',(68.4631138562924,-3.175,-6.35));
#14293=CARTESIAN_POINT('',(63.3831138562924,-3.175,-3.81));
#14294=CARTESIAN_POINT('',(63.3831138562924,-3.175,-7.62));
#14295=CARTESIAN_POINT('',(62.1131138562924,-3.175,-7.62));
#14296=CARTESIAN_POINT('',(60.8431138562924,-3.175,-7.62));
#14297=CARTESIAN_POINT('',(60.8431138562924,-3.175,-3.81));
#14298=CARTESIAN_POINT('',(57.0331138562924,-3.175,-2.54));
#14299=CARTESIAN_POINT('',(57.0331138562924,-3.175,-5.08));
#14300=CARTESIAN_POINT('',(55.7631138562924,-3.175,-5.08));
#14301=CARTESIAN_POINT('',(54.4931138562924,-3.175,-5.08));
#14302=CARTESIAN_POINT('',(54.4931138562924,-3.175,-2.54));
#14303=CARTESIAN_POINT('',(50.6831138562924,-3.175,-1.27));
#14304=CARTESIAN_POINT('',(50.6831138562924,-3.175,-2.54));
#14305=CARTESIAN_POINT('',(49.4131138562924,-3.175,-2.54));
#14306=CARTESIAN_POINT('',(68.4631138562924,0.,-6.35));
#14307=CARTESIAN_POINT('',(-68.4631138562924,0.,-6.35));
#14308=CARTESIAN_POINT('',(-50.6831138562924,-3.177,-1.27));
#14309=CARTESIAN_POINT('',(-50.6831138562924,-3.177,-2.54));
#14310=CARTESIAN_POINT('',(-48.1431138562924,-3.177,-1.27));
#14311=CARTESIAN_POINT('',(-48.1431138562924,-3.177,-2.54));
#14312=CARTESIAN_POINT('',(-49.4131138562924,-3.177,-2.54));
#14313=CARTESIAN_POINT('',(-57.0331138562924,-3.177,-2.54));
#14314=CARTESIAN_POINT('',(-57.0331138562924,-3.177,-5.08));
#14315=CARTESIAN_POINT('',(-54.4931138562924,-3.177,-2.54));
#14316=CARTESIAN_POINT('',(-54.4931138562924,-3.177,-5.08));
#14317=CARTESIAN_POINT('',(-55.7631138562924,-3.177,-5.08));
#14318=CARTESIAN_POINT('',(-63.3831138562924,-3.177,-3.81));
#14319=CARTESIAN_POINT('',(-63.3831138562924,-3.177,-7.62));
#14320=CARTESIAN_POINT('',(-60.8431138562924,-3.177,-3.81));
#14321=CARTESIAN_POINT('',(-60.8431138562924,-3.177,-7.62));
#14322=CARTESIAN_POINT('',(-62.1131138562924,-3.177,-7.62));
#14323=CARTESIAN_POINT('',(60.8431138562924,-3.177,-3.81));
#14324=CARTESIAN_POINT('',(60.8431138562924,-3.177,-7.62));
#14325=CARTESIAN_POINT('',(63.3831138562924,-3.177,-3.81));
#14326=CARTESIAN_POINT('',(63.3831138562924,-3.177,-7.62));
#14327=CARTESIAN_POINT('',(62.1131138562924,-3.177,-7.62));
#14328=CARTESIAN_POINT('',(54.4931138562924,-3.177,-2.54));
#14329=CARTESIAN_POINT('',(54.4931138562924,-3.177,-5.08));
#14330=CARTESIAN_POINT('',(57.0331138562924,-3.177,-2.54));
#14331=CARTESIAN_POINT('',(57.0331138562924,-3.177,-5.08));
#14332=CARTESIAN_POINT('',(55.7631138562924,-3.177,-5.08));
#14333=CARTESIAN_POINT('',(48.1431138562924,-3.177,-1.27));
#14334=CARTESIAN_POINT('',(48.1431138562924,-3.177,-2.54));
#14335=CARTESIAN_POINT('',(50.6831138562924,-3.177,-1.27));
#14336=CARTESIAN_POINT('',(50.6831138562924,-3.177,-2.54));
#14337=CARTESIAN_POINT('',(49.4131138562924,-3.177,-2.54));
#14338=CARTESIAN_POINT('',(-4.48987252605762E-15,40.64,-31.75));
#14339=CARTESIAN_POINT('',(-4.48987252605762E-15,40.64,-31.75));
#14340=CARTESIAN_POINT('',(20.32,35.1952724097996,-31.75));
#14341=CARTESIAN_POINT('',(20.32,35.1952724097996,-31.75));
#14342=CARTESIAN_POINT('',(0.,0.,-31.75));
#14343=CARTESIAN_POINT('',(-40.64,3.46944695195361E-15,-31.75));
#14344=CARTESIAN_POINT('',(-40.64,3.46944695195361E-15,-31.75));
#14345=CARTESIAN_POINT('',(-35.1952724097996,-20.32,-31.75));
#14346=CARTESIAN_POINT('',(-35.1952724097996,-20.32,-31.75));
#14347=CARTESIAN_POINT('',(0.,0.,-31.75));
#14348=CARTESIAN_POINT('',(-20.32,-35.1952724097996,-31.75));
#14349=CARTESIAN_POINT('',(-20.32,-35.1952724097996,-31.75));
#14350=CARTESIAN_POINT('',(-4.48987252605762E-15,-40.64,-31.75));
#14351=CARTESIAN_POINT('',(-4.48987252605762E-15,-40.64,-31.75));
#14352=CARTESIAN_POINT('',(0.,0.,-31.75));
#14353=CARTESIAN_POINT('',(20.32,-35.1952724097996,-31.75));
#14354=CARTESIAN_POINT('',(20.32,-35.1952724097996,-31.75));
#14355=CARTESIAN_POINT('',(35.1952724097996,-20.32,-31.75));
#14356=CARTESIAN_POINT('',(35.1952724097996,-20.32,-31.75));
#14357=CARTESIAN_POINT('',(0.,0.,-31.75));
#14358=CARTESIAN_POINT('',(35.1952724097996,20.32,-31.75));
#14359=CARTESIAN_POINT('',(35.1952724097996,20.32,-31.75));
#14360=CARTESIAN_POINT('',(40.64,1.24491920040688E-14,-31.75));
#14361=CARTESIAN_POINT('',(40.64,1.24491920040688E-14,-31.75));
#14362=CARTESIAN_POINT('',(0.,0.,-31.75));
#14363=CARTESIAN_POINT('',(-20.32,35.1952724097996,-31.75));
#14364=CARTESIAN_POINT('',(-20.32,35.1952724097996,-31.75));
#14365=CARTESIAN_POINT('',(-35.1952724097996,20.32,-31.75));
#14366=CARTESIAN_POINT('',(-35.1952724097996,20.32,-31.75));
#14367=CARTESIAN_POINT('',(0.,0.,-31.75));
#14368=CARTESIAN_POINT('',(0.,0.,0.));
#14369=CARTESIAN_POINT('',(0.,2.64401243935914E-15,-304.8));
#14370=CARTESIAN_POINT('',(12.4658065171472,41.3414570120243,-253.998));
#14371=CARTESIAN_POINT('',(12.4658065171472,41.3414570120243,-254.));
#14372=CARTESIAN_POINT('',(12.4658065171472,41.3414570120243,-327.025));
#14373=CARTESIAN_POINT('',(0.,2.64401243935914E-15,-254.));
#14374=CARTESIAN_POINT('',(34.925,25.392061259378,-254.));
#14375=CARTESIAN_POINT('',(34.925,25.392061259378,-304.8));
#14376=CARTESIAN_POINT('',(34.925,25.3920612593779,-184.15));
#14377=CARTESIAN_POINT('',(0.,2.64401243935914E-15,-184.15));
#14378=CARTESIAN_POINT('',(39.5816666666667,17.2570004313869,-184.15));
#14379=CARTESIAN_POINT('',(39.5816666666667,17.2570004313869,-177.8));
#14380=CARTESIAN_POINT('',(39.5816666666667,17.2570004313869,-177.8));
#14381=CARTESIAN_POINT('',(5.89805981832114E-14,2.16840434497101E-15,-177.8));
#14382=CARTESIAN_POINT('',(43.03852743473,3.4925,-177.8));
#14383=CARTESIAN_POINT('',(43.0385274347299,3.4925,-304.8));
#14384=CARTESIAN_POINT('',(43.0385274347299,3.4925,-298.45));
#14385=CARTESIAN_POINT('',(43.03852743473,3.4925,-298.45));
#14386=CARTESIAN_POINT('',(43.03852743473,3.4925,-299.373237207737));
#14387=CARTESIAN_POINT('',(43.109398894635,2.73570529277396,-301.181605618968));
#14388=CARTESIAN_POINT('',(43.2152592519668,0.00342431513413764,-302.32222687641));
#14389=CARTESIAN_POINT('',(43.1095636850952,-2.73478439290018,-301.184481776595));
#14390=CARTESIAN_POINT('',(43.03852743473,-3.4925,-299.373235878946));
#14391=CARTESIAN_POINT('',(43.03852743473,-3.4925,-298.45));
#14392=CARTESIAN_POINT('',(43.03852743473,-3.4925,-298.45));
#14393=CARTESIAN_POINT('',(43.0385274347299,-3.4925,-304.8));
#14394=CARTESIAN_POINT('',(43.0385274347299,-3.4925,-184.15));
#14395=CARTESIAN_POINT('',(0.,2.64401243935914E-15,-184.15));
#14396=CARTESIAN_POINT('',(39.2802189036196,-17.9325626412881,-184.15));
#14397=CARTESIAN_POINT('',(39.2802189036196,-17.9325626412881,-177.8));
#14398=CARTESIAN_POINT('',(39.2802189036196,-17.9325626412881,-177.8));
#14399=CARTESIAN_POINT('',(2.60208521396521E-14,-1.38777878078145E-14,-177.8));
#14400=CARTESIAN_POINT('',(30.8314833147822,-30.2313088802041,-177.8));
#14401=CARTESIAN_POINT('',(30.8314833147822,-30.2313088802041,-177.8));
#14402=CARTESIAN_POINT('',(30.8314833147822,-30.2313088802041,-184.15));
#14403=CARTESIAN_POINT('',(0.,2.64401243935914E-15,-184.15));
#14404=CARTESIAN_POINT('',(18.8041486740264,-38.8705080060077,-184.15));
#14405=CARTESIAN_POINT('',(18.8041486740264,-38.8705080060077,-177.8));
#14406=CARTESIAN_POINT('',(18.8041486740264,-38.8705080060077,-177.8));
#14407=CARTESIAN_POINT('',(-1.1145598333151E-13,4.05925293378573E-13,-177.8));
#14408=CARTESIAN_POINT('',(4.33777836144701,-42.9615651354436,-177.8));
#14409=CARTESIAN_POINT('',(4.33777836144701,-42.9615651354436,-177.8));
#14410=CARTESIAN_POINT('',(4.33777836144701,-42.9615651354436,-184.15));
#14411=CARTESIAN_POINT('',(0.,2.64401243935914E-15,-184.15));
#14412=CARTESIAN_POINT('',(4.06222612198959,-42.9884951927121,-184.15));
#14413=CARTESIAN_POINT('',(0.,2.64401243935914E-15,-4115.87528326332));
#14414=CARTESIAN_POINT('',(3.94412782164386,-42.9994913426488,-298.45433940303));
#14415=CARTESIAN_POINT('',(3.94412782164386,-42.9994913426488,-298.45433940303));
#14416=CARTESIAN_POINT('',(3.94298047982186,-42.9995965825636,-299.564822353699));
#14417=CARTESIAN_POINT('',(3.03059040854287,-43.096968653145,-301.738610840288));
#14418=CARTESIAN_POINT('',(-0.257696685901428,-43.2302266984331,-303.106727724916));
#14419=CARTESIAN_POINT('',(-3.54815950648278,-43.0574977443776,-301.734474836233));
#14420=CARTESIAN_POINT('',(-4.45701504759804,-42.9493587635028,-299.556154053052));
#14421=CARTESIAN_POINT('',(-4.45586769492194,-42.9494777975862,-298.445660596971));
#14422=CARTESIAN_POINT('',(-4.45586769492194,-42.9494777975862,-298.44566059697));
#14423=CARTESIAN_POINT('',(0.,2.64401243935914E-15,4014.27528326331));
#14424=CARTESIAN_POINT('',(-4.33777836144702,-42.9615651354436,-184.15));
#14425=CARTESIAN_POINT('',(0.,2.64401243935914E-15,-184.15));
#14426=CARTESIAN_POINT('',(-18.8041486740264,-38.8705080060077,-184.15));
#14427=CARTESIAN_POINT('',(-18.8041486740264,-38.8705080060077,-177.8));
#14428=CARTESIAN_POINT('',(-18.8041486740264,-38.8705080060077,-177.8));
#14429=CARTESIAN_POINT('',(-2.25514051876985E-14,-1.38777878078145E-14,
-177.8));
#14430=CARTESIAN_POINT('',(-30.8314833147822,-30.2313088802041,-177.8));
#14431=CARTESIAN_POINT('',(-30.8314833147822,-30.2313088802041,-177.8));
#14432=CARTESIAN_POINT('',(-30.8314833147822,-30.2313088802041,-184.15));
#14433=CARTESIAN_POINT('',(0.,2.64401243935914E-15,-184.15));
#14434=CARTESIAN_POINT('',(-39.2802189036196,-17.9325626412881,-184.15));
#14435=CARTESIAN_POINT('',(-39.2802189036196,-17.9325626412881,-177.8));
#14436=CARTESIAN_POINT('',(-39.2802189036196,-17.9325626412881,-177.8));
#14437=CARTESIAN_POINT('',(6.93889390390723E-15,-4.55364912443912E-15,-177.8));
#14438=CARTESIAN_POINT('',(-43.03852743473,-3.49249999999996,-177.8));
#14439=CARTESIAN_POINT('',(-43.0385274347299,-3.4925,-304.8));
#14440=CARTESIAN_POINT('',(-43.0385274347299,-3.4925,-298.45));
#14441=CARTESIAN_POINT('',(-43.0385274347299,-3.4925,-298.45));
#14442=CARTESIAN_POINT('',(-43.0385274347299,-3.4925,-299.373237207737));
#14443=CARTESIAN_POINT('',(-43.109398894635,-2.73570529277395,-301.181605618968));
#14444=CARTESIAN_POINT('',(-43.2152592519668,-0.00342431513413484,-302.32222687641));
#14445=CARTESIAN_POINT('',(-43.1095636850952,2.73478439290019,-301.184481776595));
#14446=CARTESIAN_POINT('',(-43.03852743473,3.4925,-299.373235878946));
#14447=CARTESIAN_POINT('',(-43.03852743473,3.4925,-298.45));
#14448=CARTESIAN_POINT('',(-43.0385274347299,3.4925,-298.45));
#14449=CARTESIAN_POINT('',(-43.0385274347299,3.4925,-304.8));
#14450=CARTESIAN_POINT('',(-43.0385274347299,3.4925,-184.15));
#14451=CARTESIAN_POINT('',(0.,2.64401243935914E-15,-184.15));
#14452=CARTESIAN_POINT('',(-39.5816666666667,17.2570004313869,-184.15));
#14453=CARTESIAN_POINT('',(-39.5816666666667,17.2570004313869,-177.8));
#14454=CARTESIAN_POINT('',(-39.5816666666667,17.2570004313869,-177.8));
#14455=CARTESIAN_POINT('',(0.,2.64401243935914E-15,-177.8));
#14456=CARTESIAN_POINT('',(-34.925,25.3920612593779,-177.8));
#14457=CARTESIAN_POINT('',(-34.925,25.3920612593779,-304.8));
#14458=CARTESIAN_POINT('',(-34.925,25.3920612593779,-254.));
#14459=CARTESIAN_POINT('',(0.,2.64401243935914E-15,-254.));
#14460=CARTESIAN_POINT('',(-12.9338204910537,41.1974354481587,-254.));
#14461=CARTESIAN_POINT('',(-12.9338204910537,41.1974354481587,-253.998));
#14462=CARTESIAN_POINT('',(-12.9338204910537,41.1974354481587,-327.025));
#14463=CARTESIAN_POINT('',(0.,2.64401243935914E-15,-327.025));
#14464=CARTESIAN_POINT('',(3.94412782164382,-42.9994913426488,-304.8));
#14465=CARTESIAN_POINT('',(3.94412782164382,-42.9994913426488,-317.896875));
#14466=CARTESIAN_POINT('',(3.94412782164382,-42.9994913426488,-308.76875));
#14467=CARTESIAN_POINT('',(0.,2.64401243935914E-15,-317.896875));
#14468=CARTESIAN_POINT('',(-4.40994680511444,-42.9542171291255,-317.896875));
#14469=CARTESIAN_POINT('',(-4.40994680511444,-42.9542171291255,-304.8));
#14470=CARTESIAN_POINT('',(-4.40994680511444,-42.9542171291255,-308.76875));
#14471=CARTESIAN_POINT('',(0.,2.64401243935914E-15,-308.76875));
#14472=CARTESIAN_POINT('',(0.,2.33295215237571E-15,-304.8));
#14473=CARTESIAN_POINT('',(-4.40994680511444,37.8439211654403,-304.8));
#14474=CARTESIAN_POINT('',(-4.40994680511444,37.8439211654403,-299.640625));
#14475=CARTESIAN_POINT('',(-4.40994680511444,37.8439211654403,-290.5125));
#14476=CARTESIAN_POINT('',(0.,2.33295215237571E-15,-290.5125));
#14477=CARTESIAN_POINT('',(3.94412782164382,37.8953012354637,-290.5125));
#14478=CARTESIAN_POINT('',(3.94412782164382,37.8953012354637,-304.8));
#14479=CARTESIAN_POINT('',(3.94412782164382,37.8953012354637,-299.640625));
#14480=CARTESIAN_POINT('',(0.,2.33295215237571E-15,-299.640625));
#14481=CARTESIAN_POINT('',(0.,2.33295215237571E-15,-184.15));
#14482=CARTESIAN_POINT('',(-4.33777836144702,-37.8522612123366,-184.15));
#14483=CARTESIAN_POINT('',(-16.5918958888468,-34.2975070641244,-184.15));
#14484=CARTESIAN_POINT('',(0.,2.33295215237571E-15,4014.27528326331));
#14485=CARTESIAN_POINT('',(-4.45586769492194,-37.8385417674275,-298.44566059697));
#14486=CARTESIAN_POINT('',(3.94412782164386,-37.8953012354637,-298.45433940303));
#14487=CARTESIAN_POINT('',(3.94298027400488,-37.8954206717638,-299.565021558712));
#14488=CARTESIAN_POINT('',(3.03056064563908,-38.0059109595387,-301.738609831443));
#14489=CARTESIAN_POINT('',(-0.257959870125812,-38.1569241036443,-303.106799278702));
#14490=CARTESIAN_POINT('',(-3.54826260904271,-37.9611408623946,-301.734188984014));
#14491=CARTESIAN_POINT('',(-4.4570152570096,-37.8384066304852,-299.556356737167));
#14492=CARTESIAN_POINT('',(-4.45586769492194,-37.8385417674275,-298.44566059697));
#14493=CARTESIAN_POINT('',(3.94412782164386,-37.8953012354637,-298.45433940303));
#14494=CARTESIAN_POINT('',(0.,2.33295215237571E-15,-4115.87528326332));
#14495=CARTESIAN_POINT('',(4.06222612198959,-37.8828235343384,-184.15));
#14496=CARTESIAN_POINT('',(0.,2.33295215237571E-15,-184.15));
#14497=CARTESIAN_POINT('',(4.337778361447,-37.8522612123366,-184.15));
#14498=CARTESIAN_POINT('',(4.33777836144701,-37.8522612123366,-177.8));
#14499=CARTESIAN_POINT('',(4.33777836144701,-37.8522612123366,-177.8));
#14500=CARTESIAN_POINT('',(1.64798730217796E-14,-7.63278329429795E-14,-177.8));
#14501=CARTESIAN_POINT('',(16.5918958888468,-34.2975070641244,-177.8));
#14502=CARTESIAN_POINT('',(16.5918958888468,-34.2975070641244,-177.8));
#14503=CARTESIAN_POINT('',(16.5918958888468,-34.2975070641244,-184.15));
#14504=CARTESIAN_POINT('',(0.,2.33295215237571E-15,-184.15));
#14505=CARTESIAN_POINT('',(27.2395347578868,-26.6386513580151,-184.15));
#14506=CARTESIAN_POINT('',(27.2395347578868,-26.6386513580151,-177.8));
#14507=CARTESIAN_POINT('',(27.2395347578868,-26.6386513580151,-177.8));
#14508=CARTESIAN_POINT('',(-1.54390389361936E-13,1.45716771982052E-13,-177.8));
#14509=CARTESIAN_POINT('',(34.6590166796644,-15.8228493893719,-177.8));
#14510=CARTESIAN_POINT('',(34.6590166796644,-15.8228493893719,-177.8));
#14511=CARTESIAN_POINT('',(34.6590166796644,-15.8228493893719,-184.15));
#14512=CARTESIAN_POINT('',(0.,2.33295215237571E-15,-184.15));
#14513=CARTESIAN_POINT('',(37.9395893988061,-3.4925,-184.15));
#14514=CARTESIAN_POINT('',(37.9395893988061,-3.4925,-304.8));
#14515=CARTESIAN_POINT('',(37.9395893988061,-3.4925,-298.45));
#14516=CARTESIAN_POINT('',(37.9395893988061,3.4925,-298.45));
#14517=CARTESIAN_POINT('',(37.9395893988061,3.4925,-299.373350371565));
#14518=CARTESIAN_POINT('',(38.0199853964893,2.73568969569569,-301.181546455781));
#14519=CARTESIAN_POINT('',(38.1399611960883,0.00347552926504593,-302.322267577337));
#14520=CARTESIAN_POINT('',(38.0201693433615,-2.73484278136646,-301.184378044369));
#14521=CARTESIAN_POINT('',(37.9395893988061,-3.4925,-299.373348831303));
#14522=CARTESIAN_POINT('',(37.9395893988061,-3.4925,-298.45));
#14523=CARTESIAN_POINT('',(37.939589398806,3.4925,-298.45));
#14524=CARTESIAN_POINT('',(37.9395893988061,3.4925,-304.8));
#14525=CARTESIAN_POINT('',(37.9395893988061,3.4925,-177.8));
#14526=CARTESIAN_POINT('',(3.53883589099268E-13,8.21825246744012E-14,-177.8));
#14527=CARTESIAN_POINT('',(34.925,15.2267650865179,-177.8));
#14528=CARTESIAN_POINT('',(34.925,15.2267650865179,-177.8));
#14529=CARTESIAN_POINT('',(34.925,15.2267650865179,-184.15));
#14530=CARTESIAN_POINT('',(34.925,15.2267650865179,-304.8));
#14531=CARTESIAN_POINT('',(34.925,15.2267650865179,-254.));
#14532=CARTESIAN_POINT('',(0.,2.33295215237571E-15,-254.));
#14533=CARTESIAN_POINT('',(-34.925,15.2267650865178,-254.));
#14534=CARTESIAN_POINT('',(-34.925,15.2267650865178,-304.8));
#14535=CARTESIAN_POINT('',(-34.925,15.2267650865178,-184.15));
#14536=CARTESIAN_POINT('',(0.,2.33295215237571E-15,-184.15));
#14537=CARTESIAN_POINT('',(-37.9395893988061,3.4925,-184.15));
#14538=CARTESIAN_POINT('',(-37.9395893988061,3.4925,-304.8));
#14539=CARTESIAN_POINT('',(-37.9395893988061,3.4925,-298.45));
#14540=CARTESIAN_POINT('',(-37.9395893988061,-3.4925,-298.45));
#14541=CARTESIAN_POINT('',(-37.9395893988061,-3.4925,-299.373350371565));
#14542=CARTESIAN_POINT('',(-38.0199853964893,-2.73568969569568,-301.181546455781));
#14543=CARTESIAN_POINT('',(-38.1399611960883,-0.0034755292650384,-302.322267577337));
#14544=CARTESIAN_POINT('',(-38.0201693433615,2.73484278136646,-301.184378044369));
#14545=CARTESIAN_POINT('',(-37.9395893988061,3.4925,-299.373348831303));
#14546=CARTESIAN_POINT('',(-37.9395893988061,3.4925,-298.45));
#14547=CARTESIAN_POINT('',(-37.9395893988061,-3.4925,-298.45));
#14548=CARTESIAN_POINT('',(-37.9395893988061,-3.4925,-304.8));
#14549=CARTESIAN_POINT('',(-37.9395893988061,-3.4925,-177.8));
#14550=CARTESIAN_POINT('',(-4.5102810375397E-14,-1.56125112837912E-14,-177.8));
#14551=CARTESIAN_POINT('',(-34.6590166796644,-15.8228493893719,-177.8));
#14552=CARTESIAN_POINT('',(-34.6590166796644,-15.8228493893719,-177.8));
#14553=CARTESIAN_POINT('',(-34.6590166796644,-15.8228493893719,-184.15));
#14554=CARTESIAN_POINT('',(0.,2.33295215237571E-15,-184.15));
#14555=CARTESIAN_POINT('',(-27.2395347578868,-26.6386513580151,-184.15));
#14556=CARTESIAN_POINT('',(-27.2395347578868,-26.6386513580151,-177.8));
#14557=CARTESIAN_POINT('',(-27.2395347578868,-26.6386513580151,-177.8));
#14558=CARTESIAN_POINT('',(2.42861286636753E-14,5.20417042793042E-15,-177.8));
#14559=CARTESIAN_POINT('',(-16.5918958888468,-34.2975070641244,-177.8));
#14560=CARTESIAN_POINT('',(-16.5918958888468,-34.2975070641244,-177.8));
#14561=CARTESIAN_POINT('',(0.,2.33295215237571E-15,-327.025));
#14562=CARTESIAN_POINT('',(0.,-38.1,-327.025));
#14563=CARTESIAN_POINT('',(-4.40994680511444,37.8439211654403,-304.8));
#14564=CARTESIAN_POINT('',(-4.40994680511444,37.8439211654403,-308.76875));
#14565=CARTESIAN_POINT('',(-4.40994680511444,37.8439211654403,-317.896875));
#14566=CARTESIAN_POINT('',(0.,2.33295215237571E-15,-308.76875));
#14567=CARTESIAN_POINT('',(3.94412782164382,37.8953012354637,-308.76875));
#14568=CARTESIAN_POINT('',(3.94412782164382,37.8953012354637,-304.8));
#14569=CARTESIAN_POINT('',(3.94412782164382,37.8953012354637,-317.896875));
#14570=CARTESIAN_POINT('',(0.,2.33295215237571E-15,-317.896875));
#14571=CARTESIAN_POINT('',(-4.40994680511444,37.8439211654403,-304.8));
#14572=CARTESIAN_POINT('',(-4.40994680511444,37.8439211654403,-281.384375));
#14573=CARTESIAN_POINT('',(-4.40994680511444,37.8439211654403,-272.25625));
#14574=CARTESIAN_POINT('',(0.,2.33295215237571E-15,-272.25625));
#14575=CARTESIAN_POINT('',(3.94412782164382,37.8953012354637,-272.25625));
#14576=CARTESIAN_POINT('',(3.94412782164382,37.8953012354637,-304.8));
#14577=CARTESIAN_POINT('',(3.94412782164382,37.8953012354637,-281.384375));
#14578=CARTESIAN_POINT('',(0.,2.33295215237571E-15,-281.384375));
#14579=CARTESIAN_POINT('',(0.,2.33295215237571E-15,-317.896875));
#14580=CARTESIAN_POINT('',(3.94412782164382,-37.8953012354637,-317.896875));
#14581=CARTESIAN_POINT('',(-4.40994680511444,-37.8439211654403,-317.896875));
#14582=CARTESIAN_POINT('',(3.94412782164382,-37.8953012354637,-304.8));
#14583=CARTESIAN_POINT('',(3.94412782164382,-37.8953012354637,-308.76875));
#14584=CARTESIAN_POINT('',(0.,2.33295215237571E-15,-308.76875));
#14585=CARTESIAN_POINT('',(-4.40994680511444,-37.8439211654403,-308.76875));
#14586=CARTESIAN_POINT('',(-4.40994680511444,-37.8439211654403,-304.8));
#14587=CARTESIAN_POINT('',(-4.40994680511444,43.942,-276.8203125));
#14588=CARTESIAN_POINT('',(-4.40994680511444,41.2457677176855,-253.998));
#14589=CARTESIAN_POINT('',(-4.40994680511444,41.2457677176855,-272.25625));
#14590=CARTESIAN_POINT('',(-4.40994680511444,41.2457677176855,-281.384375));
#14591=CARTESIAN_POINT('',(-4.40994680511444,43.942,-272.25625));
#14592=CARTESIAN_POINT('',(-4.40994680511444,43.942,-281.384375));
#14593=CARTESIAN_POINT('',(3.94412782164382,43.942,-276.8203125));
#14594=CARTESIAN_POINT('',(3.94412782164382,43.942,-272.25625));
#14595=CARTESIAN_POINT('',(3.94412782164382,41.293137188584,-272.25625));
#14596=CARTESIAN_POINT('',(3.94412782164382,41.293137188584,-253.998));
#14597=CARTESIAN_POINT('',(3.94412782164382,41.293137188584,-281.384375));
#14598=CARTESIAN_POINT('',(3.94412782164382,43.942,-281.384375));
#14599=CARTESIAN_POINT('',(3.94412782164382,43.942,-295.0765625));
#14600=CARTESIAN_POINT('',(3.94412782164382,43.942,-290.5125));
#14601=CARTESIAN_POINT('',(3.94412782164382,41.293137188584,-290.5125));
#14602=CARTESIAN_POINT('',(3.94412782164382,41.293137188584,-253.998));
#14603=CARTESIAN_POINT('',(3.94412782164382,41.293137188584,-299.640625));
#14604=CARTESIAN_POINT('',(3.94412782164382,43.942,-299.640625));
#14605=CARTESIAN_POINT('',(-4.40994680511444,43.942,-295.0765625));
#14606=CARTESIAN_POINT('',(-4.40994680511444,41.2457677176855,-253.998));
#14607=CARTESIAN_POINT('',(-4.40994680511444,41.2457677176855,-290.5125));
#14608=CARTESIAN_POINT('',(-4.40994680511444,41.2457677176855,-299.640625));
#14609=CARTESIAN_POINT('',(-4.40994680511444,43.942,-290.5125));
#14610=CARTESIAN_POINT('',(-4.40994680511444,43.942,-299.640625));
#14611=CARTESIAN_POINT('',(3.94412782164382,43.942,-313.3328125));
#14612=CARTESIAN_POINT('',(3.94412782164382,43.942,-308.76875));
#14613=CARTESIAN_POINT('',(3.94412782164382,41.293137188584,-308.76875));
#14614=CARTESIAN_POINT('',(3.94412782164382,41.293137188584,-253.998));
#14615=CARTESIAN_POINT('',(3.94412782164382,41.293137188584,-317.896875));
#14616=CARTESIAN_POINT('',(3.94412782164382,43.942,-317.896875));
#14617=CARTESIAN_POINT('',(0.,76.2,-184.15));
#14618=CARTESIAN_POINT('',(-29.0355090363344,-28.4349801191096,-184.15));
#14619=CARTESIAN_POINT('',(-36.969617791642,-16.8777060153299,-184.15));
#14620=CARTESIAN_POINT('',(0.,76.2,-184.15));
#14621=CARTESIAN_POINT('',(-37.2533333333333,16.2418827589524,-184.15));
#14622=CARTESIAN_POINT('',(-50.8,3.4925,-184.15));
#14623=CARTESIAN_POINT('',(0.,76.2,-184.15));
#14624=CARTESIAN_POINT('',(36.969617791642,-16.8777060153299,-184.15));
#14625=CARTESIAN_POINT('',(-50.8,-3.4925,-184.15));
#14626=CARTESIAN_POINT('',(0.,76.2,-184.15));
#14627=CARTESIAN_POINT('',(29.0355090363344,-28.4349801191096,-184.15));
#14628=CARTESIAN_POINT('',(17.6980222814366,-36.5840075350661,-184.15));
#14629=CARTESIAN_POINT('',(0.,76.2,-184.15));
#14630=CARTESIAN_POINT('',(-17.6980222814366,-36.5840075350661,-184.15));
#14631=CARTESIAN_POINT('',(-4.33777836144702,-50.8,-184.15));
#14632=CARTESIAN_POINT('',(0.,0.,-327.025));
#14633=CARTESIAN_POINT('',(-12.9338204910537,42.1539878888511,-327.025));
#14634=CARTESIAN_POINT('',(-12.9338204910537,43.1105403295435,-327.025));
#14635=CARTESIAN_POINT('',(-0.234006986953271,43.1793659139416,-327.025));
#14636=CARTESIAN_POINT('',(12.4658065171472,43.2481914983396,-327.025));
#14637=CARTESIAN_POINT('',(12.4658065171472,42.2948242551819,-327.025));
#14638=CARTESIAN_POINT('',(-50.8,2.57120575468416E-15,-298.45));
#14639=CARTESIAN_POINT('',(-50.8,-3.4925,-298.45));
#14640=CARTESIAN_POINT('',(-50.8,3.4925,-298.45));
#14641=CARTESIAN_POINT('',(-50.8,2.57120575468416E-15,-298.45));
#14642=CARTESIAN_POINT('',(-50.8,3.4925,-298.45));
#14643=CARTESIAN_POINT('',(-50.8,-3.4925,-298.45));
#14644=CARTESIAN_POINT('',(-0.255869936639043,-50.8,-298.45));
#14645=CARTESIAN_POINT('',(3.94412782164386,-50.8,-298.45433940303));
#14646=CARTESIAN_POINT('',(-4.45586769492194,-50.8,-298.44566059697));
#14647=CARTESIAN_POINT('',(-2.08166817117217E-14,76.2,-254.));
#14648=CARTESIAN_POINT('',(-12.9338204910537,42.1539878888511,-254.));
#14649=CARTESIAN_POINT('',(-12.9338204910537,43.1105403295435,-254.));
#14650=CARTESIAN_POINT('',(-34.925,76.2,-254.));
#14651=CARTESIAN_POINT('',(34.925,76.2,-254.));
#14652=CARTESIAN_POINT('',(12.4658065171472,42.2948242551819,-254.));
#14653=CARTESIAN_POINT('',(12.4658065171472,43.2481914983396,-254.));
#14654=CARTESIAN_POINT('',(-0.234006986953271,43.1793659139416,-254.));
#14655=CARTESIAN_POINT('',(-50.8,-3.4925,-180.975));
#14656=CARTESIAN_POINT('',(-40.489058416768,-3.4925,-177.8));
#14657=CARTESIAN_POINT('',(-50.8,3.4925,-180.975));
#14658=CARTESIAN_POINT('',(-34.925,76.2,-219.075));
#14659=CARTESIAN_POINT('',(-34.925,76.2,-177.8));
#14660=CARTESIAN_POINT('',(-34.925,15.2267650865178,-177.8));
#14661=CARTESIAN_POINT('',(-34.925,15.2267650865178,-177.8));
#14662=CARTESIAN_POINT('',(34.925,76.2,-219.075));
#14663=CARTESIAN_POINT('',(34.925,76.2,-184.15));
#14664=CARTESIAN_POINT('',(-50.8,3.4925,-180.975));
#14665=CARTESIAN_POINT('',(40.489058416768,3.4925,-177.8));
#14666=CARTESIAN_POINT('',(-50.8,-3.4925,-180.975));
#14667=CARTESIAN_POINT('',(4.07206278996338,-50.8,-174.629339403029));
#14668=CARTESIAN_POINT('',(4.06222612198959,-50.8,-184.15));
#14669=CARTESIAN_POINT('',(-4.32793272660242,-50.8,-174.62066059697));
#14670=CARTESIAN_POINT('',(0.,76.2,-184.15));
#14671=CARTESIAN_POINT('',(37.2533333333333,16.2418827589524,-184.15));
#14672=CARTESIAN_POINT('',(0.,76.2,-184.15));
#14673=CARTESIAN_POINT('',(4.33777836144702,-40.4069131738901,-184.15));
#14674=CARTESIAN_POINT('',(4.33777836144702,-40.4069131738901,-177.8));
#14675=CARTESIAN_POINT('',(4.33777836144702,-40.4069131738901,-177.8));
#14676=CARTESIAN_POINT('',(17.6980222814366,-36.5840075350661,-177.8));
#14677=CARTESIAN_POINT('',(17.6980222814366,-36.5840075350661,-177.8));
#14678=CARTESIAN_POINT('',(0.,-6.38660753110325,-177.8));
#14679=CARTESIAN_POINT('',(36.969617791642,-16.8777060153299,-177.8));
#14680=CARTESIAN_POINT('',(36.969617791642,-16.8777060153299,-177.8));
#14681=CARTESIAN_POINT('',(29.0355090363344,-28.4349801191096,-177.8));
#14682=CARTESIAN_POINT('',(29.0355090363344,-28.4349801191096,-177.8));
#14683=CARTESIAN_POINT('',(0.,-6.38660753110325,-177.8));
#14684=CARTESIAN_POINT('',(37.2533333333333,16.2418827589524,-177.8));
#14685=CARTESIAN_POINT('',(37.2533333333333,16.2418827589524,-177.8));
#14686=CARTESIAN_POINT('',(0.,-6.38660753110325,-177.8));
#14687=CARTESIAN_POINT('',(-37.2533333333333,16.2418827589524,-177.8));
#14688=CARTESIAN_POINT('',(-37.2533333333333,16.2418827589524,-177.8));
#14689=CARTESIAN_POINT('',(0.,-6.38660753110325,-177.8));
#14690=CARTESIAN_POINT('',(-36.969617791642,-16.8777060153299,-177.8));
#14691=CARTESIAN_POINT('',(-36.969617791642,-16.8777060153299,-177.8));
#14692=CARTESIAN_POINT('',(0.,-6.38660753110325,-177.8));
#14693=CARTESIAN_POINT('',(-17.6980222814366,-36.5840075350661,-177.8));
#14694=CARTESIAN_POINT('',(-17.6980222814366,-36.5840075350661,-177.8));
#14695=CARTESIAN_POINT('',(-29.0355090363344,-28.4349801191096,-177.8));
#14696=CARTESIAN_POINT('',(-29.0355090363344,-28.4349801191096,-177.8));
#14697=CARTESIAN_POINT('',(0.,-6.38660753110325,-177.8));
#14698=CARTESIAN_POINT('',(-0.232909491735307,43.942,-272.25625));
#14699=CARTESIAN_POINT('',(-0.2177560368343,41.269538376612,-272.25625));
#14700=CARTESIAN_POINT('',(-0.232909491735307,43.942,-281.384375));
#14701=CARTESIAN_POINT('',(-0.2177560368343,41.269538376612,-281.384375));
#14702=CARTESIAN_POINT('',(-0.232909491735307,43.942,-290.5125));
#14703=CARTESIAN_POINT('',(-0.2177560368343,41.269538376612,-290.5125));
#14704=CARTESIAN_POINT('',(-0.232909491735307,43.942,-299.640625));
#14705=CARTESIAN_POINT('',(-0.2177560368343,41.269538376612,-299.640625));
#14706=CARTESIAN_POINT('',(-0.232909491735307,43.942,-317.896875));
#14707=CARTESIAN_POINT('',(-0.2177560368343,41.269538376612,-317.896875));
#14708=CARTESIAN_POINT('',(-4.40994680511444,41.2457677176855,-317.896875));
#14709=CARTESIAN_POINT('',(-4.40994680511444,43.942,-317.896875));
#14710=CARTESIAN_POINT('',(-4.40994680511444,43.942,-313.3328125));
#14711=CARTESIAN_POINT('',(-4.40994680511444,41.2457677176855,-253.998));
#14712=CARTESIAN_POINT('',(-4.40994680511444,41.2457677176855,-308.76875));
#14713=CARTESIAN_POINT('',(-4.40994680511444,43.942,-308.76875));
#14714=CARTESIAN_POINT('',(-0.232909491735307,43.942,-308.76875));
#14715=CARTESIAN_POINT('',(-0.2177560368343,41.269538376612,-308.76875));
#14716=CARTESIAN_POINT('',(-0.234006986953271,43.1793659139416,-253.998));
#14717=CARTESIAN_POINT('',(3.94412782164382,43.2020089684874,-263.126125));
#14718=CARTESIAN_POINT('',(3.94412782164383,43.2020089684874,-272.25625));
#14719=CARTESIAN_POINT('',(3.94412782164382,43.2020089684874,-263.128125));
#14720=CARTESIAN_POINT('',(-0.19849380083517,43.1795583747039,-263.128125));
#14721=CARTESIAN_POINT('',(-4.40994680511444,43.156734754964,-263.128125));
#14722=CARTESIAN_POINT('',(-4.40994680511444,43.156734754964,-263.126125));
#14723=CARTESIAN_POINT('',(-4.40994680511444,43.156734754964,-272.25625));
#14724=CARTESIAN_POINT('',(-0.228776613269252,43.1793942595173,-272.25625));
#14725=CARTESIAN_POINT('',(12.4658065171472,43.2481914983396,-253.998));
#14726=CARTESIAN_POINT('',(-12.9338204910537,43.1105403295435,-253.998));
#14727=CARTESIAN_POINT('',(-0.228776613269252,43.1793942595173,-308.76875));
#14728=CARTESIAN_POINT('',(-4.40994680511444,43.156734754964,-308.76875));
#14729=CARTESIAN_POINT('',(3.94412782164383,43.2020089684874,-308.76875));
#14730=CARTESIAN_POINT('',(3.94412782164382,43.2020089684874,-299.638625));
#14731=CARTESIAN_POINT('',(3.94412782164383,43.2020089684874,-299.640625));
#14732=CARTESIAN_POINT('',(-0.228776613269252,43.1793942595173,-299.640625));
#14733=CARTESIAN_POINT('',(-4.40994680511444,43.156734754964,-299.640625));
#14734=CARTESIAN_POINT('',(-4.40994680511444,43.156734754964,-299.638625));
#14735=CARTESIAN_POINT('',(-0.228776613269252,43.1793942595173,-290.5125));
#14736=CARTESIAN_POINT('',(-4.40994680511444,43.156734754964,-290.5125));
#14737=CARTESIAN_POINT('',(3.94412782164383,43.2020089684874,-290.5125));
#14738=CARTESIAN_POINT('',(3.94412782164382,43.2020089684874,-281.382375));
#14739=CARTESIAN_POINT('',(3.94412782164383,43.2020089684874,-281.384375));
#14740=CARTESIAN_POINT('',(-0.228776613269252,43.1793942595173,-281.384375));
#14741=CARTESIAN_POINT('',(-4.40994680511444,43.156734754964,-281.384375));
#14742=CARTESIAN_POINT('',(-4.40994680511444,43.156734754964,-281.382375));
#14743=CARTESIAN_POINT('',(-12.9338204910537,42.1539878888511,-253.998));
#14744=CARTESIAN_POINT('',(12.4658065171472,42.2948242551819,-253.998));
#14745=CARTESIAN_POINT('',(1.12757025938492E-14,83.185,-281.382375));
#14746=CARTESIAN_POINT('',(-4.40994680511444,47.2596552671229,-281.382375));
#14747=CARTESIAN_POINT('',(-4.40994680511444,47.2596552671229,-281.384375));
#14748=CARTESIAN_POINT('',(-4.40994680511444,47.2596552671229,-290.5125));
#14749=CARTESIAN_POINT('',(1.12757025938492E-14,83.185,-281.384375));
#14750=CARTESIAN_POINT('',(3.94412782164383,47.205535291273,-281.384375));
#14751=CARTESIAN_POINT('',(3.94412782164383,47.205535291273,-281.382375));
#14752=CARTESIAN_POINT('',(3.94412782164383,47.205535291273,-290.5125));
#14753=CARTESIAN_POINT('',(1.12757025938492E-14,83.185,-290.5125));
#14754=CARTESIAN_POINT('',(3.94412782164382,42.5504182633683,-281.382375));
#14755=CARTESIAN_POINT('',(3.94412782164382,42.5504182633683,-290.5125));
#14756=CARTESIAN_POINT('',(3.94412782164382,42.5504182633683,-281.384375));
#14757=CARTESIAN_POINT('',(-4.40994680511444,42.5517882162816,-281.382375));
#14758=CARTESIAN_POINT('',(-4.40994680511444,42.5517882162816,-290.5125));
#14759=CARTESIAN_POINT('',(-4.40994680511444,42.5517882162816,-281.384375));
#14760=CARTESIAN_POINT('',(-0.232909491735307,43.942,-290.5125));
#14761=CARTESIAN_POINT('',(-0.232909491735307,43.942,-281.384375));
#14762=CARTESIAN_POINT('',(1.12757025938492E-14,83.185,-299.638625));
#14763=CARTESIAN_POINT('',(-4.40994680511444,47.2596552671229,-299.638625));
#14764=CARTESIAN_POINT('',(-4.40994680511444,47.2596552671229,-299.640625));
#14765=CARTESIAN_POINT('',(-4.40994680511444,47.2596552671229,-308.76875));
#14766=CARTESIAN_POINT('',(1.12757025938492E-14,83.185,-299.640625));
#14767=CARTESIAN_POINT('',(3.94412782164383,47.205535291273,-299.640625));
#14768=CARTESIAN_POINT('',(3.94412782164383,47.205535291273,-299.638625));
#14769=CARTESIAN_POINT('',(3.94412782164383,47.205535291273,-308.76875));
#14770=CARTESIAN_POINT('',(1.12757025938492E-14,83.185,-308.76875));
#14771=CARTESIAN_POINT('',(3.94412782164382,42.5504182633683,-299.638625));
#14772=CARTESIAN_POINT('',(3.94412782164382,42.5504182633683,-308.76875));
#14773=CARTESIAN_POINT('',(3.94412782164382,42.5504182633683,-299.640625));
#14774=CARTESIAN_POINT('',(-4.40994680511444,42.5517882162816,-299.638625));
#14775=CARTESIAN_POINT('',(-4.40994680511444,42.5517882162816,-308.76875));
#14776=CARTESIAN_POINT('',(-4.40994680511444,42.5517882162816,-299.640625));
#14777=CARTESIAN_POINT('',(-0.232909491735307,43.942,-308.76875));
#14778=CARTESIAN_POINT('',(-0.232909491735307,43.942,-299.640625));
#14779=CARTESIAN_POINT('',(-0.234006986953264,41.2694462300914,-253.998));
#14780=CARTESIAN_POINT('',(-0.234006986953264,41.2694462300914,-253.998));
#14781=CARTESIAN_POINT('',(-0.234006986953264,41.2694462300914,-253.998));
#14782=CARTESIAN_POINT('',(1.12757025938492E-14,83.185,-263.126125));
#14783=CARTESIAN_POINT('',(-4.40994680511444,47.2596552671229,-263.126125));
#14784=CARTESIAN_POINT('',(-4.40994680511444,47.2596552671229,-263.128125));
#14785=CARTESIAN_POINT('',(-4.40994680511444,47.2596552671229,-272.25625));
#14786=CARTESIAN_POINT('',(1.12757025938492E-14,83.185,-263.128125));
#14787=CARTESIAN_POINT('',(3.94412782164383,47.205535291273,-263.128125));
#14788=CARTESIAN_POINT('',(3.94412782164383,47.205535291273,-263.126125));
#14789=CARTESIAN_POINT('',(3.94412782164383,47.205535291273,-272.25625));
#14790=CARTESIAN_POINT('',(1.12757025938492E-14,83.185,-272.25625));
#14791=CARTESIAN_POINT('',(3.94412782164382,42.5504182633683,-263.126125));
#14792=CARTESIAN_POINT('',(3.94412782164382,42.5504182633683,-272.25625));
#14793=CARTESIAN_POINT('',(3.94412782164382,42.5504182633683,-263.128125));
#14794=CARTESIAN_POINT('',(-4.40994680511444,42.5517882162816,-263.126125));
#14795=CARTESIAN_POINT('',(-4.40994680511444,42.5517882162816,-272.25625));
#14796=CARTESIAN_POINT('',(-4.40994680511444,42.5517882162816,-263.128125));
#14797=CARTESIAN_POINT('',(-0.232909491735307,49.53,-263.128125));
#14798=CARTESIAN_POINT('',(-0.232909491735307,43.942,-272.25625));
#14799=CARTESIAN_POINT('',(-0.232909491735307,-50.8,-317.896875));
#14800=CARTESIAN_POINT('',(3.94412782164382,-50.8,-317.896875));
#14801=CARTESIAN_POINT('',(-4.40994680511444,-50.8,-317.896875));
#14802=CARTESIAN_POINT('',(-4.40994680511444,-50.8,-313.3328125));
#14803=CARTESIAN_POINT('',(-4.40994680511444,-50.8,-308.76875));
#14804=CARTESIAN_POINT('',(-0.232909491735307,-50.8,-308.76875));
#14805=CARTESIAN_POINT('',(3.94412782164382,-50.8,-308.76875));
#14806=CARTESIAN_POINT('',(3.94412782164382,-50.8,-313.3328125));
#14807=CARTESIAN_POINT('',(0.,0.,0.));
#14808=CARTESIAN_POINT('',(-8.5910788746268E-15,4.90338832427072E-31,85.4309979820251));
#14809=CARTESIAN_POINT('',(-8.5910788746268E-15,4.90338832427072E-31,85.4309979820251));
#14810=CARTESIAN_POINT('',(-34.925,4.27707894602213E-15,85.4309979820251));
#14811=CARTESIAN_POINT('',(-8.74660901811851E-15,5.09385781666878E-31,85.4309979820251));
#14812=CARTESIAN_POINT('',(9.525,5.09385781666878E-31,85.4309979820251));
#14813=CARTESIAN_POINT('',(9.525,35.6751330449559,91.7702));
#14814=CARTESIAN_POINT('',(9.525,35.671288861378,79.0702));
#14815=CARTESIAN_POINT('',(-8.74660901811851E-15,5.09385781666878E-31,91.7702));
#14816=CARTESIAN_POINT('',(-9.525,35.6751330449559,91.7702));
#14817=CARTESIAN_POINT('',(-9.525,5.09385781666878E-31,85.4309979820251));
#14818=CARTESIAN_POINT('',(-9.525,35.671288861378,79.0702));
#14819=CARTESIAN_POINT('',(-8.74660901811851E-15,5.09385781666878E-31,79.0702));
#14820=CARTESIAN_POINT('',(-8.74660901811851E-15,5.09385781666878E-31,85.4309979820251));
#14821=CARTESIAN_POINT('',(3.175,-3.88825358729285E-16,48.1007743020095));
#14822=CARTESIAN_POINT('',(-3.175,3.88825358729285E-16,48.1007743020095));
#14823=CARTESIAN_POINT('',(3.175,5.09385781666878E-31,85.4309979820251));
#14824=CARTESIAN_POINT('',(3.175,6.35,48.6448171528061));
#14825=CARTESIAN_POINT('',(-8.74660901811851E-15,6.35,85.4309979820251));
#14826=CARTESIAN_POINT('',(-3.175,6.35,48.6448171528061));
#14827=CARTESIAN_POINT('',(-3.175,5.09385781666878E-31,85.4309979820251));
#14828=CARTESIAN_POINT('',(-18.7325,2.29406961650278E-15,85.4309979820251));
#14829=CARTESIAN_POINT('',(-3.175,2.29406961650278E-15,48.3615517254964));
#14830=CARTESIAN_POINT('',(-3.175,0.,36.0571054689676));
#14831=CARTESIAN_POINT('',(3.175,0.,36.0571054689676));
#14832=CARTESIAN_POINT('',(3.175,0.,36.0571054689676));
#14833=CARTESIAN_POINT('',(3.175,2.29406961650278E-15,48.3615517254964));
#14834=CARTESIAN_POINT('',(0.,50.165,91.7702));
#14835=CARTESIAN_POINT('',(0.,50.165,79.0702));
#14836=CARTESIAN_POINT('',(9.525,50.165,79.0702));
#14837=CARTESIAN_POINT('',(-9.525,50.165,79.0702));
#14838=CARTESIAN_POINT('',(-9.525,50.165,91.7702));
#14839=CARTESIAN_POINT('',(-9.525,50.165,91.7702));
#14840=CARTESIAN_POINT('',(0.,50.165,91.7702));
#14841=CARTESIAN_POINT('',(9.525,50.165,91.7702));
#14842=CARTESIAN_POINT('',(9.525,50.165,91.7702));
#14843=CARTESIAN_POINT('',(-9.525,43.1994851244626,91.7702));
#14844=CARTESIAN_POINT('',(-9.525,40.767,85.4309979820251));
#14845=CARTESIAN_POINT('',(-9.525,37.465,85.4309979820251));
#14846=CARTESIAN_POINT('',(-9.525,43.1994851244626,79.0702));
#14847=CARTESIAN_POINT('',(-9.525,43.1994851244626,91.7702));
#14848=CARTESIAN_POINT('',(9.525,35.8181564630208,91.7702));
#14849=CARTESIAN_POINT('',(9.525,40.767,85.4309979820251));
#14850=CARTESIAN_POINT('',(9.525,37.465,85.4309979820251));
#14851=CARTESIAN_POINT('',(9.525,35.8181564630208,91.7702));
#14852=CARTESIAN_POINT('',(9.525,35.8181564630208,79.0702));
#14853=CARTESIAN_POINT('',(-6.93889390390723E-15,25.0825,91.7702));
#14854=CARTESIAN_POINT('',(-6.93889390390723E-15,25.0825,79.0702));
#14855=CARTESIAN_POINT('',(-9.527,40.767,85.4309979820251));
#14856=CARTESIAN_POINT('',(3.175,3.175,42.4071054689677));
#14857=CARTESIAN_POINT('',(3.175,3.175,36.0571054689676));
#14858=CARTESIAN_POINT('',(3.175,6.35,36.0571054689676));
#14859=CARTESIAN_POINT('',(3.175,6.35,42.4071054689677));
#14860=CARTESIAN_POINT('',(-3.175,3.175,42.4071054689677));
#14861=CARTESIAN_POINT('',(-3.175,6.35,42.4071054689677));
#14862=CARTESIAN_POINT('',(-3.175,6.35,36.0571054689676));
#14863=CARTESIAN_POINT('',(-3.175,3.175,36.0571054689676));
#14864=CARTESIAN_POINT('',(3.175,3.175,36.0571054689676));
#14865=CARTESIAN_POINT('',(3.175,6.35,36.0571054689676));
#14866=CARTESIAN_POINT('',(3.175,6.35,42.4071054689677));
#14867=CARTESIAN_POINT('',(0.,0.,0.));
#14868=CARTESIAN_POINT('',(-1.38777878078145E-14,83.185,-253.998));
#14869=CARTESIAN_POINT('',(-4.40994680511444,43.423807938191,-253.998));
#14870=CARTESIAN_POINT('',(-4.40994680511444,43.423807938191,-263.128125));
#14871=CARTESIAN_POINT('',(-4.40994680511444,43.423807938191,-272.25625));
#14872=CARTESIAN_POINT('',(-1.38777878078145E-14,83.185,-263.128125));
#14873=CARTESIAN_POINT('',(3.94412782164382,43.3749022768528,-263.128125));
#14874=CARTESIAN_POINT('',(3.94412782164382,43.3749022768528,-253.998));
#14875=CARTESIAN_POINT('',(3.94412782164382,43.3749022768528,-272.25625));
#14876=CARTESIAN_POINT('',(-1.38777878078145E-14,83.185,-272.25625));
#14877=CARTESIAN_POINT('',(-4.40994680511444,43.423807938191,-253.998));
#14878=CARTESIAN_POINT('',(-4.40994680511444,43.423807938191,-281.384375));
#14879=CARTESIAN_POINT('',(-4.40994680511444,43.423807938191,-290.5125));
#14880=CARTESIAN_POINT('',(-1.38777878078145E-14,83.185,-281.384375));
#14881=CARTESIAN_POINT('',(3.94412782164382,43.3749022768528,-281.384375));
#14882=CARTESIAN_POINT('',(3.94412782164382,43.3749022768528,-253.998));
#14883=CARTESIAN_POINT('',(3.94412782164382,43.3749022768528,-290.5125));
#14884=CARTESIAN_POINT('',(-1.38777878078145E-14,83.185,-290.5125));
#14885=CARTESIAN_POINT('',(-1.38777878078145E-14,83.185,-327.025));
#14886=CARTESIAN_POINT('',(-1.38777878078145E-14,123.19,-327.025));
#14887=CARTESIAN_POINT('',(-1.38777878078145E-14,83.185,-254.));
#14888=CARTESIAN_POINT('',(-1.38777878078145E-14,43.18,-254.));
#14889=CARTESIAN_POINT('',(-4.40994680511444,43.423807938191,-253.998));
#14890=CARTESIAN_POINT('',(-4.40994680511444,43.423807938191,-299.640625));
#14891=CARTESIAN_POINT('',(-4.40994680511444,43.423807938191,-308.76875));
#14892=CARTESIAN_POINT('',(-1.38777878078145E-14,83.185,-299.640625));
#14893=CARTESIAN_POINT('',(3.94412782164382,43.3749022768528,-299.640625));
#14894=CARTESIAN_POINT('',(3.94412782164382,43.3749022768528,-253.998));
#14895=CARTESIAN_POINT('',(3.94412782164382,43.3749022768528,-308.76875));
#14896=CARTESIAN_POINT('',(-1.38777878078145E-14,83.185,-308.76875));
#14897=CARTESIAN_POINT('',(-1.38777878078145E-14,83.185,-253.998));
#14898=CARTESIAN_POINT('',(-1.38777878078145E-14,83.185,-263.128125));
#14899=CARTESIAN_POINT('',(-4.40994680511444,47.2596552671229,-263.128125));
#14900=CARTESIAN_POINT('',(3.94412782164382,47.205535291273,-263.128125));
#14901=CARTESIAN_POINT('',(-4.40994680511444,47.2596552671229,-253.998));
#14902=CARTESIAN_POINT('',(-4.40994680511444,47.2596552671229,-272.25625));
#14903=CARTESIAN_POINT('',(-1.38777878078145E-14,83.185,-272.25625));
#14904=CARTESIAN_POINT('',(3.94412782164382,47.205535291273,-272.25625));
#14905=CARTESIAN_POINT('',(3.94412782164382,47.205535291273,-253.998));
#14906=CARTESIAN_POINT('',(-1.38777878078145E-14,83.185,-281.384375));
#14907=CARTESIAN_POINT('',(-4.40994680511444,47.2596552671229,-281.384375));
#14908=CARTESIAN_POINT('',(3.94412782164382,47.205535291273,-281.384375));
#14909=CARTESIAN_POINT('',(-4.40994680511444,47.2596552671229,-253.998));
#14910=CARTESIAN_POINT('',(-4.40994680511444,47.2596552671229,-290.5125));
#14911=CARTESIAN_POINT('',(-1.38777878078145E-14,83.185,-290.5125));
#14912=CARTESIAN_POINT('',(3.94412782164382,47.205535291273,-290.5125));
#14913=CARTESIAN_POINT('',(3.94412782164382,47.205535291273,-253.998));
#14914=CARTESIAN_POINT('',(-1.38777878078145E-14,83.185,-254.));
#14915=CARTESIAN_POINT('',(-1.38777878078145E-14,46.99,-254.));
#14916=CARTESIAN_POINT('',(-1.38777878078145E-14,83.185,-327.025));
#14917=CARTESIAN_POINT('',(-1.38777878078145E-14,119.38,-327.025));
#14918=CARTESIAN_POINT('',(-1.38777878078145E-14,83.185,-299.640625));
#14919=CARTESIAN_POINT('',(-4.40994680511444,47.2596552671229,-299.640625));
#14920=CARTESIAN_POINT('',(3.94412782164382,47.205535291273,-299.640625));
#14921=CARTESIAN_POINT('',(-4.40994680511444,47.2596552671229,-253.998));
#14922=CARTESIAN_POINT('',(-4.40994680511444,47.2596552671229,-308.76875));
#14923=CARTESIAN_POINT('',(-1.38777878078145E-14,83.185,-308.76875));
#14924=CARTESIAN_POINT('',(3.94412782164382,47.205535291273,-308.76875));
#14925=CARTESIAN_POINT('',(3.94412782164382,47.205535291273,-253.998));
#14926=CARTESIAN_POINT('',(0.,40.005,-327.025));
#14927=CARTESIAN_POINT('',(-2.08166817117217E-14,76.2,-254.));
#14928=CARTESIAN_POINT('',(-0.232909491735307,49.53,-299.640625));
#14929=CARTESIAN_POINT('',(-4.40994680511444,49.53,-299.640625));
#14930=CARTESIAN_POINT('',(3.94412782164382,49.53,-299.640625));
#14931=CARTESIAN_POINT('',(3.94412782164382,49.53,-304.2046875));
#14932=CARTESIAN_POINT('',(3.94412782164382,49.53,-308.76875));
#14933=CARTESIAN_POINT('',(-0.232909491735307,49.53,-308.76875));
#14934=CARTESIAN_POINT('',(-4.40994680511444,49.53,-308.76875));
#14935=CARTESIAN_POINT('',(-4.40994680511444,49.53,-304.2046875));
#14936=CARTESIAN_POINT('',(-4.40994680511444,49.53,-285.9484375));
#14937=CARTESIAN_POINT('',(-4.40994680511444,49.53,-290.5125));
#14938=CARTESIAN_POINT('',(-4.40994680511444,49.53,-281.384375));
#14939=CARTESIAN_POINT('',(-0.232909491735307,49.53,-281.384375));
#14940=CARTESIAN_POINT('',(3.94412782164382,49.53,-281.384375));
#14941=CARTESIAN_POINT('',(3.94412782164382,49.53,-285.9484375));
#14942=CARTESIAN_POINT('',(3.94412782164382,49.53,-290.5125));
#14943=CARTESIAN_POINT('',(-0.232909491735307,49.53,-290.5125));
#14944=CARTESIAN_POINT('',(-4.40994680511444,49.53,-267.6921875));
#14945=CARTESIAN_POINT('',(-4.40994680511444,49.53,-272.25625));
#14946=CARTESIAN_POINT('',(-4.40994680511444,49.53,-263.128125));
#14947=CARTESIAN_POINT('',(-0.232909491735307,49.53,-263.128125));
#14948=CARTESIAN_POINT('',(3.94412782164382,49.53,-263.128125));
#14949=CARTESIAN_POINT('',(3.94412782164382,49.53,-267.6921875));
#14950=CARTESIAN_POINT('',(3.94412782164382,49.53,-272.25625));
#14951=CARTESIAN_POINT('',(-0.232909491735307,49.53,-272.25625));
#14952=CARTESIAN_POINT('',(0.,0.,0.));
#14953=CARTESIAN_POINT('',(-51.6421496868134,101.6,31.0962200164795));
#14954=CARTESIAN_POINT('',(-51.6421496868134,101.6,31.0962200164795));
#14955=CARTESIAN_POINT('',(-48.4671496868134,101.6,31.0962200164795));
#14956=CARTESIAN_POINT('',(-51.6421496868134,0.,31.0962200164795));
#14957=CARTESIAN_POINT('',(-48.4671496868134,0.,31.0962200164795));
#14958=CARTESIAN_POINT('',(-51.6421496868134,101.6,31.0962200164795));
#14959=CARTESIAN_POINT('',(-51.6421496868134,0.,31.0962200164795));
#14960=MECHANICAL_DESIGN_GEOMETRIC_PRESENTATION_REPRESENTATION('',(#9136),
#14967);
#14961=MECHANICAL_DESIGN_GEOMETRIC_PRESENTATION_REPRESENTATION('',(#9137),
#14968);
#14962=MECHANICAL_DESIGN_GEOMETRIC_PRESENTATION_REPRESENTATION('',(#9138),
#14969);
#14963=MECHANICAL_DESIGN_GEOMETRIC_PRESENTATION_REPRESENTATION('',(#9139),
#14970);
#14964=MECHANICAL_DESIGN_GEOMETRIC_PRESENTATION_REPRESENTATION('',(#9140),
#14971);
#14965=MECHANICAL_DESIGN_GEOMETRIC_PRESENTATION_REPRESENTATION('',(#9141),
#14972);
#14966=MECHANICAL_DESIGN_GEOMETRIC_PRESENTATION_REPRESENTATION('',(#9142),
#14973);
#14967=(
GEOMETRIC_REPRESENTATION_CONTEXT(3)
GLOBAL_UNCERTAINTY_ASSIGNED_CONTEXT((#14974))
GLOBAL_UNIT_ASSIGNED_CONTEXT((#14995,#14988,#14981))
REPRESENTATION_CONTEXT('Rack (38 teeth)','TOP_LEVEL_ASSEMBLY_PART')
);
#14968=(
GEOMETRIC_REPRESENTATION_CONTEXT(3)
GLOBAL_UNCERTAINTY_ASSIGNED_CONTEXT((#14975))
GLOBAL_UNIT_ASSIGNED_CONTEXT((#14996,#14989,#14982))
REPRESENTATION_CONTEXT('Part 4','TOP_LEVEL_ASSEMBLY_PART')
);
#14969=(
GEOMETRIC_REPRESENTATION_CONTEXT(3)
GLOBAL_UNCERTAINTY_ASSIGNED_CONTEXT((#14976))
GLOBAL_UNIT_ASSIGNED_CONTEXT((#14997,#14990,#14983))
REPRESENTATION_CONTEXT('Part 5','TOP_LEVEL_ASSEMBLY_PART')
);
#14970=(
GEOMETRIC_REPRESENTATION_CONTEXT(3)
GLOBAL_UNCERTAINTY_ASSIGNED_CONTEXT((#14977))
GLOBAL_UNIT_ASSIGNED_CONTEXT((#14998,#14991,#14984))
REPRESENTATION_CONTEXT('Part 3','TOP_LEVEL_ASSEMBLY_PART')
);
#14971=(
GEOMETRIC_REPRESENTATION_CONTEXT(3)
GLOBAL_UNCERTAINTY_ASSIGNED_CONTEXT((#14978))
GLOBAL_UNIT_ASSIGNED_CONTEXT((#14999,#14992,#14985))
REPRESENTATION_CONTEXT('Part 1','TOP_LEVEL_ASSEMBLY_PART')
);
#14972=(
GEOMETRIC_REPRESENTATION_CONTEXT(3)
GLOBAL_UNCERTAINTY_ASSIGNED_CONTEXT((#14979))
GLOBAL_UNIT_ASSIGNED_CONTEXT((#15000,#14993,#14986))
REPRESENTATION_CONTEXT('Part 7','TOP_LEVEL_ASSEMBLY_PART')
);
#14973=(
GEOMETRIC_REPRESENTATION_CONTEXT(3)
GLOBAL_UNCERTAINTY_ASSIGNED_CONTEXT((#14980))
GLOBAL_UNIT_ASSIGNED_CONTEXT((#15001,#14994,#14987))
REPRESENTATION_CONTEXT('Part 2','TOP_LEVEL_ASSEMBLY_PART')
);
#14974=UNCERTAINTY_MEASURE_WITH_UNIT(LENGTH_MEASURE(1.E-5),#14995,
'DISTANCE_ACCURACY_VALUE','Maximum Tolerance applied to model');
#14975=UNCERTAINTY_MEASURE_WITH_UNIT(LENGTH_MEASURE(1.E-5),#14996,
'DISTANCE_ACCURACY_VALUE','Maximum Tolerance applied to model');
#14976=UNCERTAINTY_MEASURE_WITH_UNIT(LENGTH_MEASURE(1.E-5),#14997,
'DISTANCE_ACCURACY_VALUE','Maximum Tolerance applied to model');
#14977=UNCERTAINTY_MEASURE_WITH_UNIT(LENGTH_MEASURE(1.E-5),#14998,
'DISTANCE_ACCURACY_VALUE','Maximum Tolerance applied to model');
#14978=UNCERTAINTY_MEASURE_WITH_UNIT(LENGTH_MEASURE(1.E-5),#14999,
'DISTANCE_ACCURACY_VALUE','Maximum Tolerance applied to model');
#14979=UNCERTAINTY_MEASURE_WITH_UNIT(LENGTH_MEASURE(1.E-5),#15000,
'DISTANCE_ACCURACY_VALUE','Maximum Tolerance applied to model');
#14980=UNCERTAINTY_MEASURE_WITH_UNIT(LENGTH_MEASURE(1.E-5),#15001,
'DISTANCE_ACCURACY_VALUE','Maximum Tolerance applied to model');
#14981=(
NAMED_UNIT(*)
SI_UNIT($,.STERADIAN.)
SOLID_ANGLE_UNIT()
);
#14982=(
NAMED_UNIT(*)
SI_UNIT($,.STERADIAN.)
SOLID_ANGLE_UNIT()
);
#14983=(
NAMED_UNIT(*)
SI_UNIT($,.STERADIAN.)
SOLID_ANGLE_UNIT()
);
#14984=(
NAMED_UNIT(*)
SI_UNIT($,.STERADIAN.)
SOLID_ANGLE_UNIT()
);
#14985=(
NAMED_UNIT(*)
SI_UNIT($,.STERADIAN.)
SOLID_ANGLE_UNIT()
);
#14986=(
NAMED_UNIT(*)
SI_UNIT($,.STERADIAN.)
SOLID_ANGLE_UNIT()
);
#14987=(
NAMED_UNIT(*)
SI_UNIT($,.STERADIAN.)
SOLID_ANGLE_UNIT()
);
#14988=(
NAMED_UNIT(*)
PLANE_ANGLE_UNIT()
SI_UNIT($,.RADIAN.)
);
#14989=(
NAMED_UNIT(*)
PLANE_ANGLE_UNIT()
SI_UNIT($,.RADIAN.)
);
#14990=(
NAMED_UNIT(*)
PLANE_ANGLE_UNIT()
SI_UNIT($,.RADIAN.)
);
#14991=(
NAMED_UNIT(*)
PLANE_ANGLE_UNIT()
SI_UNIT($,.RADIAN.)
);
#14992=(
NAMED_UNIT(*)
PLANE_ANGLE_UNIT()
SI_UNIT($,.RADIAN.)
);
#14993=(
NAMED_UNIT(*)
PLANE_ANGLE_UNIT()
SI_UNIT($,.RADIAN.)
);
#14994=(
NAMED_UNIT(*)
PLANE_ANGLE_UNIT()
SI_UNIT($,.RADIAN.)
);
#14995=(
LENGTH_UNIT()
NAMED_UNIT(*)
SI_UNIT(.MILLI.,.METRE.)
);
#14996=(
LENGTH_UNIT()
NAMED_UNIT(*)
SI_UNIT(.MILLI.,.METRE.)
);
#14997=(
LENGTH_UNIT()
NAMED_UNIT(*)
SI_UNIT(.MILLI.,.METRE.)
);
#14998=(
LENGTH_UNIT()
NAMED_UNIT(*)
SI_UNIT(.MILLI.,.METRE.)
);
#14999=(
LENGTH_UNIT()
NAMED_UNIT(*)
SI_UNIT(.MILLI.,.METRE.)
);
#15000=(
LENGTH_UNIT()
NAMED_UNIT(*)
SI_UNIT(.MILLI.,.METRE.)
);
#15001=(
LENGTH_UNIT()
NAMED_UNIT(*)
SI_UNIT(.MILLI.,.METRE.)
);
#15002=PRODUCT_DEFINITION_SHAPE('','',#15009);
#15003=PRODUCT_DEFINITION_SHAPE('','',#15010);
#15004=PRODUCT_DEFINITION_SHAPE('','',#15011);
#15005=PRODUCT_DEFINITION_SHAPE('','',#15012);
#15006=PRODUCT_DEFINITION_SHAPE('','',#15013);
#15007=PRODUCT_DEFINITION_SHAPE('','',#15014);
#15008=PRODUCT_DEFINITION_SHAPE('','',#15015);
#15009=PRODUCT_DEFINITION('','',#15023,#15016);
#15010=PRODUCT_DEFINITION('','',#15024,#15017);
#15011=PRODUCT_DEFINITION('','',#15025,#15018);
#15012=PRODUCT_DEFINITION('','',#15026,#15019);
#15013=PRODUCT_DEFINITION('','',#15027,#15020);
#15014=PRODUCT_DEFINITION('','',#15028,#15021);
#15015=PRODUCT_DEFINITION('','',#15029,#15022);
#15016=PRODUCT_DEFINITION_CONTEXT('',#15065,'design');
#15017=PRODUCT_DEFINITION_CONTEXT('',#15066,'design');
#15018=PRODUCT_DEFINITION_CONTEXT('',#15067,'design');
#15019=PRODUCT_DEFINITION_CONTEXT('',#15068,'design');
#15020=PRODUCT_DEFINITION_CONTEXT('',#15069,'design');
#15021=PRODUCT_DEFINITION_CONTEXT('',#15070,'design');
#15022=PRODUCT_DEFINITION_CONTEXT('',#15071,'design');
#15023=PRODUCT_DEFINITION_FORMATION_WITH_SPECIFIED_SOURCE('','',#15037,
 .NOT_KNOWN.);
#15024=PRODUCT_DEFINITION_FORMATION_WITH_SPECIFIED_SOURCE('','',#15038,
 .NOT_KNOWN.);
#15025=PRODUCT_DEFINITION_FORMATION_WITH_SPECIFIED_SOURCE('','',#15039,
 .NOT_KNOWN.);
#15026=PRODUCT_DEFINITION_FORMATION_WITH_SPECIFIED_SOURCE('','',#15040,
 .NOT_KNOWN.);
#15027=PRODUCT_DEFINITION_FORMATION_WITH_SPECIFIED_SOURCE('','',#15041,
 .NOT_KNOWN.);
#15028=PRODUCT_DEFINITION_FORMATION_WITH_SPECIFIED_SOURCE('','',#15042,
 .NOT_KNOWN.);
#15029=PRODUCT_DEFINITION_FORMATION_WITH_SPECIFIED_SOURCE('','',#15043,
 .NOT_KNOWN.);
#15030=PRODUCT_RELATED_PRODUCT_CATEGORY('','',(#15037));
#15031=PRODUCT_RELATED_PRODUCT_CATEGORY('','',(#15038));
#15032=PRODUCT_RELATED_PRODUCT_CATEGORY('','',(#15039));
#15033=PRODUCT_RELATED_PRODUCT_CATEGORY('','',(#15040));
#15034=PRODUCT_RELATED_PRODUCT_CATEGORY('','',(#15041));
#15035=PRODUCT_RELATED_PRODUCT_CATEGORY('','',(#15042));
#15036=PRODUCT_RELATED_PRODUCT_CATEGORY('','',(#15043));
#15037=PRODUCT('Rack (38 teeth)','Rack (38 teeth)','Rack (38 teeth)',(#15051));
#15038=PRODUCT('Part 4','Part 4','Part 4',(#15052));
#15039=PRODUCT('Part 5','Part 5','Part 5',(#15053));
#15040=PRODUCT('Part 3','Part 3','Part 3',(#15054));
#15041=PRODUCT('Part 1','Part 1','Part 1',(#15055));
#15042=PRODUCT('Part 7','Part 7','Part 7',(#15056));
#15043=PRODUCT('Part 2','Part 2','Part 2',(#15057));
#15044=PRODUCT_CATEGORY('','');
#15045=PRODUCT_CATEGORY('','');
#15046=PRODUCT_CATEGORY('','');
#15047=PRODUCT_CATEGORY('','');
#15048=PRODUCT_CATEGORY('','');
#15049=PRODUCT_CATEGORY('','');
#15050=PRODUCT_CATEGORY('','');
#15051=PRODUCT_CONTEXT('',#15065,'mechanical');
#15052=PRODUCT_CONTEXT('',#15066,'mechanical');
#15053=PRODUCT_CONTEXT('',#15067,'mechanical');
#15054=PRODUCT_CONTEXT('',#15068,'mechanical');
#15055=PRODUCT_CONTEXT('',#15069,'mechanical');
#15056=PRODUCT_CONTEXT('',#15070,'mechanical');
#15057=PRODUCT_CONTEXT('',#15071,'mechanical');
#15058=APPLICATION_PROTOCOL_DEFINITION('international standard',
'ap242_managed_model_based_3d_engineering',2020,#15065);
#15059=APPLICATION_PROTOCOL_DEFINITION('international standard',
'ap242_managed_model_based_3d_engineering',2020,#15066);
#15060=APPLICATION_PROTOCOL_DEFINITION('international standard',
'ap242_managed_model_based_3d_engineering',2020,#15067);
#15061=APPLICATION_PROTOCOL_DEFINITION('international standard',
'ap242_managed_model_based_3d_engineering',2020,#15068);
#15062=APPLICATION_PROTOCOL_DEFINITION('international standard',
'ap242_managed_model_based_3d_engineering',2020,#15069);
#15063=APPLICATION_PROTOCOL_DEFINITION('international standard',
'ap242_managed_model_based_3d_engineering',2020,#15070);
#15064=APPLICATION_PROTOCOL_DEFINITION('international standard',
'ap242_managed_model_based_3d_engineering',2020,#15071);
#15065=APPLICATION_CONTEXT('managed model based 3d engineering');
#15066=APPLICATION_CONTEXT('managed model based 3d engineering');
#15067=APPLICATION_CONTEXT('managed model based 3d engineering');
#15068=APPLICATION_CONTEXT('managed model based 3d engineering');
#15069=APPLICATION_CONTEXT('managed model based 3d engineering');
#15070=APPLICATION_CONTEXT('managed model based 3d engineering');
#15071=APPLICATION_CONTEXT('managed model based 3d engineering');
ENDSEC;
END-ISO-10303-21;
