ISO-10303-21;
HEADER;
/* Generated by software containing ST-Developer
 * from STEP Tools, Inc. (www.steptools.com) 
 */
/* OPTION: using custom renumber hook */

FILE_DESCRIPTION(
/* description */ ('STEP AP242 Edition 2',
'CAx-IF Rec.Pracs.---Representation and Presentation of Product Manufa
cturing Information (PMI)---4.0---2014-10-13',
'CAx-IF Rec.Pracs.---3D Tessellated Geometry---0.4---2014-09-14','2;1',
'CAx-IF Rec.Pracs.---User Defined Attributes---1.5---2016-08-15'),
/* implementation_level */ '2;1');

FILE_NAME(
/* name */ 'Part Studio 2 - Part 8',
/* time_stamp */ '2026-05-18T08:45:53Z',
/* author */ (''),
/* organization */ (''),
/* preprocessor_version */ 'ST-DEVELOPER v20',
/* originating_system */ 'ONSHAPE BY PTC INC, 1.215',
/* authorisation */ '  ');

FILE_SCHEMA (('AP242_MANAGED_MODEL_BASED_3D_ENGINEERING_MIM_LF { 1 0 10303 442 3 1 4 }'));
ENDSEC;

DATA;
#10=SHAPE_REPRESENTATION_RELATIONSHIP('','',#1785,#11);
#11=ADVANCED_BREP_SHAPE_REPRESENTATION('',(#1783),#3052);
#12=PLANE('',#1839);
#13=PLANE('',#1846);
#14=PLANE('',#1849);
#15=PLANE('',#1850);
#16=PLANE('',#1852);
#17=PLANE('',#1856);
#18=PLANE('',#1857);
#19=PLANE('',#1860);
#20=PLANE('',#1863);
#21=PLANE('',#1864);
#22=PLANE('',#1866);
#23=PLANE('',#1870);
#24=PLANE('',#1873);
#25=PLANE('',#1874);
#26=PLANE('',#1876);
#27=PLANE('',#1879);
#28=PLANE('',#1880);
#29=PLANE('',#1881);
#30=PLANE('',#1890);
#31=PLANE('',#1891);
#32=PLANE('',#1900);
#33=PLANE('',#1901);
#34=PLANE('',#1902);
#35=PLANE('',#1903);
#36=PLANE('',#1904);
#37=PLANE('',#1906);
#38=PLANE('',#1907);
#39=PLANE('',#1908);
#40=PLANE('',#1909);
#41=PLANE('',#1910);
#42=PLANE('',#1911);
#43=PLANE('',#1912);
#44=PLANE('',#1917);
#45=PLANE('',#1918);
#46=PLANE('',#1919);
#47=PLANE('',#1920);
#48=PLANE('',#1921);
#49=PLANE('',#1922);
#50=PLANE('',#1923);
#51=PLANE('',#1924);
#52=PLANE('',#1925);
#53=PLANE('',#1926);
#54=PLANE('',#1927);
#55=PLANE('',#1928);
#56=PLANE('',#1932);
#57=PLANE('',#1933);
#58=PLANE('',#1934);
#59=PLANE('',#1935);
#60=PLANE('',#1936);
#61=PLANE('',#1937);
#62=PLANE('',#1938);
#63=PLANE('',#1940);
#64=PLANE('',#1941);
#65=PLANE('',#1943);
#66=PLANE('',#1944);
#67=PLANE('',#1946);
#68=PLANE('',#1947);
#69=PLANE('',#1949);
#70=PLANE('',#1950);
#71=PLANE('',#1951);
#72=PLANE('',#1953);
#73=PLANE('',#1954);
#74=PLANE('',#1956);
#75=PLANE('',#1957);
#76=PLANE('',#1959);
#77=PLANE('',#1960);
#78=PLANE('',#1963);
#79=PLANE('',#1964);
#80=B_SPLINE_CURVE_WITH_KNOTS('',3,(#2509,#2510,#2511,#2512),
 .UNSPECIFIED.,.F.,.F.,(4,4),(0.,0.000106182475944976),.UNSPECIFIED.);
#81=B_SPLINE_CURVE_WITH_KNOTS('',3,(#2518,#2519,#2520,#2521),
 .UNSPECIFIED.,.F.,.F.,(4,4),(4.63820422204103E-16,0.000129617853807978),
 .UNSPECIFIED.);
#82=B_SPLINE_CURVE_WITH_KNOTS('',3,(#2589,#2590,#2591,#2592),
 .UNSPECIFIED.,.F.,.F.,(4,4),(1.09103126977284E-5,0.000935212343351209),
 .UNSPECIFIED.);
#83=B_SPLINE_CURVE_WITH_KNOTS('',3,(#2597,#2598,#2599,#2600,#2601,#2602,
#2603,#2604),.UNSPECIFIED.,.F.,.F.,(4,1,1,1,1,4),(1.86835436258807E-17,
0.00198202683829526,0.00396405367659051,0.00495506709573813,0.00594608051488575,
0.007928107353181),.UNSPECIFIED.);
#84=B_SPLINE_CURVE_WITH_KNOTS('',3,(#2612,#2613,#2614,#2615,#2616,#2617,
#2618,#2619,#2620,#2621,#2622),.UNSPECIFIED.,.F.,.F.,(4,1,1,1,1,1,1,1,4),
(0.,0.00143742428717947,0.00287484857435894,0.00431227286153841,0.00574969714871789,
0.00718712143589736,0.00862454572307683,0.0100619700102563,0.0114993942974358),
 .UNSPECIFIED.);
#85=B_SPLINE_CURVE_WITH_KNOTS('',3,(#2628,#2629,#2630,#2631),
 .UNSPECIFIED.,.F.,.F.,(4,4),(0.,0.000333639813032912),.UNSPECIFIED.);
#86=B_SPLINE_CURVE_WITH_KNOTS('',3,(#2663,#2664,#2665,#2666),
 .UNSPECIFIED.,.F.,.F.,(4,4),(0.,0.000332654851225119),.UNSPECIFIED.);
#87=B_SPLINE_CURVE_WITH_KNOTS('',3,(#2672,#2673,#2674,#2675,#2676,#2677,
#2678,#2679,#2680,#2681,#2682),.UNSPECIFIED.,.F.,.F.,(4,1,1,1,1,1,1,1,4),
(0.,0.00143344866999509,0.00286689733999019,0.00430034600998528,0.00573379467998038,
0.00716724334997547,0.00860069201997056,0.0100341406899657,0.0114675893599608),
 .UNSPECIFIED.);
#88=B_SPLINE_CURVE_WITH_KNOTS('',3,(#2853,#2854,#2855,#2856),
 .UNSPECIFIED.,.F.,.F.,(4,4),(9.79349350011014E-16,0.000106214777222072),
 .UNSPECIFIED.);
#89=B_SPLINE_CURVE_WITH_KNOTS('',3,(#2860,#2861,#2862,#2863),
 .UNSPECIFIED.,.F.,.F.,(4,4),(0.0175990603301453,0.0177286963517526),
 .UNSPECIFIED.);
#90=ELLIPSE('',#1790,40.0052539523587,40.005);
#91=ELLIPSE('',#1792,11227.481717057,40.005);
#92=ELLIPSE('',#1794,11227.481717057,40.005);
#93=ELLIPSE('',#1806,36.1952297664198,36.195);
#94=ELLIPSE('',#1807,36.1952297664198,36.195);
#95=ELLIPSE('',#1808,10158.1977440042,36.195);
#96=ELLIPSE('',#1809,36.1952297664198,36.195);
#97=ELLIPSE('',#1810,36.1952297664198,36.195);
#98=ELLIPSE('',#1811,10158.1977440042,36.195);
#99=ELLIPSE('',#1812,36.1952297664198,36.195);
#100=ELLIPSE('',#1821,36.1952297664198,36.195);
#101=ELLIPSE('',#1822,10158.1977440042,36.195);
#102=ELLIPSE('',#1823,36.1952297664198,36.195);
#103=ELLIPSE('',#1824,36.1952297664198,36.195);
#104=ELLIPSE('',#1825,10158.1977440042,36.195);
#105=ELLIPSE('',#1826,36.1952297664198,36.195);
#106=ELLIPSE('',#1831,10158.1977440042,36.195);
#107=ELLIPSE('',#1832,36.1952297664198,36.195);
#108=ELLIPSE('',#1840,10158.1977440042,36.195);
#109=ELLIPSE('',#1842,2.15000400124879,2.15);
#110=ELLIPSE('',#1845,2.15000400124879,2.15);
#111=ELLIPSE('',#1854,0.200548562763114,0.2);
#112=ELLIPSE('',#1868,0.200548562763114,0.2);
#113=ELLIPSE('',#1872,10158.1977440039,36.195);
#114=CIRCLE('',#1788,40.005);
#115=CIRCLE('',#1789,40.005);
#116=CIRCLE('',#1791,40.005);
#117=CIRCLE('',#1793,40.005);
#118=CIRCLE('',#1795,40.005);
#119=CIRCLE('',#1796,40.005);
#120=CIRCLE('',#1797,40.005);
#121=CIRCLE('',#1798,40.005);
#122=CIRCLE('',#1799,40.005);
#123=CIRCLE('',#1800,40.005);
#124=CIRCLE('',#1801,40.005);
#125=CIRCLE('',#1802,40.005);
#126=CIRCLE('',#1804,36.195);
#127=CIRCLE('',#1805,36.195);
#128=CIRCLE('',#1813,36.195);
#129=CIRCLE('',#1814,36.195);
#130=CIRCLE('',#1815,36.1949999999125);
#131=CIRCLE('',#1816,36.1949999999125);
#132=CIRCLE('',#1817,36.1949999999125);
#133=CIRCLE('',#1818,36.1949999999125);
#134=CIRCLE('',#1819,36.195);
#135=CIRCLE('',#1820,36.195);
#136=CIRCLE('',#1827,36.1949999999125);
#137=CIRCLE('',#1828,36.1949999999125);
#138=CIRCLE('',#1829,36.1949999999125);
#139=CIRCLE('',#1830,36.1949999999125);
#140=CIRCLE('',#1833,36.195);
#141=CIRCLE('',#1834,36.195);
#142=CIRCLE('',#1835,36.195);
#143=CIRCLE('',#1836,36.195);
#144=CIRCLE('',#1837,36.195);
#145=CIRCLE('',#1838,36.195);
#146=CIRCLE('',#1843,2.15);
#147=CIRCLE('',#1847,3.175);
#148=CIRCLE('',#1848,6.35);
#149=CIRCLE('',#1851,0.2);
#150=CIRCLE('',#1853,0.2);
#151=CIRCLE('',#1855,2.15);
#152=CIRCLE('',#1858,3.175);
#153=CIRCLE('',#1859,6.35);
#154=CIRCLE('',#1861,3.175);
#155=CIRCLE('',#1862,6.35);
#156=CIRCLE('',#1865,36.1949999999125);
#157=CIRCLE('',#1867,2.15);
#158=CIRCLE('',#1869,0.2);
#159=CIRCLE('',#1877,3.175);
#160=CIRCLE('',#1878,6.35);
#161=CIRCLE('',#1882,3.175);
#162=CIRCLE('',#1883,6.35);
#163=CIRCLE('',#1885,6.35);
#164=CIRCLE('',#1889,3.175);
#165=CIRCLE('',#1892,3.175);
#166=CIRCLE('',#1893,6.35);
#167=CIRCLE('',#1896,6.35);
#168=CIRCLE('',#1898,3.175);
#169=CIRCLE('',#1914,0.2);
#170=CIRCLE('',#1939,38.1);
#171=CIRCLE('',#1942,38.1);
#172=CIRCLE('',#1945,38.1);
#173=CIRCLE('',#1948,38.1);
#174=CIRCLE('',#1952,38.1);
#175=CIRCLE('',#1962,38.1);
#176=ORIENTED_EDGE('',*,*,#690,.F.);
#177=ORIENTED_EDGE('',*,*,#691,.T.);
#178=ORIENTED_EDGE('',*,*,#692,.T.);
#179=ORIENTED_EDGE('',*,*,#693,.T.);
#180=ORIENTED_EDGE('',*,*,#694,.F.);
#181=ORIENTED_EDGE('',*,*,#695,.F.);
#182=ORIENTED_EDGE('',*,*,#696,.T.);
#183=ORIENTED_EDGE('',*,*,#697,.T.);
#184=ORIENTED_EDGE('',*,*,#698,.F.);
#185=ORIENTED_EDGE('',*,*,#699,.F.);
#186=ORIENTED_EDGE('',*,*,#700,.T.);
#187=ORIENTED_EDGE('',*,*,#701,.F.);
#188=ORIENTED_EDGE('',*,*,#702,.F.);
#189=ORIENTED_EDGE('',*,*,#703,.T.);
#190=ORIENTED_EDGE('',*,*,#704,.F.);
#191=ORIENTED_EDGE('',*,*,#705,.T.);
#192=ORIENTED_EDGE('',*,*,#706,.T.);
#193=ORIENTED_EDGE('',*,*,#707,.F.);
#194=ORIENTED_EDGE('',*,*,#708,.F.);
#195=ORIENTED_EDGE('',*,*,#709,.F.);
#196=ORIENTED_EDGE('',*,*,#710,.T.);
#197=ORIENTED_EDGE('',*,*,#711,.F.);
#198=ORIENTED_EDGE('',*,*,#712,.F.);
#199=ORIENTED_EDGE('',*,*,#713,.T.);
#200=ORIENTED_EDGE('',*,*,#714,.T.);
#201=ORIENTED_EDGE('',*,*,#715,.T.);
#202=ORIENTED_EDGE('',*,*,#716,.F.);
#203=ORIENTED_EDGE('',*,*,#717,.F.);
#204=ORIENTED_EDGE('',*,*,#718,.T.);
#205=ORIENTED_EDGE('',*,*,#719,.T.);
#206=ORIENTED_EDGE('',*,*,#720,.F.);
#207=ORIENTED_EDGE('',*,*,#721,.T.);
#208=ORIENTED_EDGE('',*,*,#722,.T.);
#209=ORIENTED_EDGE('',*,*,#723,.T.);
#210=ORIENTED_EDGE('',*,*,#724,.T.);
#211=ORIENTED_EDGE('',*,*,#725,.T.);
#212=ORIENTED_EDGE('',*,*,#726,.T.);
#213=ORIENTED_EDGE('',*,*,#727,.T.);
#214=ORIENTED_EDGE('',*,*,#728,.F.);
#215=ORIENTED_EDGE('',*,*,#729,.T.);
#216=ORIENTED_EDGE('',*,*,#730,.T.);
#217=ORIENTED_EDGE('',*,*,#731,.T.);
#218=ORIENTED_EDGE('',*,*,#732,.T.);
#219=ORIENTED_EDGE('',*,*,#733,.T.);
#220=ORIENTED_EDGE('',*,*,#734,.F.);
#221=ORIENTED_EDGE('',*,*,#735,.T.);
#222=ORIENTED_EDGE('',*,*,#736,.T.);
#223=ORIENTED_EDGE('',*,*,#737,.F.);
#224=ORIENTED_EDGE('',*,*,#738,.F.);
#225=ORIENTED_EDGE('',*,*,#739,.T.);
#226=ORIENTED_EDGE('',*,*,#740,.F.);
#227=ORIENTED_EDGE('',*,*,#741,.F.);
#228=ORIENTED_EDGE('',*,*,#742,.T.);
#229=ORIENTED_EDGE('',*,*,#743,.T.);
#230=ORIENTED_EDGE('',*,*,#744,.T.);
#231=ORIENTED_EDGE('',*,*,#745,.F.);
#232=ORIENTED_EDGE('',*,*,#746,.T.);
#233=ORIENTED_EDGE('',*,*,#747,.T.);
#234=ORIENTED_EDGE('',*,*,#748,.F.);
#235=ORIENTED_EDGE('',*,*,#749,.T.);
#236=ORIENTED_EDGE('',*,*,#750,.T.);
#237=ORIENTED_EDGE('',*,*,#751,.T.);
#238=ORIENTED_EDGE('',*,*,#752,.T.);
#239=ORIENTED_EDGE('',*,*,#753,.T.);
#240=ORIENTED_EDGE('',*,*,#754,.F.);
#241=ORIENTED_EDGE('',*,*,#755,.T.);
#242=ORIENTED_EDGE('',*,*,#756,.T.);
#243=ORIENTED_EDGE('',*,*,#757,.F.);
#244=ORIENTED_EDGE('',*,*,#758,.F.);
#245=ORIENTED_EDGE('',*,*,#759,.F.);
#246=ORIENTED_EDGE('',*,*,#760,.F.);
#247=ORIENTED_EDGE('',*,*,#761,.F.);
#248=ORIENTED_EDGE('',*,*,#762,.T.);
#249=ORIENTED_EDGE('',*,*,#763,.T.);
#250=ORIENTED_EDGE('',*,*,#764,.T.);
#251=ORIENTED_EDGE('',*,*,#765,.T.);
#252=ORIENTED_EDGE('',*,*,#766,.F.);
#253=ORIENTED_EDGE('',*,*,#767,.F.);
#254=ORIENTED_EDGE('',*,*,#768,.T.);
#255=ORIENTED_EDGE('',*,*,#769,.T.);
#256=ORIENTED_EDGE('',*,*,#770,.T.);
#257=ORIENTED_EDGE('',*,*,#771,.F.);
#258=ORIENTED_EDGE('',*,*,#772,.T.);
#259=ORIENTED_EDGE('',*,*,#773,.T.);
#260=ORIENTED_EDGE('',*,*,#774,.F.);
#261=ORIENTED_EDGE('',*,*,#775,.F.);
#262=ORIENTED_EDGE('',*,*,#776,.F.);
#263=ORIENTED_EDGE('',*,*,#777,.T.);
#264=ORIENTED_EDGE('',*,*,#778,.T.);
#265=ORIENTED_EDGE('',*,*,#779,.T.);
#266=ORIENTED_EDGE('',*,*,#780,.F.);
#267=ORIENTED_EDGE('',*,*,#781,.T.);
#268=ORIENTED_EDGE('',*,*,#782,.T.);
#269=ORIENTED_EDGE('',*,*,#783,.T.);
#270=ORIENTED_EDGE('',*,*,#784,.F.);
#271=ORIENTED_EDGE('',*,*,#785,.T.);
#272=ORIENTED_EDGE('',*,*,#786,.T.);
#273=ORIENTED_EDGE('',*,*,#787,.T.);
#274=ORIENTED_EDGE('',*,*,#788,.F.);
#275=ORIENTED_EDGE('',*,*,#789,.T.);
#276=ORIENTED_EDGE('',*,*,#790,.T.);
#277=ORIENTED_EDGE('',*,*,#791,.F.);
#278=ORIENTED_EDGE('',*,*,#792,.F.);
#279=ORIENTED_EDGE('',*,*,#793,.F.);
#280=ORIENTED_EDGE('',*,*,#794,.T.);
#281=ORIENTED_EDGE('',*,*,#795,.T.);
#282=ORIENTED_EDGE('',*,*,#796,.F.);
#283=ORIENTED_EDGE('',*,*,#797,.F.);
#284=ORIENTED_EDGE('',*,*,#740,.T.);
#285=ORIENTED_EDGE('',*,*,#798,.T.);
#286=ORIENTED_EDGE('',*,*,#799,.T.);
#287=ORIENTED_EDGE('',*,*,#800,.T.);
#288=ORIENTED_EDGE('',*,*,#801,.F.);
#289=ORIENTED_EDGE('',*,*,#802,.F.);
#290=ORIENTED_EDGE('',*,*,#803,.T.);
#291=ORIENTED_EDGE('',*,*,#804,.T.);
#292=ORIENTED_EDGE('',*,*,#805,.T.);
#293=ORIENTED_EDGE('',*,*,#738,.T.);
#294=ORIENTED_EDGE('',*,*,#806,.T.);
#295=ORIENTED_EDGE('',*,*,#807,.F.);
#296=ORIENTED_EDGE('',*,*,#808,.T.);
#297=ORIENTED_EDGE('',*,*,#809,.T.);
#298=ORIENTED_EDGE('',*,*,#777,.F.);
#299=ORIENTED_EDGE('',*,*,#810,.F.);
#300=ORIENTED_EDGE('',*,*,#691,.F.);
#301=ORIENTED_EDGE('',*,*,#811,.F.);
#302=ORIENTED_EDGE('',*,*,#803,.F.);
#303=ORIENTED_EDGE('',*,*,#779,.F.);
#304=ORIENTED_EDGE('',*,*,#793,.T.);
#305=ORIENTED_EDGE('',*,*,#812,.T.);
#306=ORIENTED_EDGE('',*,*,#813,.T.);
#307=ORIENTED_EDGE('',*,*,#814,.F.);
#308=ORIENTED_EDGE('',*,*,#815,.T.);
#309=ORIENTED_EDGE('',*,*,#816,.F.);
#310=ORIENTED_EDGE('',*,*,#795,.F.);
#311=ORIENTED_EDGE('',*,*,#817,.F.);
#312=ORIENTED_EDGE('',*,*,#818,.T.);
#313=ORIENTED_EDGE('',*,*,#819,.F.);
#314=ORIENTED_EDGE('',*,*,#820,.F.);
#315=ORIENTED_EDGE('',*,*,#821,.T.);
#316=ORIENTED_EDGE('',*,*,#822,.F.);
#317=ORIENTED_EDGE('',*,*,#823,.F.);
#318=ORIENTED_EDGE('',*,*,#824,.F.);
#319=ORIENTED_EDGE('',*,*,#825,.T.);
#320=ORIENTED_EDGE('',*,*,#801,.T.);
#321=ORIENTED_EDGE('',*,*,#826,.F.);
#322=ORIENTED_EDGE('',*,*,#807,.T.);
#323=ORIENTED_EDGE('',*,*,#690,.T.);
#324=ORIENTED_EDGE('',*,*,#827,.T.);
#325=ORIENTED_EDGE('',*,*,#813,.F.);
#326=ORIENTED_EDGE('',*,*,#828,.F.);
#327=ORIENTED_EDGE('',*,*,#752,.F.);
#328=ORIENTED_EDGE('',*,*,#829,.T.);
#329=ORIENTED_EDGE('',*,*,#713,.F.);
#330=ORIENTED_EDGE('',*,*,#830,.T.);
#331=ORIENTED_EDGE('',*,*,#831,.F.);
#332=ORIENTED_EDGE('',*,*,#832,.F.);
#333=ORIENTED_EDGE('',*,*,#695,.T.);
#334=ORIENTED_EDGE('',*,*,#833,.T.);
#335=ORIENTED_EDGE('',*,*,#771,.T.);
#336=ORIENTED_EDGE('',*,*,#834,.F.);
#337=ORIENTED_EDGE('',*,*,#768,.F.);
#338=ORIENTED_EDGE('',*,*,#835,.T.);
#339=ORIENTED_EDGE('',*,*,#836,.T.);
#340=ORIENTED_EDGE('',*,*,#837,.T.);
#341=ORIENTED_EDGE('',*,*,#838,.T.);
#342=ORIENTED_EDGE('',*,*,#839,.F.);
#343=ORIENTED_EDGE('',*,*,#702,.T.);
#344=ORIENTED_EDGE('',*,*,#840,.F.);
#345=ORIENTED_EDGE('',*,*,#836,.F.);
#346=ORIENTED_EDGE('',*,*,#841,.T.);
#347=ORIENTED_EDGE('',*,*,#842,.T.);
#348=ORIENTED_EDGE('',*,*,#843,.F.);
#349=ORIENTED_EDGE('',*,*,#844,.F.);
#350=ORIENTED_EDGE('',*,*,#845,.F.);
#351=ORIENTED_EDGE('',*,*,#846,.F.);
#352=ORIENTED_EDGE('',*,*,#847,.F.);
#353=ORIENTED_EDGE('',*,*,#848,.F.);
#354=ORIENTED_EDGE('',*,*,#849,.T.);
#355=ORIENTED_EDGE('',*,*,#850,.F.);
#356=ORIENTED_EDGE('',*,*,#851,.T.);
#357=ORIENTED_EDGE('',*,*,#760,.T.);
#358=ORIENTED_EDGE('',*,*,#852,.F.);
#359=ORIENTED_EDGE('',*,*,#707,.T.);
#360=ORIENTED_EDGE('',*,*,#853,.T.);
#361=ORIENTED_EDGE('',*,*,#854,.F.);
#362=ORIENTED_EDGE('',*,*,#855,.T.);
#363=ORIENTED_EDGE('',*,*,#856,.F.);
#364=ORIENTED_EDGE('',*,*,#857,.T.);
#365=ORIENTED_EDGE('',*,*,#838,.F.);
#366=ORIENTED_EDGE('',*,*,#699,.T.);
#367=ORIENTED_EDGE('',*,*,#858,.F.);
#368=ORIENTED_EDGE('',*,*,#859,.T.);
#369=ORIENTED_EDGE('',*,*,#849,.F.);
#370=ORIENTED_EDGE('',*,*,#860,.F.);
#371=ORIENTED_EDGE('',*,*,#860,.T.);
#372=ORIENTED_EDGE('',*,*,#848,.T.);
#373=ORIENTED_EDGE('',*,*,#861,.F.);
#374=ORIENTED_EDGE('',*,*,#862,.T.);
#375=ORIENTED_EDGE('',*,*,#863,.T.);
#376=ORIENTED_EDGE('',*,*,#705,.F.);
#377=ORIENTED_EDGE('',*,*,#864,.T.);
#378=ORIENTED_EDGE('',*,*,#855,.F.);
#379=ORIENTED_EDGE('',*,*,#865,.F.);
#380=ORIENTED_EDGE('',*,*,#700,.F.);
#381=ORIENTED_EDGE('',*,*,#866,.F.);
#382=ORIENTED_EDGE('',*,*,#856,.T.);
#383=ORIENTED_EDGE('',*,*,#864,.F.);
#384=ORIENTED_EDGE('',*,*,#704,.T.);
#385=ORIENTED_EDGE('',*,*,#867,.T.);
#386=ORIENTED_EDGE('',*,*,#709,.T.);
#387=ORIENTED_EDGE('',*,*,#868,.T.);
#388=ORIENTED_EDGE('',*,*,#758,.T.);
#389=ORIENTED_EDGE('',*,*,#869,.F.);
#390=ORIENTED_EDGE('',*,*,#870,.F.);
#391=ORIENTED_EDGE('',*,*,#693,.F.);
#392=ORIENTED_EDGE('',*,*,#871,.T.);
#393=ORIENTED_EDGE('',*,*,#774,.T.);
#394=ORIENTED_EDGE('',*,*,#872,.T.);
#395=ORIENTED_EDGE('',*,*,#755,.F.);
#396=ORIENTED_EDGE('',*,*,#873,.F.);
#397=ORIENTED_EDGE('',*,*,#711,.T.);
#398=ORIENTED_EDGE('',*,*,#874,.T.);
#399=ORIENTED_EDGE('',*,*,#875,.F.);
#400=ORIENTED_EDGE('',*,*,#873,.T.);
#401=ORIENTED_EDGE('',*,*,#754,.T.);
#402=ORIENTED_EDGE('',*,*,#876,.F.);
#403=ORIENTED_EDGE('',*,*,#692,.F.);
#404=ORIENTED_EDGE('',*,*,#810,.T.);
#405=ORIENTED_EDGE('',*,*,#776,.T.);
#406=ORIENTED_EDGE('',*,*,#875,.T.);
#407=ORIENTED_EDGE('',*,*,#753,.F.);
#408=ORIENTED_EDGE('',*,*,#830,.F.);
#409=ORIENTED_EDGE('',*,*,#712,.T.);
#410=ORIENTED_EDGE('',*,*,#828,.T.);
#411=ORIENTED_EDGE('',*,*,#874,.F.);
#412=ORIENTED_EDGE('',*,*,#806,.F.);
#413=ORIENTED_EDGE('',*,*,#877,.T.);
#414=ORIENTED_EDGE('',*,*,#871,.F.);
#415=ORIENTED_EDGE('',*,*,#876,.T.);
#416=ORIENTED_EDGE('',*,*,#775,.T.);
#417=ORIENTED_EDGE('',*,*,#877,.F.);
#418=ORIENTED_EDGE('',*,*,#878,.T.);
#419=ORIENTED_EDGE('',*,*,#879,.F.);
#420=ORIENTED_EDGE('',*,*,#870,.T.);
#421=ORIENTED_EDGE('',*,*,#773,.F.);
#422=ORIENTED_EDGE('',*,*,#879,.T.);
#423=ORIENTED_EDGE('',*,*,#772,.F.);
#424=ORIENTED_EDGE('',*,*,#833,.F.);
#425=ORIENTED_EDGE('',*,*,#694,.T.);
#426=ORIENTED_EDGE('',*,*,#880,.F.);
#427=ORIENTED_EDGE('',*,*,#710,.F.);
#428=ORIENTED_EDGE('',*,*,#869,.T.);
#429=ORIENTED_EDGE('',*,*,#757,.T.);
#430=ORIENTED_EDGE('',*,*,#867,.F.);
#431=ORIENTED_EDGE('',*,*,#881,.T.);
#432=ORIENTED_EDGE('',*,*,#831,.T.);
#433=ORIENTED_EDGE('',*,*,#878,.F.);
#434=ORIENTED_EDGE('',*,*,#872,.F.);
#435=ORIENTED_EDGE('',*,*,#880,.T.);
#436=ORIENTED_EDGE('',*,*,#756,.F.);
#437=ORIENTED_EDGE('',*,*,#881,.F.);
#438=ORIENTED_EDGE('',*,*,#716,.T.);
#439=ORIENTED_EDGE('',*,*,#882,.T.);
#440=ORIENTED_EDGE('',*,*,#734,.T.);
#441=ORIENTED_EDGE('',*,*,#883,.F.);
#442=ORIENTED_EDGE('',*,*,#717,.T.);
#443=ORIENTED_EDGE('',*,*,#883,.T.);
#444=ORIENTED_EDGE('',*,*,#737,.T.);
#445=ORIENTED_EDGE('',*,*,#884,.F.);
#446=ORIENTED_EDGE('',*,*,#884,.T.);
#447=ORIENTED_EDGE('',*,*,#736,.F.);
#448=ORIENTED_EDGE('',*,*,#885,.F.);
#449=ORIENTED_EDGE('',*,*,#718,.F.);
#450=ORIENTED_EDGE('',*,*,#885,.T.);
#451=ORIENTED_EDGE('',*,*,#735,.F.);
#452=ORIENTED_EDGE('',*,*,#882,.F.);
#453=ORIENTED_EDGE('',*,*,#719,.F.);
#454=ORIENTED_EDGE('',*,*,#701,.T.);
#455=ORIENTED_EDGE('',*,*,#865,.T.);
#456=ORIENTED_EDGE('',*,*,#854,.T.);
#457=ORIENTED_EDGE('',*,*,#837,.F.);
#458=ORIENTED_EDGE('',*,*,#839,.T.);
#459=ORIENTED_EDGE('',*,*,#857,.F.);
#460=ORIENTED_EDGE('',*,*,#866,.T.);
#461=ORIENTED_EDGE('',*,*,#703,.F.);
#462=ORIENTED_EDGE('',*,*,#886,.F.);
#463=ORIENTED_EDGE('',*,*,#887,.T.);
#464=ORIENTED_EDGE('',*,*,#853,.F.);
#465=ORIENTED_EDGE('',*,*,#706,.F.);
#466=ORIENTED_EDGE('',*,*,#863,.F.);
#467=ORIENTED_EDGE('',*,*,#862,.F.);
#468=ORIENTED_EDGE('',*,*,#708,.T.);
#469=ORIENTED_EDGE('',*,*,#852,.T.);
#470=ORIENTED_EDGE('',*,*,#759,.T.);
#471=ORIENTED_EDGE('',*,*,#868,.F.);
#472=ORIENTED_EDGE('',*,*,#764,.F.);
#473=ORIENTED_EDGE('',*,*,#888,.T.);
#474=ORIENTED_EDGE('',*,*,#844,.T.);
#475=ORIENTED_EDGE('',*,*,#889,.F.);
#476=ORIENTED_EDGE('',*,*,#765,.F.);
#477=ORIENTED_EDGE('',*,*,#889,.T.);
#478=ORIENTED_EDGE('',*,*,#843,.T.);
#479=ORIENTED_EDGE('',*,*,#890,.F.);
#480=ORIENTED_EDGE('',*,*,#835,.F.);
#481=ORIENTED_EDGE('',*,*,#767,.T.);
#482=ORIENTED_EDGE('',*,*,#891,.T.);
#483=ORIENTED_EDGE('',*,*,#841,.F.);
#484=ORIENTED_EDGE('',*,*,#762,.F.);
#485=ORIENTED_EDGE('',*,*,#761,.T.);
#486=ORIENTED_EDGE('',*,*,#892,.T.);
#487=ORIENTED_EDGE('',*,*,#846,.T.);
#488=ORIENTED_EDGE('',*,*,#893,.F.);
#489=ORIENTED_EDGE('',*,*,#847,.T.);
#490=ORIENTED_EDGE('',*,*,#892,.F.);
#491=ORIENTED_EDGE('',*,*,#851,.F.);
#492=ORIENTED_EDGE('',*,*,#894,.F.);
#493=ORIENTED_EDGE('',*,*,#886,.T.);
#494=ORIENTED_EDGE('',*,*,#861,.T.);
#495=ORIENTED_EDGE('',*,*,#763,.F.);
#496=ORIENTED_EDGE('',*,*,#893,.T.);
#497=ORIENTED_EDGE('',*,*,#845,.T.);
#498=ORIENTED_EDGE('',*,*,#888,.F.);
#499=ORIENTED_EDGE('',*,*,#891,.F.);
#500=ORIENTED_EDGE('',*,*,#766,.T.);
#501=ORIENTED_EDGE('',*,*,#890,.T.);
#502=ORIENTED_EDGE('',*,*,#842,.F.);
#503=ORIENTED_EDGE('',*,*,#887,.F.);
#504=ORIENTED_EDGE('',*,*,#894,.T.);
#505=ORIENTED_EDGE('',*,*,#850,.T.);
#506=ORIENTED_EDGE('',*,*,#858,.T.);
#507=ORIENTED_EDGE('',*,*,#698,.T.);
#508=ORIENTED_EDGE('',*,*,#895,.T.);
#509=ORIENTED_EDGE('',*,*,#896,.F.);
#510=ORIENTED_EDGE('',*,*,#696,.F.);
#511=ORIENTED_EDGE('',*,*,#832,.T.);
#512=ORIENTED_EDGE('',*,*,#770,.F.);
#513=ORIENTED_EDGE('',*,*,#896,.T.);
#514=ORIENTED_EDGE('',*,*,#769,.F.);
#515=ORIENTED_EDGE('',*,*,#834,.T.);
#516=ORIENTED_EDGE('',*,*,#840,.T.);
#517=ORIENTED_EDGE('',*,*,#859,.F.);
#518=ORIENTED_EDGE('',*,*,#895,.F.);
#519=ORIENTED_EDGE('',*,*,#697,.F.);
#520=ORIENTED_EDGE('',*,*,#897,.F.);
#521=ORIENTED_EDGE('',*,*,#814,.T.);
#522=ORIENTED_EDGE('',*,*,#827,.F.);
#523=ORIENTED_EDGE('',*,*,#715,.F.);
#524=ORIENTED_EDGE('',*,*,#898,.T.);
#525=ORIENTED_EDGE('',*,*,#750,.F.);
#526=ORIENTED_EDGE('',*,*,#898,.F.);
#527=ORIENTED_EDGE('',*,*,#714,.F.);
#528=ORIENTED_EDGE('',*,*,#829,.F.);
#529=ORIENTED_EDGE('',*,*,#751,.F.);
#530=ORIENTED_EDGE('',*,*,#746,.F.);
#531=ORIENTED_EDGE('',*,*,#899,.T.);
#532=ORIENTED_EDGE('',*,*,#820,.T.);
#533=ORIENTED_EDGE('',*,*,#900,.F.);
#534=ORIENTED_EDGE('',*,*,#901,.F.);
#535=ORIENTED_EDGE('',*,*,#741,.T.);
#536=ORIENTED_EDGE('',*,*,#802,.T.);
#537=ORIENTED_EDGE('',*,*,#825,.F.);
#538=ORIENTED_EDGE('',*,*,#742,.F.);
#539=ORIENTED_EDGE('',*,*,#901,.T.);
#540=ORIENTED_EDGE('',*,*,#824,.T.);
#541=ORIENTED_EDGE('',*,*,#902,.F.);
#542=ORIENTED_EDGE('',*,*,#743,.F.);
#543=ORIENTED_EDGE('',*,*,#902,.T.);
#544=ORIENTED_EDGE('',*,*,#823,.T.);
#545=ORIENTED_EDGE('',*,*,#903,.F.);
#546=ORIENTED_EDGE('',*,*,#899,.F.);
#547=ORIENTED_EDGE('',*,*,#745,.T.);
#548=ORIENTED_EDGE('',*,*,#904,.T.);
#549=ORIENTED_EDGE('',*,*,#821,.F.);
#550=ORIENTED_EDGE('',*,*,#749,.F.);
#551=ORIENTED_EDGE('',*,*,#748,.T.);
#552=ORIENTED_EDGE('',*,*,#905,.T.);
#553=ORIENTED_EDGE('',*,*,#818,.F.);
#554=ORIENTED_EDGE('',*,*,#906,.F.);
#555=ORIENTED_EDGE('',*,*,#747,.F.);
#556=ORIENTED_EDGE('',*,*,#900,.T.);
#557=ORIENTED_EDGE('',*,*,#819,.T.);
#558=ORIENTED_EDGE('',*,*,#905,.F.);
#559=ORIENTED_EDGE('',*,*,#817,.T.);
#560=ORIENTED_EDGE('',*,*,#794,.F.);
#561=ORIENTED_EDGE('',*,*,#815,.F.);
#562=ORIENTED_EDGE('',*,*,#897,.T.);
#563=ORIENTED_EDGE('',*,*,#906,.T.);
#564=ORIENTED_EDGE('',*,*,#744,.F.);
#565=ORIENTED_EDGE('',*,*,#903,.T.);
#566=ORIENTED_EDGE('',*,*,#822,.T.);
#567=ORIENTED_EDGE('',*,*,#904,.F.);
#568=ORIENTED_EDGE('',*,*,#796,.T.);
#569=ORIENTED_EDGE('',*,*,#816,.T.);
#570=ORIENTED_EDGE('',*,*,#800,.F.);
#571=ORIENTED_EDGE('',*,*,#907,.F.);
#572=ORIENTED_EDGE('',*,*,#792,.T.);
#573=ORIENTED_EDGE('',*,*,#908,.T.);
#574=ORIENTED_EDGE('',*,*,#798,.F.);
#575=ORIENTED_EDGE('',*,*,#739,.F.);
#576=ORIENTED_EDGE('',*,*,#805,.F.);
#577=ORIENTED_EDGE('',*,*,#909,.T.);
#578=ORIENTED_EDGE('',*,*,#809,.F.);
#579=ORIENTED_EDGE('',*,*,#910,.F.);
#580=ORIENTED_EDGE('',*,*,#812,.F.);
#581=ORIENTED_EDGE('',*,*,#797,.T.);
#582=ORIENTED_EDGE('',*,*,#907,.T.);
#583=ORIENTED_EDGE('',*,*,#799,.F.);
#584=ORIENTED_EDGE('',*,*,#908,.F.);
#585=ORIENTED_EDGE('',*,*,#826,.T.);
#586=ORIENTED_EDGE('',*,*,#910,.T.);
#587=ORIENTED_EDGE('',*,*,#808,.F.);
#588=ORIENTED_EDGE('',*,*,#811,.T.);
#589=ORIENTED_EDGE('',*,*,#778,.F.);
#590=ORIENTED_EDGE('',*,*,#909,.F.);
#591=ORIENTED_EDGE('',*,*,#804,.F.);
#592=ORIENTED_EDGE('',*,*,#911,.F.);
#593=ORIENTED_EDGE('',*,*,#732,.F.);
#594=ORIENTED_EDGE('',*,*,#912,.T.);
#595=ORIENTED_EDGE('',*,*,#781,.F.);
#596=ORIENTED_EDGE('',*,*,#780,.T.);
#597=ORIENTED_EDGE('',*,*,#913,.F.);
#598=ORIENTED_EDGE('',*,*,#914,.F.);
#599=ORIENTED_EDGE('',*,*,#915,.T.);
#600=ORIENTED_EDGE('',*,*,#916,.F.);
#601=ORIENTED_EDGE('',*,*,#911,.T.);
#602=ORIENTED_EDGE('',*,*,#917,.F.);
#603=ORIENTED_EDGE('',*,*,#722,.F.);
#604=ORIENTED_EDGE('',*,*,#913,.T.);
#605=ORIENTED_EDGE('',*,*,#783,.F.);
#606=ORIENTED_EDGE('',*,*,#782,.F.);
#607=ORIENTED_EDGE('',*,*,#912,.F.);
#608=ORIENTED_EDGE('',*,*,#918,.T.);
#609=ORIENTED_EDGE('',*,*,#919,.F.);
#610=ORIENTED_EDGE('',*,*,#920,.T.);
#611=ORIENTED_EDGE('',*,*,#917,.T.);
#612=ORIENTED_EDGE('',*,*,#921,.F.);
#613=ORIENTED_EDGE('',*,*,#730,.F.);
#614=ORIENTED_EDGE('',*,*,#922,.T.);
#615=ORIENTED_EDGE('',*,*,#785,.F.);
#616=ORIENTED_EDGE('',*,*,#784,.T.);
#617=ORIENTED_EDGE('',*,*,#923,.F.);
#618=ORIENTED_EDGE('',*,*,#924,.F.);
#619=ORIENTED_EDGE('',*,*,#925,.T.);
#620=ORIENTED_EDGE('',*,*,#926,.F.);
#621=ORIENTED_EDGE('',*,*,#921,.T.);
#622=ORIENTED_EDGE('',*,*,#927,.F.);
#623=ORIENTED_EDGE('',*,*,#724,.F.);
#624=ORIENTED_EDGE('',*,*,#923,.T.);
#625=ORIENTED_EDGE('',*,*,#787,.F.);
#626=ORIENTED_EDGE('',*,*,#786,.F.);
#627=ORIENTED_EDGE('',*,*,#922,.F.);
#628=ORIENTED_EDGE('',*,*,#928,.T.);
#629=ORIENTED_EDGE('',*,*,#929,.F.);
#630=ORIENTED_EDGE('',*,*,#930,.T.);
#631=ORIENTED_EDGE('',*,*,#927,.T.);
#632=ORIENTED_EDGE('',*,*,#931,.F.);
#633=ORIENTED_EDGE('',*,*,#727,.F.);
#634=ORIENTED_EDGE('',*,*,#932,.T.);
#635=ORIENTED_EDGE('',*,*,#789,.F.);
#636=ORIENTED_EDGE('',*,*,#788,.T.);
#637=ORIENTED_EDGE('',*,*,#933,.F.);
#638=ORIENTED_EDGE('',*,*,#728,.T.);
#639=ORIENTED_EDGE('',*,*,#931,.T.);
#640=ORIENTED_EDGE('',*,*,#791,.T.);
#641=ORIENTED_EDGE('',*,*,#934,.F.);
#642=ORIENTED_EDGE('',*,*,#935,.F.);
#643=ORIENTED_EDGE('',*,*,#936,.T.);
#644=ORIENTED_EDGE('',*,*,#937,.F.);
#645=ORIENTED_EDGE('',*,*,#933,.T.);
#646=ORIENTED_EDGE('',*,*,#932,.F.);
#647=ORIENTED_EDGE('',*,*,#726,.F.);
#648=ORIENTED_EDGE('',*,*,#934,.T.);
#649=ORIENTED_EDGE('',*,*,#790,.F.);
#650=ORIENTED_EDGE('',*,*,#725,.F.);
#651=ORIENTED_EDGE('',*,*,#930,.F.);
#652=ORIENTED_EDGE('',*,*,#938,.T.);
#653=ORIENTED_EDGE('',*,*,#935,.T.);
#654=ORIENTED_EDGE('',*,*,#938,.F.);
#655=ORIENTED_EDGE('',*,*,#929,.T.);
#656=ORIENTED_EDGE('',*,*,#939,.T.);
#657=ORIENTED_EDGE('',*,*,#936,.F.);
#658=ORIENTED_EDGE('',*,*,#729,.F.);
#659=ORIENTED_EDGE('',*,*,#937,.T.);
#660=ORIENTED_EDGE('',*,*,#939,.F.);
#661=ORIENTED_EDGE('',*,*,#928,.F.);
#662=ORIENTED_EDGE('',*,*,#723,.F.);
#663=ORIENTED_EDGE('',*,*,#920,.F.);
#664=ORIENTED_EDGE('',*,*,#940,.T.);
#665=ORIENTED_EDGE('',*,*,#924,.T.);
#666=ORIENTED_EDGE('',*,*,#940,.F.);
#667=ORIENTED_EDGE('',*,*,#919,.T.);
#668=ORIENTED_EDGE('',*,*,#941,.T.);
#669=ORIENTED_EDGE('',*,*,#925,.F.);
#670=ORIENTED_EDGE('',*,*,#731,.F.);
#671=ORIENTED_EDGE('',*,*,#926,.T.);
#672=ORIENTED_EDGE('',*,*,#941,.F.);
#673=ORIENTED_EDGE('',*,*,#918,.F.);
#674=ORIENTED_EDGE('',*,*,#721,.F.);
#675=ORIENTED_EDGE('',*,*,#942,.F.);
#676=ORIENTED_EDGE('',*,*,#943,.T.);
#677=ORIENTED_EDGE('',*,*,#914,.T.);
#678=ORIENTED_EDGE('',*,*,#943,.F.);
#679=ORIENTED_EDGE('',*,*,#944,.T.);
#680=ORIENTED_EDGE('',*,*,#945,.T.);
#681=ORIENTED_EDGE('',*,*,#915,.F.);
#682=ORIENTED_EDGE('',*,*,#733,.F.);
#683=ORIENTED_EDGE('',*,*,#916,.T.);
#684=ORIENTED_EDGE('',*,*,#945,.F.);
#685=ORIENTED_EDGE('',*,*,#946,.F.);
#686=ORIENTED_EDGE('',*,*,#942,.T.);
#687=ORIENTED_EDGE('',*,*,#720,.T.);
#688=ORIENTED_EDGE('',*,*,#946,.T.);
#689=ORIENTED_EDGE('',*,*,#944,.F.);
#690=EDGE_CURVE('',#947,#948,#1116,.T.);
#691=EDGE_CURVE('',#947,#949,#114,.T.);
#692=EDGE_CURVE('',#949,#950,#1117,.T.);
#693=EDGE_CURVE('',#950,#951,#1118,.T.);
#694=EDGE_CURVE('',#952,#951,#1119,.T.);
#695=EDGE_CURVE('',#953,#952,#115,.T.);
#696=EDGE_CURVE('',#953,#954,#1120,.F.);
#697=EDGE_CURVE('',#954,#955,#90,.F.);
#698=EDGE_CURVE('',#956,#955,#1121,.F.);
#699=EDGE_CURVE('',#957,#956,#116,.T.);
#700=EDGE_CURVE('',#957,#958,#91,.F.);
#701=EDGE_CURVE('',#959,#958,#80,.T.);
#702=EDGE_CURVE('',#960,#959,#117,.T.);
#703=EDGE_CURVE('',#960,#961,#1122,.F.);
#704=EDGE_CURVE('',#962,#961,#81,.T.);
#705=EDGE_CURVE('',#962,#963,#92,.F.);
#706=EDGE_CURVE('',#963,#964,#1123,.F.);
#707=EDGE_CURVE('',#965,#964,#118,.F.);
#708=EDGE_CURVE('',#966,#965,#1124,.F.);
#709=EDGE_CURVE('',#967,#966,#119,.T.);
#710=EDGE_CURVE('',#967,#968,#1125,.T.);
#711=EDGE_CURVE('',#969,#968,#1126,.T.);
#712=EDGE_CURVE('',#970,#969,#1127,.T.);
#713=EDGE_CURVE('',#970,#971,#120,.T.);
#714=EDGE_CURVE('',#971,#972,#1128,.T.);
#715=EDGE_CURVE('',#972,#948,#121,.F.);
#716=EDGE_CURVE('',#973,#974,#1129,.F.);
#717=EDGE_CURVE('',#975,#973,#122,.F.);
#718=EDGE_CURVE('',#975,#976,#1130,.F.);
#719=EDGE_CURVE('',#976,#974,#123,.F.);
#720=EDGE_CURVE('',#977,#978,#124,.F.);
#721=EDGE_CURVE('',#977,#979,#1131,.F.);
#722=EDGE_CURVE('',#979,#980,#1132,.F.);
#723=EDGE_CURVE('',#980,#981,#1133,.F.);
#724=EDGE_CURVE('',#981,#982,#1134,.F.);
#725=EDGE_CURVE('',#982,#983,#1135,.F.);
#726=EDGE_CURVE('',#983,#984,#1136,.F.);
#727=EDGE_CURVE('',#984,#985,#125,.F.);
#728=EDGE_CURVE('',#986,#985,#1137,.F.);
#729=EDGE_CURVE('',#986,#987,#1138,.T.);
#730=EDGE_CURVE('',#987,#988,#1139,.T.);
#731=EDGE_CURVE('',#988,#989,#1140,.T.);
#732=EDGE_CURVE('',#989,#990,#1141,.T.);
#733=EDGE_CURVE('',#990,#978,#1142,.T.);
#734=EDGE_CURVE('',#991,#992,#1143,.T.);
#735=EDGE_CURVE('',#991,#993,#126,.T.);
#736=EDGE_CURVE('',#993,#994,#1144,.T.);
#737=EDGE_CURVE('',#992,#994,#127,.T.);
#738=EDGE_CURVE('',#995,#996,#82,.T.);
#739=EDGE_CURVE('',#995,#997,#93,.T.);
#740=EDGE_CURVE('',#998,#997,#83,.T.);
#741=EDGE_CURVE('',#999,#998,#94,.T.);
#742=EDGE_CURVE('',#999,#1000,#95,.T.);
#743=EDGE_CURVE('',#1000,#1001,#96,.T.);
#744=EDGE_CURVE('',#1001,#1002,#84,.T.);
#745=EDGE_CURVE('',#1003,#1002,#97,.T.);
#746=EDGE_CURVE('',#1003,#1004,#98,.T.);
#747=EDGE_CURVE('',#1004,#1005,#85,.T.);
#748=EDGE_CURVE('',#1006,#1005,#99,.T.);
#749=EDGE_CURVE('',#1006,#1007,#128,.T.);
#750=EDGE_CURVE('',#1007,#1008,#129,.T.);
#751=EDGE_CURVE('',#1008,#1009,#1145,.F.);
#752=EDGE_CURVE('',#1009,#1010,#130,.T.);
#753=EDGE_CURVE('',#1010,#1011,#1146,.T.);
#754=EDGE_CURVE('',#1012,#1011,#131,.T.);
#755=EDGE_CURVE('',#1012,#1013,#1147,.T.);
#756=EDGE_CURVE('',#1013,#1014,#132,.T.);
#757=EDGE_CURVE('',#1015,#1014,#1148,.T.);
#758=EDGE_CURVE('',#1016,#1015,#133,.T.);
#759=EDGE_CURVE('',#1017,#1016,#1149,.T.);
#760=EDGE_CURVE('',#1018,#1017,#134,.T.);
#761=EDGE_CURVE('',#1019,#1018,#135,.T.);
#762=EDGE_CURVE('',#1019,#1020,#100,.T.);
#763=EDGE_CURVE('',#1020,#1021,#86,.T.);
#764=EDGE_CURVE('',#1021,#1022,#101,.T.);
#765=EDGE_CURVE('',#1022,#1023,#102,.T.);
#766=EDGE_CURVE('',#1024,#1023,#87,.T.);
#767=EDGE_CURVE('',#1025,#1024,#103,.T.);
#768=EDGE_CURVE('',#1025,#1026,#104,.T.);
#769=EDGE_CURVE('',#1026,#1027,#105,.T.);
#770=EDGE_CURVE('',#1027,#1028,#1150,.T.);
#771=EDGE_CURVE('',#1029,#1028,#136,.T.);
#772=EDGE_CURVE('',#1029,#1030,#1151,.T.);
#773=EDGE_CURVE('',#1030,#1031,#137,.T.);
#774=EDGE_CURVE('',#1032,#1031,#1152,.T.);
#775=EDGE_CURVE('',#1033,#1032,#138,.T.);
#776=EDGE_CURVE('',#1034,#1033,#1153,.T.);
#777=EDGE_CURVE('',#1034,#1035,#139,.T.);
#778=EDGE_CURVE('',#1035,#1036,#106,.T.);
#779=EDGE_CURVE('',#1036,#996,#107,.T.);
#780=EDGE_CURVE('',#1037,#1038,#140,.T.);
#781=EDGE_CURVE('',#1037,#1039,#1154,.F.);
#782=EDGE_CURVE('',#1039,#1040,#141,.T.);
#783=EDGE_CURVE('',#1040,#1038,#1155,.T.);
#784=EDGE_CURVE('',#1041,#1042,#142,.T.);
#785=EDGE_CURVE('',#1041,#1043,#1156,.F.);
#786=EDGE_CURVE('',#1043,#1044,#143,.T.);
#787=EDGE_CURVE('',#1044,#1042,#1157,.T.);
#788=EDGE_CURVE('',#1045,#1046,#1158,.T.);
#789=EDGE_CURVE('',#1045,#1047,#144,.T.);
#790=EDGE_CURVE('',#1047,#1048,#1159,.T.);
#791=EDGE_CURVE('',#1046,#1048,#145,.T.);
#792=EDGE_CURVE('',#1049,#1050,#1160,.T.);
#793=EDGE_CURVE('',#1051,#1049,#1161,.T.);
#794=EDGE_CURVE('',#1051,#1052,#1162,.T.);
#795=EDGE_CURVE('',#1052,#1053,#1163,.T.);
#796=EDGE_CURVE('',#1054,#1053,#1164,.T.);
#797=EDGE_CURVE('',#1050,#1054,#108,.T.);
#798=EDGE_CURVE('',#997,#1055,#1165,.T.);
#799=EDGE_CURVE('',#1055,#1056,#109,.T.);
#800=EDGE_CURVE('',#1056,#1057,#1166,.T.);
#801=EDGE_CURVE('',#1058,#1057,#146,.F.);
#802=EDGE_CURVE('',#998,#1058,#1167,.T.);
#803=EDGE_CURVE('',#996,#1059,#1168,.T.);
#804=EDGE_CURVE('',#1059,#1060,#110,.T.);
#805=EDGE_CURVE('',#1060,#995,#1169,.F.);
#806=EDGE_CURVE('',#1061,#1061,#147,.T.);
#807=EDGE_CURVE('',#1062,#947,#1170,.T.);
#808=EDGE_CURVE('',#1062,#1063,#1171,.T.);
#809=EDGE_CURVE('',#1063,#1035,#1172,.T.);
#810=EDGE_CURVE('',#949,#1034,#148,.T.);
#811=EDGE_CURVE('',#1059,#1036,#1173,.T.);
#812=EDGE_CURVE('',#1049,#1064,#1174,.T.);
#813=EDGE_CURVE('',#1064,#1065,#1175,.T.);
#814=EDGE_CURVE('',#1066,#1065,#1176,.F.);
#815=EDGE_CURVE('',#1066,#1051,#149,.T.);
#816=EDGE_CURVE('',#1053,#1057,#1177,.T.);
#817=EDGE_CURVE('',#1067,#1052,#150,.T.);
#818=EDGE_CURVE('',#1067,#1068,#1178,.F.);
#819=EDGE_CURVE('',#1069,#1068,#111,.F.);
#820=EDGE_CURVE('',#1070,#1069,#1179,.T.);
#821=EDGE_CURVE('',#1070,#1071,#1180,.F.);
#822=EDGE_CURVE('',#1072,#1071,#151,.T.);
#823=EDGE_CURVE('',#1073,#1072,#1181,.T.);
#824=EDGE_CURVE('',#1074,#1073,#1182,.T.);
#825=EDGE_CURVE('',#1074,#1058,#1183,.F.);
#826=EDGE_CURVE('',#1062,#1064,#1184,.T.);
#827=EDGE_CURVE('',#948,#1065,#1185,.T.);
#828=EDGE_CURVE('',#1075,#1075,#152,.T.);
#829=EDGE_CURVE('',#1009,#971,#1186,.T.);
#830=EDGE_CURVE('',#970,#1010,#153,.T.);
#831=EDGE_CURVE('',#1076,#1076,#154,.T.);
#832=EDGE_CURVE('',#953,#1028,#1187,.T.);
#833=EDGE_CURVE('',#952,#1029,#155,.T.);
#834=EDGE_CURVE('',#1026,#1077,#1188,.T.);
#835=EDGE_CURVE('',#1025,#1078,#1189,.T.);
#836=EDGE_CURVE('',#1078,#1077,#1190,.T.);
#837=EDGE_CURVE('',#959,#1079,#1191,.T.);
#838=EDGE_CURVE('',#1079,#1080,#156,.T.);
#839=EDGE_CURVE('',#960,#1080,#1192,.T.);
#840=EDGE_CURVE('',#1077,#1081,#1193,.T.);
#841=EDGE_CURVE('',#1078,#1082,#1194,.F.);
#842=EDGE_CURVE('',#1082,#1083,#157,.F.);
#843=EDGE_CURVE('',#1084,#1083,#1195,.T.);
#844=EDGE_CURVE('',#1085,#1084,#1196,.T.);
#845=EDGE_CURVE('',#1086,#1085,#112,.F.);
#846=EDGE_CURVE('',#1087,#1086,#1197,.T.);
#847=EDGE_CURVE('',#1088,#1087,#158,.T.);
#848=EDGE_CURVE('',#1089,#1088,#1198,.T.);
#849=EDGE_CURVE('',#1089,#1081,#1199,.T.);
#850=EDGE_CURVE('',#1090,#1091,#1200,.T.);
#851=EDGE_CURVE('',#1090,#1018,#1201,.T.);
#852=EDGE_CURVE('',#965,#1017,#1202,.T.);
#853=EDGE_CURVE('',#964,#1091,#1203,.T.);
#854=EDGE_CURVE('',#1092,#1079,#88,.T.);
#855=EDGE_CURVE('',#1092,#1093,#113,.T.);
#856=EDGE_CURVE('',#1094,#1093,#89,.T.);
#857=EDGE_CURVE('',#1094,#1080,#1204,.T.);
#858=EDGE_CURVE('',#1095,#956,#1205,.T.);
#859=EDGE_CURVE('',#1095,#1081,#1206,.T.);
#860=EDGE_CURVE('',#957,#1089,#1207,.T.);
#861=EDGE_CURVE('',#1096,#1088,#1208,.T.);
#862=EDGE_CURVE('',#1096,#1097,#1209,.T.);
#863=EDGE_CURVE('',#1097,#963,#1210,.T.);
#864=EDGE_CURVE('',#962,#1093,#1211,.T.);
#865=EDGE_CURVE('',#958,#1092,#1212,.T.);
#866=EDGE_CURVE('',#1094,#961,#1213,.F.);
#867=EDGE_CURVE('',#1098,#1098,#159,.T.);
#868=EDGE_CURVE('',#966,#1016,#1214,.T.);
#869=EDGE_CURVE('',#967,#1015,#160,.T.);
#870=EDGE_CURVE('',#951,#1031,#1215,.T.);
#871=EDGE_CURVE('',#950,#1032,#1216,.T.);
#872=EDGE_CURVE('',#968,#1013,#1217,.T.);
#873=EDGE_CURVE('',#969,#1012,#1218,.T.);
#874=EDGE_CURVE('',#1099,#1099,#161,.T.);
#875=EDGE_CURVE('',#969,#1011,#162,.T.);
#876=EDGE_CURVE('',#950,#1033,#163,.T.);
#877=EDGE_CURVE('',#1100,#1100,#164,.T.);
#878=EDGE_CURVE('',#1101,#1101,#165,.T.);
#879=EDGE_CURVE('',#951,#1030,#166,.T.);
#880=EDGE_CURVE('',#968,#1014,#167,.T.);
#881=EDGE_CURVE('',#1102,#1102,#168,.T.);
#882=EDGE_CURVE('',#974,#991,#1219,.T.);
#883=EDGE_CURVE('',#973,#992,#1220,.T.);
#884=EDGE_CURVE('',#975,#994,#1221,.T.);
#885=EDGE_CURVE('',#976,#993,#1222,.T.);
#886=EDGE_CURVE('',#1103,#1096,#1223,.T.);
#887=EDGE_CURVE('',#1103,#1091,#1224,.T.);
#888=EDGE_CURVE('',#1021,#1085,#1225,.T.);
#889=EDGE_CURVE('',#1022,#1084,#1226,.T.);
#890=EDGE_CURVE('',#1023,#1083,#1227,.T.);
#891=EDGE_CURVE('',#1024,#1082,#1228,.T.);
#892=EDGE_CURVE('',#1018,#1087,#1229,.T.);
#893=EDGE_CURVE('',#1020,#1086,#1230,.T.);
#894=EDGE_CURVE('',#1103,#1090,#169,.T.);
#895=EDGE_CURVE('',#955,#1095,#1231,.T.);
#896=EDGE_CURVE('',#954,#1027,#1232,.T.);
#897=EDGE_CURVE('',#1066,#1007,#1233,.T.);
#898=EDGE_CURVE('',#972,#1008,#1234,.T.);
#899=EDGE_CURVE('',#1003,#1070,#1235,.T.);
#900=EDGE_CURVE('',#1004,#1069,#1236,.T.);
#901=EDGE_CURVE('',#999,#1074,#1237,.T.);
#902=EDGE_CURVE('',#1000,#1073,#1238,.T.);
#903=EDGE_CURVE('',#1001,#1072,#1239,.T.);
#904=EDGE_CURVE('',#1002,#1071,#1240,.T.);
#905=EDGE_CURVE('',#1005,#1068,#1241,.T.);
#906=EDGE_CURVE('',#1007,#1067,#1242,.T.);
#907=EDGE_CURVE('',#1054,#1056,#1243,.T.);
#908=EDGE_CURVE('',#1050,#1055,#1244,.T.);
#909=EDGE_CURVE('',#1060,#1035,#1245,.T.);
#910=EDGE_CURVE('',#1064,#1063,#1246,.T.);
#911=EDGE_CURVE('',#990,#1037,#1247,.T.);
#912=EDGE_CURVE('',#989,#1039,#1248,.T.);
#913=EDGE_CURVE('',#979,#1038,#1249,.T.);
#914=EDGE_CURVE('',#1104,#979,#1250,.T.);
#915=EDGE_CURVE('',#1104,#1105,#170,.F.);
#916=EDGE_CURVE('',#990,#1105,#1251,.T.);
#917=EDGE_CURVE('',#980,#1040,#1252,.T.);
#918=EDGE_CURVE('',#989,#1106,#1253,.T.);
#919=EDGE_CURVE('',#1107,#1106,#171,.T.);
#920=EDGE_CURVE('',#1107,#980,#1254,.T.);
#921=EDGE_CURVE('',#988,#1041,#1255,.T.);
#922=EDGE_CURVE('',#987,#1043,#1256,.T.);
#923=EDGE_CURVE('',#981,#1042,#1257,.T.);
#924=EDGE_CURVE('',#1108,#981,#1258,.T.);
#925=EDGE_CURVE('',#1108,#1109,#172,.F.);
#926=EDGE_CURVE('',#988,#1109,#1259,.T.);
#927=EDGE_CURVE('',#982,#1044,#1260,.T.);
#928=EDGE_CURVE('',#987,#1110,#1261,.T.);
#929=EDGE_CURVE('',#1111,#1110,#173,.T.);
#930=EDGE_CURVE('',#1111,#982,#1262,.T.);
#931=EDGE_CURVE('',#985,#1045,#1263,.T.);
#932=EDGE_CURVE('',#984,#1047,#1264,.T.);
#933=EDGE_CURVE('',#986,#1046,#1265,.T.);
#934=EDGE_CURVE('',#983,#1048,#1266,.T.);
#935=EDGE_CURVE('',#1112,#983,#1267,.T.);
#936=EDGE_CURVE('',#1112,#1113,#174,.F.);
#937=EDGE_CURVE('',#986,#1113,#1268,.T.);
#938=EDGE_CURVE('',#1111,#1112,#1269,.T.);
#939=EDGE_CURVE('',#1110,#1113,#1270,.T.);
#940=EDGE_CURVE('',#1107,#1108,#1271,.T.);
#941=EDGE_CURVE('',#1106,#1109,#1272,.T.);
#942=EDGE_CURVE('',#1114,#977,#1273,.T.);
#943=EDGE_CURVE('',#1114,#1104,#1274,.T.);
#944=EDGE_CURVE('',#1114,#1115,#175,.T.);
#945=EDGE_CURVE('',#1115,#1105,#1275,.T.);
#946=EDGE_CURVE('',#978,#1115,#1276,.T.);
#947=VERTEX_POINT('',#2487);
#948=VERTEX_POINT('',#2488);
#949=VERTEX_POINT('',#2490);
#950=VERTEX_POINT('',#2492);
#951=VERTEX_POINT('',#2494);
#952=VERTEX_POINT('',#2496);
#953=VERTEX_POINT('',#2498);
#954=VERTEX_POINT('',#2500);
#955=VERTEX_POINT('',#2502);
#956=VERTEX_POINT('',#2504);
#957=VERTEX_POINT('',#2506);
#958=VERTEX_POINT('',#2508);
#959=VERTEX_POINT('',#2513);
#960=VERTEX_POINT('',#2515);
#961=VERTEX_POINT('',#2517);
#962=VERTEX_POINT('',#2522);
#963=VERTEX_POINT('',#2524);
#964=VERTEX_POINT('',#2526);
#965=VERTEX_POINT('',#2528);
#966=VERTEX_POINT('',#2530);
#967=VERTEX_POINT('',#2532);
#968=VERTEX_POINT('',#2534);
#969=VERTEX_POINT('',#2536);
#970=VERTEX_POINT('',#2538);
#971=VERTEX_POINT('',#2540);
#972=VERTEX_POINT('',#2542);
#973=VERTEX_POINT('',#2545);
#974=VERTEX_POINT('',#2546);
#975=VERTEX_POINT('',#2548);
#976=VERTEX_POINT('',#2550);
#977=VERTEX_POINT('',#2553);
#978=VERTEX_POINT('',#2554);
#979=VERTEX_POINT('',#2556);
#980=VERTEX_POINT('',#2558);
#981=VERTEX_POINT('',#2560);
#982=VERTEX_POINT('',#2562);
#983=VERTEX_POINT('',#2564);
#984=VERTEX_POINT('',#2566);
#985=VERTEX_POINT('',#2568);
#986=VERTEX_POINT('',#2570);
#987=VERTEX_POINT('',#2572);
#988=VERTEX_POINT('',#2574);
#989=VERTEX_POINT('',#2576);
#990=VERTEX_POINT('',#2578);
#991=VERTEX_POINT('',#2582);
#992=VERTEX_POINT('',#2583);
#993=VERTEX_POINT('',#2585);
#994=VERTEX_POINT('',#2587);
#995=VERTEX_POINT('',#2593);
#996=VERTEX_POINT('',#2594);
#997=VERTEX_POINT('',#2596);
#998=VERTEX_POINT('',#2605);
#999=VERTEX_POINT('',#2607);
#1000=VERTEX_POINT('',#2609);
#1001=VERTEX_POINT('',#2611);
#1002=VERTEX_POINT('',#2623);
#1003=VERTEX_POINT('',#2625);
#1004=VERTEX_POINT('',#2627);
#1005=VERTEX_POINT('',#2632);
#1006=VERTEX_POINT('',#2634);
#1007=VERTEX_POINT('',#2636);
#1008=VERTEX_POINT('',#2638);
#1009=VERTEX_POINT('',#2640);
#1010=VERTEX_POINT('',#2642);
#1011=VERTEX_POINT('',#2644);
#1012=VERTEX_POINT('',#2646);
#1013=VERTEX_POINT('',#2648);
#1014=VERTEX_POINT('',#2650);
#1015=VERTEX_POINT('',#2652);
#1016=VERTEX_POINT('',#2654);
#1017=VERTEX_POINT('',#2656);
#1018=VERTEX_POINT('',#2658);
#1019=VERTEX_POINT('',#2660);
#1020=VERTEX_POINT('',#2662);
#1021=VERTEX_POINT('',#2667);
#1022=VERTEX_POINT('',#2669);
#1023=VERTEX_POINT('',#2671);
#1024=VERTEX_POINT('',#2683);
#1025=VERTEX_POINT('',#2685);
#1026=VERTEX_POINT('',#2687);
#1027=VERTEX_POINT('',#2689);
#1028=VERTEX_POINT('',#2691);
#1029=VERTEX_POINT('',#2693);
#1030=VERTEX_POINT('',#2695);
#1031=VERTEX_POINT('',#2697);
#1032=VERTEX_POINT('',#2699);
#1033=VERTEX_POINT('',#2701);
#1034=VERTEX_POINT('',#2703);
#1035=VERTEX_POINT('',#2705);
#1036=VERTEX_POINT('',#2707);
#1037=VERTEX_POINT('',#2710);
#1038=VERTEX_POINT('',#2711);
#1039=VERTEX_POINT('',#2713);
#1040=VERTEX_POINT('',#2715);
#1041=VERTEX_POINT('',#2718);
#1042=VERTEX_POINT('',#2719);
#1043=VERTEX_POINT('',#2721);
#1044=VERTEX_POINT('',#2723);
#1045=VERTEX_POINT('',#2726);
#1046=VERTEX_POINT('',#2727);
#1047=VERTEX_POINT('',#2729);
#1048=VERTEX_POINT('',#2731);
#1049=VERTEX_POINT('',#2735);
#1050=VERTEX_POINT('',#2736);
#1051=VERTEX_POINT('',#2738);
#1052=VERTEX_POINT('',#2740);
#1053=VERTEX_POINT('',#2742);
#1054=VERTEX_POINT('',#2744);
#1055=VERTEX_POINT('',#2748);
#1056=VERTEX_POINT('',#2750);
#1057=VERTEX_POINT('',#2752);
#1058=VERTEX_POINT('',#2754);
#1059=VERTEX_POINT('',#2758);
#1060=VERTEX_POINT('',#2760);
#1061=VERTEX_POINT('',#2764);
#1062=VERTEX_POINT('',#2766);
#1063=VERTEX_POINT('',#2768);
#1064=VERTEX_POINT('',#2775);
#1065=VERTEX_POINT('',#2777);
#1066=VERTEX_POINT('',#2779);
#1067=VERTEX_POINT('',#2784);
#1068=VERTEX_POINT('',#2786);
#1069=VERTEX_POINT('',#2788);
#1070=VERTEX_POINT('',#2790);
#1071=VERTEX_POINT('',#2792);
#1072=VERTEX_POINT('',#2794);
#1073=VERTEX_POINT('',#2796);
#1074=VERTEX_POINT('',#2798);
#1075=VERTEX_POINT('',#2805);
#1076=VERTEX_POINT('',#2810);
#1077=VERTEX_POINT('',#2815);
#1078=VERTEX_POINT('',#2817);
#1079=VERTEX_POINT('',#2821);
#1080=VERTEX_POINT('',#2823);
#1081=VERTEX_POINT('',#2827);
#1082=VERTEX_POINT('',#2829);
#1083=VERTEX_POINT('',#2831);
#1084=VERTEX_POINT('',#2833);
#1085=VERTEX_POINT('',#2835);
#1086=VERTEX_POINT('',#2837);
#1087=VERTEX_POINT('',#2839);
#1088=VERTEX_POINT('',#2841);
#1089=VERTEX_POINT('',#2843);
#1090=VERTEX_POINT('',#2847);
#1091=VERTEX_POINT('',#2848);
#1092=VERTEX_POINT('',#2857);
#1093=VERTEX_POINT('',#2859);
#1094=VERTEX_POINT('',#2864);
#1095=VERTEX_POINT('',#2868);
#1096=VERTEX_POINT('',#2873);
#1097=VERTEX_POINT('',#2875);
#1098=VERTEX_POINT('',#2883);
#1099=VERTEX_POINT('',#2894);
#1100=VERTEX_POINT('',#2902);
#1101=VERTEX_POINT('',#2906);
#1102=VERTEX_POINT('',#2913);
#1103=VERTEX_POINT('',#2928);
#1104=VERTEX_POINT('',#2987);
#1105=VERTEX_POINT('',#2989);
#1106=VERTEX_POINT('',#2995);
#1107=VERTEX_POINT('',#2997);
#1108=VERTEX_POINT('',#3005);
#1109=VERTEX_POINT('',#3007);
#1110=VERTEX_POINT('',#3013);
#1111=VERTEX_POINT('',#3015);
#1112=VERTEX_POINT('',#3025);
#1113=VERTEX_POINT('',#3027);
#1114=VERTEX_POINT('',#3042);
#1115=VERTEX_POINT('',#3046);
#1116=LINE('',#2486,#1277);
#1117=LINE('',#2491,#1278);
#1118=LINE('',#2493,#1279);
#1119=LINE('',#2495,#1280);
#1120=LINE('',#2499,#1281);
#1121=LINE('',#2503,#1282);
#1122=LINE('',#2516,#1283);
#1123=LINE('',#2525,#1284);
#1124=LINE('',#2529,#1285);
#1125=LINE('',#2533,#1286);
#1126=LINE('',#2535,#1287);
#1127=LINE('',#2537,#1288);
#1128=LINE('',#2541,#1289);
#1129=LINE('',#2544,#1290);
#1130=LINE('',#2549,#1291);
#1131=LINE('',#2555,#1292);
#1132=LINE('',#2557,#1293);
#1133=LINE('',#2559,#1294);
#1134=LINE('',#2561,#1295);
#1135=LINE('',#2563,#1296);
#1136=LINE('',#2565,#1297);
#1137=LINE('',#2569,#1298);
#1138=LINE('',#2571,#1299);
#1139=LINE('',#2573,#1300);
#1140=LINE('',#2575,#1301);
#1141=LINE('',#2577,#1302);
#1142=LINE('',#2579,#1303);
#1143=LINE('',#2581,#1304);
#1144=LINE('',#2586,#1305);
#1145=LINE('',#2639,#1306);
#1146=LINE('',#2643,#1307);
#1147=LINE('',#2647,#1308);
#1148=LINE('',#2651,#1309);
#1149=LINE('',#2655,#1310);
#1150=LINE('',#2690,#1311);
#1151=LINE('',#2694,#1312);
#1152=LINE('',#2698,#1313);
#1153=LINE('',#2702,#1314);
#1154=LINE('',#2712,#1315);
#1155=LINE('',#2716,#1316);
#1156=LINE('',#2720,#1317);
#1157=LINE('',#2724,#1318);
#1158=LINE('',#2725,#1319);
#1159=LINE('',#2730,#1320);
#1160=LINE('',#2734,#1321);
#1161=LINE('',#2737,#1322);
#1162=LINE('',#2739,#1323);
#1163=LINE('',#2741,#1324);
#1164=LINE('',#2743,#1325);
#1165=LINE('',#2747,#1326);
#1166=LINE('',#2751,#1327);
#1167=LINE('',#2755,#1328);
#1168=LINE('',#2757,#1329);
#1169=LINE('',#2761,#1330);
#1170=LINE('',#2765,#1331);
#1171=LINE('',#2767,#1332);
#1172=LINE('',#2769,#1333);
#1173=LINE('',#2772,#1334);
#1174=LINE('',#2774,#1335);
#1175=LINE('',#2776,#1336);
#1176=LINE('',#2778,#1337);
#1177=LINE('',#2782,#1338);
#1178=LINE('',#2785,#1339);
#1179=LINE('',#2789,#1340);
#1180=LINE('',#2791,#1341);
#1181=LINE('',#2795,#1342);
#1182=LINE('',#2797,#1343);
#1183=LINE('',#2799,#1344);
#1184=LINE('',#2801,#1345);
#1185=LINE('',#2802,#1346);
#1186=LINE('',#2806,#1347);
#1187=LINE('',#2811,#1348);
#1188=LINE('',#2814,#1349);
#1189=LINE('',#2816,#1350);
#1190=LINE('',#2818,#1351);
#1191=LINE('',#2820,#1352);
#1192=LINE('',#2824,#1353);
#1193=LINE('',#2826,#1354);
#1194=LINE('',#2828,#1355);
#1195=LINE('',#2832,#1356);
#1196=LINE('',#2834,#1357);
#1197=LINE('',#2838,#1358);
#1198=LINE('',#2842,#1359);
#1199=LINE('',#2844,#1360);
#1200=LINE('',#2846,#1361);
#1201=LINE('',#2849,#1362);
#1202=LINE('',#2850,#1363);
#1203=LINE('',#2851,#1364);
#1204=LINE('',#2865,#1365);
#1205=LINE('',#2867,#1366);
#1206=LINE('',#2869,#1367);
#1207=LINE('',#2870,#1368);
#1208=LINE('',#2872,#1369);
#1209=LINE('',#2874,#1370);
#1210=LINE('',#2876,#1371);
#1211=LINE('',#2877,#1372);
#1212=LINE('',#2878,#1373);
#1213=LINE('',#2880,#1374);
#1214=LINE('',#2884,#1375);
#1215=LINE('',#2887,#1376);
#1216=LINE('',#2888,#1377);
#1217=LINE('',#2890,#1378);
#1218=LINE('',#2891,#1379);
#1219=LINE('',#2917,#1380);
#1220=LINE('',#2918,#1381);
#1221=LINE('',#2920,#1382);
#1222=LINE('',#2922,#1383);
#1223=LINE('',#2927,#1384);
#1224=LINE('',#2929,#1385);
#1225=LINE('',#2932,#1386);
#1226=LINE('',#2933,#1387);
#1227=LINE('',#2935,#1388);
#1228=LINE('',#2937,#1389);
#1229=LINE('',#2939,#1390);
#1230=LINE('',#2940,#1391);
#1231=LINE('',#2947,#1392);
#1232=LINE('',#2949,#1393);
#1233=LINE('',#2952,#1394);
#1234=LINE('',#2953,#1395);
#1235=LINE('',#2956,#1396);
#1236=LINE('',#2957,#1397);
#1237=LINE('',#2959,#1398);
#1238=LINE('',#2961,#1399);
#1239=LINE('',#2963,#1400);
#1240=LINE('',#2965,#1401);
#1241=LINE('',#2967,#1402);
#1242=LINE('',#2968,#1403);
#1243=LINE('',#2973,#1404);
#1244=LINE('',#2975,#1405);
#1245=LINE('',#2976,#1406);
#1246=LINE('',#2977,#1407);
#1247=LINE('',#2982,#1408);
#1248=LINE('',#2983,#1409);
#1249=LINE('',#2985,#1410);
#1250=LINE('',#2986,#1411);
#1251=LINE('',#2990,#1412);
#1252=LINE('',#2992,#1413);
#1253=LINE('',#2994,#1414);
#1254=LINE('',#2998,#1415);
#1255=LINE('',#3000,#1416);
#1256=LINE('',#3001,#1417);
#1257=LINE('',#3003,#1418);
#1258=LINE('',#3004,#1419);
#1259=LINE('',#3008,#1420);
#1260=LINE('',#3010,#1421);
#1261=LINE('',#3012,#1422);
#1262=LINE('',#3016,#1423);
#1263=LINE('',#3018,#1424);
#1264=LINE('',#3019,#1425);
#1265=LINE('',#3021,#1426);
#1266=LINE('',#3023,#1427);
#1267=LINE('',#3024,#1428);
#1268=LINE('',#3028,#1429);
#1269=LINE('',#3031,#1430);
#1270=LINE('',#3033,#1431);
#1271=LINE('',#3036,#1432);
#1272=LINE('',#3038,#1433);
#1273=LINE('',#3041,#1434);
#1274=LINE('',#3043,#1435);
#1275=LINE('',#3047,#1436);
#1276=LINE('',#3049,#1437);
#1277=VECTOR('',#1969,1000.);
#1278=VECTOR('',#1972,1000.);
#1279=VECTOR('',#1973,1000.);
#1280=VECTOR('',#1974,1000.);
#1281=VECTOR('',#1977,1000.);
#1282=VECTOR('',#1980,1000.);
#1283=VECTOR('',#1987,1000.);
#1284=VECTOR('',#1990,1000.);
#1285=VECTOR('',#1993,1000.);
#1286=VECTOR('',#1996,1000.);
#1287=VECTOR('',#1997,1000.);
#1288=VECTOR('',#1998,1000.);
#1289=VECTOR('',#2001,1000.);
#1290=VECTOR('',#2004,1000.);
#1291=VECTOR('',#2007,1000.);
#1292=VECTOR('',#2012,1000.);
#1293=VECTOR('',#2013,1000.);
#1294=VECTOR('',#2014,1000.);
#1295=VECTOR('',#2015,1000.);
#1296=VECTOR('',#2016,1000.);
#1297=VECTOR('',#2017,1000.);
#1298=VECTOR('',#2020,1000.);
#1299=VECTOR('',#2021,1000.);
#1300=VECTOR('',#2022,1000.);
#1301=VECTOR('',#2023,1000.);
#1302=VECTOR('',#2024,1000.);
#1303=VECTOR('',#2025,1000.);
#1304=VECTOR('',#2028,1000.);
#1305=VECTOR('',#2031,1000.);
#1306=VECTOR('',#2052,1000.);
#1307=VECTOR('',#2055,1000.);
#1308=VECTOR('',#2058,1000.);
#1309=VECTOR('',#2061,1000.);
#1310=VECTOR('',#2064,1000.);
#1311=VECTOR('',#2081,1000.);
#1312=VECTOR('',#2084,1000.);
#1313=VECTOR('',#2087,1000.);
#1314=VECTOR('',#2090,1000.);
#1315=VECTOR('',#2099,1000.);
#1316=VECTOR('',#2102,1000.);
#1317=VECTOR('',#2105,1000.);
#1318=VECTOR('',#2108,1000.);
#1319=VECTOR('',#2109,1000.);
#1320=VECTOR('',#2112,1000.);
#1321=VECTOR('',#2117,1000.);
#1322=VECTOR('',#2118,1000.);
#1323=VECTOR('',#2119,1000.);
#1324=VECTOR('',#2120,1000.);
#1325=VECTOR('',#2121,1000.);
#1326=VECTOR('',#2126,1000.);
#1327=VECTOR('',#2129,1000.);
#1328=VECTOR('',#2132,1000.);
#1329=VECTOR('',#2135,1000.);
#1330=VECTOR('',#2138,1000.);
#1331=VECTOR('',#2143,1000.);
#1332=VECTOR('',#2144,1000.);
#1333=VECTOR('',#2145,1000.);
#1334=VECTOR('',#2150,1000.);
#1335=VECTOR('',#2153,1000.);
#1336=VECTOR('',#2154,1000.);
#1337=VECTOR('',#2155,1000.);
#1338=VECTOR('',#2160,1000.);
#1339=VECTOR('',#2163,1000.);
#1340=VECTOR('',#2166,1000.);
#1341=VECTOR('',#2167,1000.);
#1342=VECTOR('',#2170,1000.);
#1343=VECTOR('',#2171,1000.);
#1344=VECTOR('',#2172,1000.);
#1345=VECTOR('',#2175,1000.);
#1346=VECTOR('',#2176,1000.);
#1347=VECTOR('',#2181,1000.);
#1348=VECTOR('',#2188,1000.);
#1349=VECTOR('',#2193,1000.);
#1350=VECTOR('',#2194,1000.);
#1351=VECTOR('',#2195,1000.);
#1352=VECTOR('',#2198,1000.);
#1353=VECTOR('',#2201,1000.);
#1354=VECTOR('',#2204,1000.);
#1355=VECTOR('',#2205,1000.);
#1356=VECTOR('',#2208,1000.);
#1357=VECTOR('',#2209,1000.);
#1358=VECTOR('',#2212,1000.);
#1359=VECTOR('',#2215,1000.);
#1360=VECTOR('',#2216,1000.);
#1361=VECTOR('',#2219,1000.);
#1362=VECTOR('',#2220,1000.);
#1363=VECTOR('',#2221,1000.);
#1364=VECTOR('',#2222,1000.);
#1365=VECTOR('',#2227,1000.);
#1366=VECTOR('',#2230,1000.);
#1367=VECTOR('',#2231,1000.);
#1368=VECTOR('',#2232,1000.);
#1369=VECTOR('',#2235,1000.);
#1370=VECTOR('',#2236,1000.);
#1371=VECTOR('',#2237,1000.);
#1372=VECTOR('',#2238,1000.);
#1373=VECTOR('',#2239,1000.);
#1374=VECTOR('',#2242,1000.);
#1375=VECTOR('',#2247,1000.);
#1376=VECTOR('',#2252,1000.);
#1377=VECTOR('',#2253,1000.);
#1378=VECTOR('',#2256,1000.);
#1379=VECTOR('',#2257,1000.);
#1380=VECTOR('',#2300,1000.);
#1381=VECTOR('',#2301,1000.);
#1382=VECTOR('',#2304,1000.);
#1383=VECTOR('',#2307,1000.);
#1384=VECTOR('',#2316,1000.);
#1385=VECTOR('',#2317,1000.);
#1386=VECTOR('',#2322,1000.);
#1387=VECTOR('',#2323,1000.);
#1388=VECTOR('',#2326,1000.);
#1389=VECTOR('',#2329,1000.);
#1390=VECTOR('',#2332,1000.);
#1391=VECTOR('',#2333,1000.);
#1392=VECTOR('',#2346,1000.);
#1393=VECTOR('',#2349,1000.);
#1394=VECTOR('',#2354,1000.);
#1395=VECTOR('',#2355,1000.);
#1396=VECTOR('',#2360,1000.);
#1397=VECTOR('',#2361,1000.);
#1398=VECTOR('',#2364,1000.);
#1399=VECTOR('',#2367,1000.);
#1400=VECTOR('',#2370,1000.);
#1401=VECTOR('',#2373,1000.);
#1402=VECTOR('',#2376,1000.);
#1403=VECTOR('',#2377,1000.);
#1404=VECTOR('',#2386,1000.);
#1405=VECTOR('',#2389,1000.);
#1406=VECTOR('',#2390,1000.);
#1407=VECTOR('',#2391,1000.);
#1408=VECTOR('',#2400,1000.);
#1409=VECTOR('',#2401,1000.);
#1410=VECTOR('',#2404,1000.);
#1411=VECTOR('',#2405,1000.);
#1412=VECTOR('',#2408,1000.);
#1413=VECTOR('',#2411,1000.);
#1414=VECTOR('',#2414,1000.);
#1415=VECTOR('',#2417,1000.);
#1416=VECTOR('',#2420,1000.);
#1417=VECTOR('',#2421,1000.);
#1418=VECTOR('',#2424,1000.);
#1419=VECTOR('',#2425,1000.);
#1420=VECTOR('',#2428,1000.);
#1421=VECTOR('',#2431,1000.);
#1422=VECTOR('',#2434,1000.);
#1423=VECTOR('',#2437,1000.);
#1424=VECTOR('',#2440,1000.);
#1425=VECTOR('',#2441,1000.);
#1426=VECTOR('',#2444,1000.);
#1427=VECTOR('',#2447,1000.);
#1428=VECTOR('',#2448,1000.);
#1429=VECTOR('',#2451,1000.);
#1430=VECTOR('',#2456,1000.);
#1431=VECTOR('',#2459,1000.);
#1432=VECTOR('',#2464,1000.);
#1433=VECTOR('',#2467,1000.);
#1434=VECTOR('',#2472,1000.);
#1435=VECTOR('',#2473,1000.);
#1436=VECTOR('',#2478,1000.);
#1437=VECTOR('',#2481,1000.);
#1438=EDGE_LOOP('',(#176,#177,#178,#179,#180,#181,#182,#183,#184,#185,#186,
#187,#188,#189,#190,#191,#192,#193,#194,#195,#196,#197,#198,#199,#200,#201));
#1439=EDGE_LOOP('',(#202,#203,#204,#205));
#1440=EDGE_LOOP('',(#206,#207,#208,#209,#210,#211,#212,#213,#214,#215,#216,
#217,#218,#219));
#1441=EDGE_LOOP('',(#220,#221,#222,#223));
#1442=EDGE_LOOP('',(#224,#225,#226,#227,#228,#229,#230,#231,#232,#233,#234,
#235,#236,#237,#238,#239,#240,#241,#242,#243,#244,#245,#246,#247,#248,#249,
#250,#251,#252,#253,#254,#255,#256,#257,#258,#259,#260,#261,#262,#263,#264,
#265));
#1443=EDGE_LOOP('',(#266,#267,#268,#269));
#1444=EDGE_LOOP('',(#270,#271,#272,#273));
#1445=EDGE_LOOP('',(#274,#275,#276,#277));
#1446=EDGE_LOOP('',(#278,#279,#280,#281,#282,#283));
#1447=EDGE_LOOP('',(#284,#285,#286,#287,#288,#289));
#1448=EDGE_LOOP('',(#290,#291,#292,#293));
#1449=EDGE_LOOP('',(#294));
#1450=EDGE_LOOP('',(#295,#296,#297,#298,#299,#300));
#1451=EDGE_LOOP('',(#301,#302,#303));
#1452=EDGE_LOOP('',(#304,#305,#306,#307,#308));
#1453=EDGE_LOOP('',(#309,#310,#311,#312,#313,#314,#315,#316,#317,#318,#319,
#320));
#1454=EDGE_LOOP('',(#321,#322,#323,#324,#325));
#1455=EDGE_LOOP('',(#326));
#1456=EDGE_LOOP('',(#327,#328,#329,#330));
#1457=EDGE_LOOP('',(#331));
#1458=EDGE_LOOP('',(#332,#333,#334,#335));
#1459=EDGE_LOOP('',(#336,#337,#338,#339));
#1460=EDGE_LOOP('',(#340,#341,#342,#343));
#1461=EDGE_LOOP('',(#344,#345,#346,#347,#348,#349,#350,#351,#352,#353,#354));
#1462=EDGE_LOOP('',(#355,#356,#357,#358,#359,#360));
#1463=EDGE_LOOP('',(#361,#362,#363,#364,#365));
#1464=EDGE_LOOP('',(#366,#367,#368,#369,#370));
#1465=EDGE_LOOP('',(#371,#372,#373,#374,#375,#376,#377,#378,#379,#380));
#1466=EDGE_LOOP('',(#381,#382,#383,#384));
#1467=EDGE_LOOP('',(#385));
#1468=EDGE_LOOP('',(#386,#387,#388,#389));
#1469=EDGE_LOOP('',(#390,#391,#392,#393));
#1470=EDGE_LOOP('',(#394,#395,#396,#397));
#1471=EDGE_LOOP('',(#398));
#1472=EDGE_LOOP('',(#399,#400,#401));
#1473=EDGE_LOOP('',(#402,#403,#404,#405));
#1474=EDGE_LOOP('',(#406,#407,#408,#409));
#1475=EDGE_LOOP('',(#410));
#1476=EDGE_LOOP('',(#411));
#1477=EDGE_LOOP('',(#412));
#1478=EDGE_LOOP('',(#413));
#1479=EDGE_LOOP('',(#414,#415,#416));
#1480=EDGE_LOOP('',(#417));
#1481=EDGE_LOOP('',(#418));
#1482=EDGE_LOOP('',(#419,#420,#421));
#1483=EDGE_LOOP('',(#422,#423,#424,#425));
#1484=EDGE_LOOP('',(#426,#427,#428,#429));
#1485=EDGE_LOOP('',(#430));
#1486=EDGE_LOOP('',(#431));
#1487=EDGE_LOOP('',(#432));
#1488=EDGE_LOOP('',(#433));
#1489=EDGE_LOOP('',(#434,#435,#436));
#1490=EDGE_LOOP('',(#437));
#1491=EDGE_LOOP('',(#438,#439,#440,#441));
#1492=EDGE_LOOP('',(#442,#443,#444,#445));
#1493=EDGE_LOOP('',(#446,#447,#448,#449));
#1494=EDGE_LOOP('',(#450,#451,#452,#453));
#1495=EDGE_LOOP('',(#454,#455,#456,#457));
#1496=EDGE_LOOP('',(#458,#459,#460,#461));
#1497=EDGE_LOOP('',(#462,#463,#464,#465,#466,#467));
#1498=EDGE_LOOP('',(#468,#469,#470,#471));
#1499=EDGE_LOOP('',(#472,#473,#474,#475));
#1500=EDGE_LOOP('',(#476,#477,#478,#479));
#1501=EDGE_LOOP('',(#480,#481,#482,#483));
#1502=EDGE_LOOP('',(#484,#485,#486,#487,#488));
#1503=EDGE_LOOP('',(#489,#490,#491,#492,#493,#494));
#1504=EDGE_LOOP('',(#495,#496,#497,#498));
#1505=EDGE_LOOP('',(#499,#500,#501,#502));
#1506=EDGE_LOOP('',(#503,#504,#505));
#1507=EDGE_LOOP('',(#506,#507,#508));
#1508=EDGE_LOOP('',(#509,#510,#511,#512));
#1509=EDGE_LOOP('',(#513,#514,#515,#516,#517,#518,#519));
#1510=EDGE_LOOP('',(#520,#521,#522,#523,#524,#525));
#1511=EDGE_LOOP('',(#526,#527,#528,#529));
#1512=EDGE_LOOP('',(#530,#531,#532,#533));
#1513=EDGE_LOOP('',(#534,#535,#536,#537));
#1514=EDGE_LOOP('',(#538,#539,#540,#541));
#1515=EDGE_LOOP('',(#542,#543,#544,#545));
#1516=EDGE_LOOP('',(#546,#547,#548,#549));
#1517=EDGE_LOOP('',(#550,#551,#552,#553,#554));
#1518=EDGE_LOOP('',(#555,#556,#557,#558));
#1519=EDGE_LOOP('',(#559,#560,#561,#562,#563));
#1520=EDGE_LOOP('',(#564,#565,#566,#567));
#1521=EDGE_LOOP('',(#568,#569,#570,#571));
#1522=EDGE_LOOP('',(#572,#573,#574,#575,#576,#577,#578,#579,#580));
#1523=EDGE_LOOP('',(#581,#582,#583,#584));
#1524=EDGE_LOOP('',(#585,#586,#587));
#1525=EDGE_LOOP('',(#588,#589,#590,#591));
#1526=EDGE_LOOP('',(#592,#593,#594,#595));
#1527=EDGE_LOOP('',(#596,#597,#598,#599,#600,#601));
#1528=EDGE_LOOP('',(#602,#603,#604,#605));
#1529=EDGE_LOOP('',(#606,#607,#608,#609,#610,#611));
#1530=EDGE_LOOP('',(#612,#613,#614,#615));
#1531=EDGE_LOOP('',(#616,#617,#618,#619,#620,#621));
#1532=EDGE_LOOP('',(#622,#623,#624,#625));
#1533=EDGE_LOOP('',(#626,#627,#628,#629,#630,#631));
#1534=EDGE_LOOP('',(#632,#633,#634,#635));
#1535=EDGE_LOOP('',(#636,#637,#638,#639));
#1536=EDGE_LOOP('',(#640,#641,#642,#643,#644,#645));
#1537=EDGE_LOOP('',(#646,#647,#648,#649));
#1538=EDGE_LOOP('',(#650,#651,#652,#653));
#1539=EDGE_LOOP('',(#654,#655,#656,#657));
#1540=EDGE_LOOP('',(#658,#659,#660,#661));
#1541=EDGE_LOOP('',(#662,#663,#664,#665));
#1542=EDGE_LOOP('',(#666,#667,#668,#669));
#1543=EDGE_LOOP('',(#670,#671,#672,#673));
#1544=EDGE_LOOP('',(#674,#675,#676,#677));
#1545=EDGE_LOOP('',(#678,#679,#680,#681));
#1546=EDGE_LOOP('',(#682,#683,#684,#685));
#1547=EDGE_LOOP('',(#686,#687,#688,#689));
#1548=FACE_BOUND('',#1438,.T.);
#1549=FACE_BOUND('',#1439,.T.);
#1550=FACE_BOUND('',#1440,.T.);
#1551=FACE_BOUND('',#1441,.T.);
#1552=FACE_BOUND('',#1442,.T.);
#1553=FACE_BOUND('',#1443,.T.);
#1554=FACE_BOUND('',#1444,.T.);
#1555=FACE_BOUND('',#1445,.T.);
#1556=FACE_BOUND('',#1446,.T.);
#1557=FACE_BOUND('',#1447,.T.);
#1558=FACE_BOUND('',#1448,.T.);
#1559=FACE_BOUND('',#1449,.T.);
#1560=FACE_BOUND('',#1450,.T.);
#1561=FACE_BOUND('',#1451,.T.);
#1562=FACE_BOUND('',#1452,.T.);
#1563=FACE_BOUND('',#1453,.T.);
#1564=FACE_BOUND('',#1454,.T.);
#1565=FACE_BOUND('',#1455,.T.);
#1566=FACE_BOUND('',#1456,.T.);
#1567=FACE_BOUND('',#1457,.T.);
#1568=FACE_BOUND('',#1458,.T.);
#1569=FACE_BOUND('',#1459,.T.);
#1570=FACE_BOUND('',#1460,.T.);
#1571=FACE_BOUND('',#1461,.T.);
#1572=FACE_BOUND('',#1462,.T.);
#1573=FACE_BOUND('',#1463,.T.);
#1574=FACE_BOUND('',#1464,.T.);
#1575=FACE_BOUND('',#1465,.T.);
#1576=FACE_BOUND('',#1466,.T.);
#1577=FACE_BOUND('',#1467,.T.);
#1578=FACE_BOUND('',#1468,.T.);
#1579=FACE_BOUND('',#1469,.T.);
#1580=FACE_BOUND('',#1470,.T.);
#1581=FACE_BOUND('',#1471,.T.);
#1582=FACE_BOUND('',#1472,.T.);
#1583=FACE_BOUND('',#1473,.T.);
#1584=FACE_BOUND('',#1474,.T.);
#1585=FACE_BOUND('',#1475,.T.);
#1586=FACE_BOUND('',#1476,.T.);
#1587=FACE_BOUND('',#1477,.T.);
#1588=FACE_BOUND('',#1478,.T.);
#1589=FACE_BOUND('',#1479,.T.);
#1590=FACE_BOUND('',#1480,.T.);
#1591=FACE_BOUND('',#1481,.T.);
#1592=FACE_BOUND('',#1482,.T.);
#1593=FACE_BOUND('',#1483,.T.);
#1594=FACE_BOUND('',#1484,.T.);
#1595=FACE_BOUND('',#1485,.T.);
#1596=FACE_BOUND('',#1486,.T.);
#1597=FACE_BOUND('',#1487,.T.);
#1598=FACE_BOUND('',#1488,.T.);
#1599=FACE_BOUND('',#1489,.T.);
#1600=FACE_BOUND('',#1490,.T.);
#1601=FACE_BOUND('',#1491,.T.);
#1602=FACE_BOUND('',#1492,.T.);
#1603=FACE_BOUND('',#1493,.T.);
#1604=FACE_BOUND('',#1494,.T.);
#1605=FACE_BOUND('',#1495,.T.);
#1606=FACE_BOUND('',#1496,.T.);
#1607=FACE_BOUND('',#1497,.T.);
#1608=FACE_BOUND('',#1498,.T.);
#1609=FACE_BOUND('',#1499,.T.);
#1610=FACE_BOUND('',#1500,.T.);
#1611=FACE_BOUND('',#1501,.T.);
#1612=FACE_BOUND('',#1502,.T.);
#1613=FACE_BOUND('',#1503,.T.);
#1614=FACE_BOUND('',#1504,.T.);
#1615=FACE_BOUND('',#1505,.T.);
#1616=FACE_BOUND('',#1506,.T.);
#1617=FACE_BOUND('',#1507,.T.);
#1618=FACE_BOUND('',#1508,.T.);
#1619=FACE_BOUND('',#1509,.T.);
#1620=FACE_BOUND('',#1510,.T.);
#1621=FACE_BOUND('',#1511,.T.);
#1622=FACE_BOUND('',#1512,.T.);
#1623=FACE_BOUND('',#1513,.T.);
#1624=FACE_BOUND('',#1514,.T.);
#1625=FACE_BOUND('',#1515,.T.);
#1626=FACE_BOUND('',#1516,.T.);
#1627=FACE_BOUND('',#1517,.T.);
#1628=FACE_BOUND('',#1518,.T.);
#1629=FACE_BOUND('',#1519,.T.);
#1630=FACE_BOUND('',#1520,.T.);
#1631=FACE_BOUND('',#1521,.T.);
#1632=FACE_BOUND('',#1522,.T.);
#1633=FACE_BOUND('',#1523,.T.);
#1634=FACE_BOUND('',#1524,.T.);
#1635=FACE_BOUND('',#1525,.T.);
#1636=FACE_BOUND('',#1526,.T.);
#1637=FACE_BOUND('',#1527,.T.);
#1638=FACE_BOUND('',#1528,.T.);
#1639=FACE_BOUND('',#1529,.T.);
#1640=FACE_BOUND('',#1530,.T.);
#1641=FACE_BOUND('',#1531,.T.);
#1642=FACE_BOUND('',#1532,.T.);
#1643=FACE_BOUND('',#1533,.T.);
#1644=FACE_BOUND('',#1534,.T.);
#1645=FACE_BOUND('',#1535,.T.);
#1646=FACE_BOUND('',#1536,.T.);
#1647=FACE_BOUND('',#1537,.T.);
#1648=FACE_BOUND('',#1538,.T.);
#1649=FACE_BOUND('',#1539,.T.);
#1650=FACE_BOUND('',#1540,.T.);
#1651=FACE_BOUND('',#1541,.T.);
#1652=FACE_BOUND('',#1542,.T.);
#1653=FACE_BOUND('',#1543,.T.);
#1654=FACE_BOUND('',#1544,.T.);
#1655=FACE_BOUND('',#1545,.T.);
#1656=FACE_BOUND('',#1546,.T.);
#1657=FACE_BOUND('',#1547,.T.);
#1658=CYLINDRICAL_SURFACE('',#1787,40.005);
#1659=CYLINDRICAL_SURFACE('',#1803,36.195);
#1660=CYLINDRICAL_SURFACE('',#1841,2.15);
#1661=CYLINDRICAL_SURFACE('',#1844,2.15);
#1662=CYLINDRICAL_SURFACE('',#1871,36.195);
#1663=CYLINDRICAL_SURFACE('',#1875,9.94148605018853);
#1664=CYLINDRICAL_SURFACE('',#1884,6.35);
#1665=CYLINDRICAL_SURFACE('',#1886,6.35);
#1666=CYLINDRICAL_SURFACE('',#1887,3.175);
#1667=CYLINDRICAL_SURFACE('',#1888,3.175);
#1668=CYLINDRICAL_SURFACE('',#1894,6.35);
#1669=CYLINDRICAL_SURFACE('',#1895,6.35);
#1670=CYLINDRICAL_SURFACE('',#1897,3.175);
#1671=CYLINDRICAL_SURFACE('',#1899,3.175);
#1672=CYLINDRICAL_SURFACE('',#1905,9.94148605018853);
#1673=CYLINDRICAL_SURFACE('',#1913,0.2);
#1674=CYLINDRICAL_SURFACE('',#1915,0.199598621548912);
#1675=CYLINDRICAL_SURFACE('',#1916,2.15);
#1676=CYLINDRICAL_SURFACE('',#1929,0.199598621548917);
#1677=CYLINDRICAL_SURFACE('',#1930,0.2);
#1678=CYLINDRICAL_SURFACE('',#1931,2.15);
#1679=CYLINDRICAL_SURFACE('',#1955,38.1);
#1680=CYLINDRICAL_SURFACE('',#1958,38.1);
#1681=CYLINDRICAL_SURFACE('',#1961,38.1);
#1682=ADVANCED_FACE('',(#1548,#1549,#1550),#1658,.T.);
#1683=ADVANCED_FACE('',(#1551,#1552,#1553,#1554,#1555),#1659,.F.);
#1684=ADVANCED_FACE('',(#1556),#12,.F.);
#1685=ADVANCED_FACE('',(#1557),#1660,.F.);
#1686=ADVANCED_FACE('',(#1558),#1661,.F.);
#1687=ADVANCED_FACE('',(#1559,#1560),#13,.T.);
#1688=ADVANCED_FACE('',(#1561),#14,.F.);
#1689=ADVANCED_FACE('',(#1562),#15,.F.);
#1690=ADVANCED_FACE('',(#1563),#16,.T.);
#1691=ADVANCED_FACE('',(#1564),#17,.F.);
#1692=ADVANCED_FACE('',(#1565,#1566),#18,.T.);
#1693=ADVANCED_FACE('',(#1567,#1568),#19,.F.);
#1694=ADVANCED_FACE('',(#1569),#20,.F.);
#1695=ADVANCED_FACE('',(#1570),#21,.F.);
#1696=ADVANCED_FACE('',(#1571),#22,.T.);
#1697=ADVANCED_FACE('',(#1572),#23,.F.);
#1698=ADVANCED_FACE('',(#1573),#1662,.F.);
#1699=ADVANCED_FACE('',(#1574),#24,.F.);
#1700=ADVANCED_FACE('',(#1575),#25,.T.);
#1701=ADVANCED_FACE('',(#1576),#1663,.T.);
#1702=ADVANCED_FACE('',(#1577,#1578),#26,.F.);
#1703=ADVANCED_FACE('',(#1579),#27,.T.);
#1704=ADVANCED_FACE('',(#1580),#28,.F.);
#1705=ADVANCED_FACE('',(#1581,#1582),#29,.F.);
#1706=ADVANCED_FACE('',(#1583),#1664,.T.);
#1707=ADVANCED_FACE('',(#1584),#1665,.T.);
#1708=ADVANCED_FACE('',(#1585,#1586),#1666,.F.);
#1709=ADVANCED_FACE('',(#1587,#1588),#1667,.F.);
#1710=ADVANCED_FACE('',(#1589,#1590),#30,.F.);
#1711=ADVANCED_FACE('',(#1591,#1592),#31,.T.);
#1712=ADVANCED_FACE('',(#1593),#1668,.T.);
#1713=ADVANCED_FACE('',(#1594),#1669,.T.);
#1714=ADVANCED_FACE('',(#1595,#1596),#1670,.F.);
#1715=ADVANCED_FACE('',(#1597,#1598),#1671,.F.);
#1716=ADVANCED_FACE('',(#1599,#1600),#32,.T.);
#1717=ADVANCED_FACE('',(#1601),#33,.F.);
#1718=ADVANCED_FACE('',(#1602),#34,.F.);
#1719=ADVANCED_FACE('',(#1603),#35,.T.);
#1720=ADVANCED_FACE('',(#1604),#36,.T.);
#1721=ADVANCED_FACE('',(#1605),#1672,.T.);
#1722=ADVANCED_FACE('',(#1606),#37,.T.);
#1723=ADVANCED_FACE('',(#1607),#38,.T.);
#1724=ADVANCED_FACE('',(#1608),#39,.F.);
#1725=ADVANCED_FACE('',(#1609),#40,.F.);
#1726=ADVANCED_FACE('',(#1610),#41,.F.);
#1727=ADVANCED_FACE('',(#1611),#42,.T.);
#1728=ADVANCED_FACE('',(#1612),#43,.F.);
#1729=ADVANCED_FACE('',(#1613),#1673,.F.);
#1730=ADVANCED_FACE('',(#1614),#1674,.T.);
#1731=ADVANCED_FACE('',(#1615),#1675,.F.);
#1732=ADVANCED_FACE('',(#1616),#44,.F.);
#1733=ADVANCED_FACE('',(#1617),#45,.F.);
#1734=ADVANCED_FACE('',(#1618),#46,.T.);
#1735=ADVANCED_FACE('',(#1619),#47,.T.);
#1736=ADVANCED_FACE('',(#1620),#48,.T.);
#1737=ADVANCED_FACE('',(#1621),#49,.T.);
#1738=ADVANCED_FACE('',(#1622),#50,.F.);
#1739=ADVANCED_FACE('',(#1623),#51,.T.);
#1740=ADVANCED_FACE('',(#1624),#52,.F.);
#1741=ADVANCED_FACE('',(#1625),#53,.F.);
#1742=ADVANCED_FACE('',(#1626),#54,.T.);
#1743=ADVANCED_FACE('',(#1627),#55,.T.);
#1744=ADVANCED_FACE('',(#1628),#1676,.T.);
#1745=ADVANCED_FACE('',(#1629),#1677,.F.);
#1746=ADVANCED_FACE('',(#1630),#1678,.F.);
#1747=ADVANCED_FACE('',(#1631),#56,.T.);
#1748=ADVANCED_FACE('',(#1632),#57,.T.);
#1749=ADVANCED_FACE('',(#1633),#58,.T.);
#1750=ADVANCED_FACE('',(#1634),#59,.T.);
#1751=ADVANCED_FACE('',(#1635),#60,.T.);
#1752=ADVANCED_FACE('',(#1636),#61,.T.);
#1753=ADVANCED_FACE('',(#1637),#62,.F.);
#1754=ADVANCED_FACE('',(#1638),#63,.T.);
#1755=ADVANCED_FACE('',(#1639),#64,.T.);
#1756=ADVANCED_FACE('',(#1640),#65,.T.);
#1757=ADVANCED_FACE('',(#1641),#66,.F.);
#1758=ADVANCED_FACE('',(#1642),#67,.T.);
#1759=ADVANCED_FACE('',(#1643),#68,.T.);
#1760=ADVANCED_FACE('',(#1644),#69,.T.);
#1761=ADVANCED_FACE('',(#1645),#70,.F.);
#1762=ADVANCED_FACE('',(#1646),#71,.F.);
#1763=ADVANCED_FACE('',(#1647),#72,.T.);
#1764=ADVANCED_FACE('',(#1648),#73,.F.);
#1765=ADVANCED_FACE('',(#1649),#1679,.F.);
#1766=ADVANCED_FACE('',(#1650),#74,.F.);
#1767=ADVANCED_FACE('',(#1651),#75,.F.);
#1768=ADVANCED_FACE('',(#1652),#1680,.F.);
#1769=ADVANCED_FACE('',(#1653),#76,.F.);
#1770=ADVANCED_FACE('',(#1654),#77,.F.);
#1771=ADVANCED_FACE('',(#1655),#1681,.F.);
#1772=ADVANCED_FACE('',(#1656),#78,.F.);
#1773=ADVANCED_FACE('',(#1657),#79,.T.);
#1774=CLOSED_SHELL('',(#1682,#1683,#1684,#1685,#1686,#1687,#1688,#1689,
#1690,#1691,#1692,#1693,#1694,#1695,#1696,#1697,#1698,#1699,#1700,#1701,
#1702,#1703,#1704,#1705,#1706,#1707,#1708,#1709,#1710,#1711,#1712,#1713,
#1714,#1715,#1716,#1717,#1718,#1719,#1720,#1721,#1722,#1723,#1724,#1725,
#1726,#1727,#1728,#1729,#1730,#1731,#1732,#1733,#1734,#1735,#1736,#1737,
#1738,#1739,#1740,#1741,#1742,#1743,#1744,#1745,#1746,#1747,#1748,#1749,
#1750,#1751,#1752,#1753,#1754,#1755,#1756,#1757,#1758,#1759,#1760,#1761,
#1762,#1763,#1764,#1765,#1766,#1767,#1768,#1769,#1770,#1771,#1772,#1773));
#1775=STYLED_ITEM('',(#1776),#1783);
#1776=PRESENTATION_STYLE_ASSIGNMENT((#1777));
#1777=SURFACE_STYLE_USAGE(.BOTH.,#1778);
#1778=SURFACE_SIDE_STYLE('',(#1779));
#1779=SURFACE_STYLE_FILL_AREA(#1780);
#1780=FILL_AREA_STYLE('',(#1781));
#1781=FILL_AREA_STYLE_COLOUR('',#1782);
#1782=COLOUR_RGB('',0.917647058823529,0.917647058823529,0.917647058823529);
#1783=MANIFOLD_SOLID_BREP('Part 8',#1774);
#1784=SHAPE_DEFINITION_REPRESENTATION(#3057,#1785);
#1785=SHAPE_REPRESENTATION('Part 8',(#1786),#3052);
#1786=AXIS2_PLACEMENT_3D('',#2484,#1965,#1966);
#1787=AXIS2_PLACEMENT_3D('',#2485,#1967,#1968);
#1788=AXIS2_PLACEMENT_3D('',#2489,#1970,#1971);
#1789=AXIS2_PLACEMENT_3D('',#2497,#1975,#1976);
#1790=AXIS2_PLACEMENT_3D('',#2501,#1978,#1979);
#1791=AXIS2_PLACEMENT_3D('',#2505,#1981,#1982);
#1792=AXIS2_PLACEMENT_3D('',#2507,#1983,#1984);
#1793=AXIS2_PLACEMENT_3D('',#2514,#1985,#1986);
#1794=AXIS2_PLACEMENT_3D('',#2523,#1988,#1989);
#1795=AXIS2_PLACEMENT_3D('',#2527,#1991,#1992);
#1796=AXIS2_PLACEMENT_3D('',#2531,#1994,#1995);
#1797=AXIS2_PLACEMENT_3D('',#2539,#1999,#2000);
#1798=AXIS2_PLACEMENT_3D('',#2543,#2002,#2003);
#1799=AXIS2_PLACEMENT_3D('',#2547,#2005,#2006);
#1800=AXIS2_PLACEMENT_3D('',#2551,#2008,#2009);
#1801=AXIS2_PLACEMENT_3D('',#2552,#2010,#2011);
#1802=AXIS2_PLACEMENT_3D('',#2567,#2018,#2019);
#1803=AXIS2_PLACEMENT_3D('',#2580,#2026,#2027);
#1804=AXIS2_PLACEMENT_3D('',#2584,#2029,#2030);
#1805=AXIS2_PLACEMENT_3D('',#2588,#2032,#2033);
#1806=AXIS2_PLACEMENT_3D('',#2595,#2034,#2035);
#1807=AXIS2_PLACEMENT_3D('',#2606,#2036,#2037);
#1808=AXIS2_PLACEMENT_3D('',#2608,#2038,#2039);
#1809=AXIS2_PLACEMENT_3D('',#2610,#2040,#2041);
#1810=AXIS2_PLACEMENT_3D('',#2624,#2042,#2043);
#1811=AXIS2_PLACEMENT_3D('',#2626,#2044,#2045);
#1812=AXIS2_PLACEMENT_3D('',#2633,#2046,#2047);
#1813=AXIS2_PLACEMENT_3D('',#2635,#2048,#2049);
#1814=AXIS2_PLACEMENT_3D('',#2637,#2050,#2051);
#1815=AXIS2_PLACEMENT_3D('',#2641,#2053,#2054);
#1816=AXIS2_PLACEMENT_3D('',#2645,#2056,#2057);
#1817=AXIS2_PLACEMENT_3D('',#2649,#2059,#2060);
#1818=AXIS2_PLACEMENT_3D('',#2653,#2062,#2063);
#1819=AXIS2_PLACEMENT_3D('',#2657,#2065,#2066);
#1820=AXIS2_PLACEMENT_3D('',#2659,#2067,#2068);
#1821=AXIS2_PLACEMENT_3D('',#2661,#2069,#2070);
#1822=AXIS2_PLACEMENT_3D('',#2668,#2071,#2072);
#1823=AXIS2_PLACEMENT_3D('',#2670,#2073,#2074);
#1824=AXIS2_PLACEMENT_3D('',#2684,#2075,#2076);
#1825=AXIS2_PLACEMENT_3D('',#2686,#2077,#2078);
#1826=AXIS2_PLACEMENT_3D('',#2688,#2079,#2080);
#1827=AXIS2_PLACEMENT_3D('',#2692,#2082,#2083);
#1828=AXIS2_PLACEMENT_3D('',#2696,#2085,#2086);
#1829=AXIS2_PLACEMENT_3D('',#2700,#2088,#2089);
#1830=AXIS2_PLACEMENT_3D('',#2704,#2091,#2092);
#1831=AXIS2_PLACEMENT_3D('',#2706,#2093,#2094);
#1832=AXIS2_PLACEMENT_3D('',#2708,#2095,#2096);
#1833=AXIS2_PLACEMENT_3D('',#2709,#2097,#2098);
#1834=AXIS2_PLACEMENT_3D('',#2714,#2100,#2101);
#1835=AXIS2_PLACEMENT_3D('',#2717,#2103,#2104);
#1836=AXIS2_PLACEMENT_3D('',#2722,#2106,#2107);
#1837=AXIS2_PLACEMENT_3D('',#2728,#2110,#2111);
#1838=AXIS2_PLACEMENT_3D('',#2732,#2113,#2114);
#1839=AXIS2_PLACEMENT_3D('',#2733,#2115,#2116);
#1840=AXIS2_PLACEMENT_3D('',#2745,#2122,#2123);
#1841=AXIS2_PLACEMENT_3D('',#2746,#2124,#2125);
#1842=AXIS2_PLACEMENT_3D('',#2749,#2127,#2128);
#1843=AXIS2_PLACEMENT_3D('',#2753,#2130,#2131);
#1844=AXIS2_PLACEMENT_3D('',#2756,#2133,#2134);
#1845=AXIS2_PLACEMENT_3D('',#2759,#2136,#2137);
#1846=AXIS2_PLACEMENT_3D('',#2762,#2139,#2140);
#1847=AXIS2_PLACEMENT_3D('',#2763,#2141,#2142);
#1848=AXIS2_PLACEMENT_3D('',#2770,#2146,#2147);
#1849=AXIS2_PLACEMENT_3D('',#2771,#2148,#2149);
#1850=AXIS2_PLACEMENT_3D('',#2773,#2151,#2152);
#1851=AXIS2_PLACEMENT_3D('',#2780,#2156,#2157);
#1852=AXIS2_PLACEMENT_3D('',#2781,#2158,#2159);
#1853=AXIS2_PLACEMENT_3D('',#2783,#2161,#2162);
#1854=AXIS2_PLACEMENT_3D('',#2787,#2164,#2165);
#1855=AXIS2_PLACEMENT_3D('',#2793,#2168,#2169);
#1856=AXIS2_PLACEMENT_3D('',#2800,#2173,#2174);
#1857=AXIS2_PLACEMENT_3D('',#2803,#2177,#2178);
#1858=AXIS2_PLACEMENT_3D('',#2804,#2179,#2180);
#1859=AXIS2_PLACEMENT_3D('',#2807,#2182,#2183);
#1860=AXIS2_PLACEMENT_3D('',#2808,#2184,#2185);
#1861=AXIS2_PLACEMENT_3D('',#2809,#2186,#2187);
#1862=AXIS2_PLACEMENT_3D('',#2812,#2189,#2190);
#1863=AXIS2_PLACEMENT_3D('',#2813,#2191,#2192);
#1864=AXIS2_PLACEMENT_3D('',#2819,#2196,#2197);
#1865=AXIS2_PLACEMENT_3D('',#2822,#2199,#2200);
#1866=AXIS2_PLACEMENT_3D('',#2825,#2202,#2203);
#1867=AXIS2_PLACEMENT_3D('',#2830,#2206,#2207);
#1868=AXIS2_PLACEMENT_3D('',#2836,#2210,#2211);
#1869=AXIS2_PLACEMENT_3D('',#2840,#2213,#2214);
#1870=AXIS2_PLACEMENT_3D('',#2845,#2217,#2218);
#1871=AXIS2_PLACEMENT_3D('',#2852,#2223,#2224);
#1872=AXIS2_PLACEMENT_3D('',#2858,#2225,#2226);
#1873=AXIS2_PLACEMENT_3D('',#2866,#2228,#2229);
#1874=AXIS2_PLACEMENT_3D('',#2871,#2233,#2234);
#1875=AXIS2_PLACEMENT_3D('',#2879,#2240,#2241);
#1876=AXIS2_PLACEMENT_3D('',#2881,#2243,#2244);
#1877=AXIS2_PLACEMENT_3D('',#2882,#2245,#2246);
#1878=AXIS2_PLACEMENT_3D('',#2885,#2248,#2249);
#1879=AXIS2_PLACEMENT_3D('',#2886,#2250,#2251);
#1880=AXIS2_PLACEMENT_3D('',#2889,#2254,#2255);
#1881=AXIS2_PLACEMENT_3D('',#2892,#2258,#2259);
#1882=AXIS2_PLACEMENT_3D('',#2893,#2260,#2261);
#1883=AXIS2_PLACEMENT_3D('',#2895,#2262,#2263);
#1884=AXIS2_PLACEMENT_3D('',#2896,#2264,#2265);
#1885=AXIS2_PLACEMENT_3D('',#2897,#2266,#2267);
#1886=AXIS2_PLACEMENT_3D('',#2898,#2268,#2269);
#1887=AXIS2_PLACEMENT_3D('',#2899,#2270,#2271);
#1888=AXIS2_PLACEMENT_3D('',#2900,#2272,#2273);
#1889=AXIS2_PLACEMENT_3D('',#2901,#2274,#2275);
#1890=AXIS2_PLACEMENT_3D('',#2903,#2276,#2277);
#1891=AXIS2_PLACEMENT_3D('',#2904,#2278,#2279);
#1892=AXIS2_PLACEMENT_3D('',#2905,#2280,#2281);
#1893=AXIS2_PLACEMENT_3D('',#2907,#2282,#2283);
#1894=AXIS2_PLACEMENT_3D('',#2908,#2284,#2285);
#1895=AXIS2_PLACEMENT_3D('',#2909,#2286,#2287);
#1896=AXIS2_PLACEMENT_3D('',#2910,#2288,#2289);
#1897=AXIS2_PLACEMENT_3D('',#2911,#2290,#2291);
#1898=AXIS2_PLACEMENT_3D('',#2912,#2292,#2293);
#1899=AXIS2_PLACEMENT_3D('',#2914,#2294,#2295);
#1900=AXIS2_PLACEMENT_3D('',#2915,#2296,#2297);
#1901=AXIS2_PLACEMENT_3D('',#2916,#2298,#2299);
#1902=AXIS2_PLACEMENT_3D('',#2919,#2302,#2303);
#1903=AXIS2_PLACEMENT_3D('',#2921,#2305,#2306);
#1904=AXIS2_PLACEMENT_3D('',#2923,#2308,#2309);
#1905=AXIS2_PLACEMENT_3D('',#2924,#2310,#2311);
#1906=AXIS2_PLACEMENT_3D('',#2925,#2312,#2313);
#1907=AXIS2_PLACEMENT_3D('',#2926,#2314,#2315);
#1908=AXIS2_PLACEMENT_3D('',#2930,#2318,#2319);
#1909=AXIS2_PLACEMENT_3D('',#2931,#2320,#2321);
#1910=AXIS2_PLACEMENT_3D('',#2934,#2324,#2325);
#1911=AXIS2_PLACEMENT_3D('',#2936,#2327,#2328);
#1912=AXIS2_PLACEMENT_3D('',#2938,#2330,#2331);
#1913=AXIS2_PLACEMENT_3D('',#2941,#2334,#2335);
#1914=AXIS2_PLACEMENT_3D('',#2942,#2336,#2337);
#1915=AXIS2_PLACEMENT_3D('',#2943,#2338,#2339);
#1916=AXIS2_PLACEMENT_3D('',#2944,#2340,#2341);
#1917=AXIS2_PLACEMENT_3D('',#2945,#2342,#2343);
#1918=AXIS2_PLACEMENT_3D('',#2946,#2344,#2345);
#1919=AXIS2_PLACEMENT_3D('',#2948,#2347,#2348);
#1920=AXIS2_PLACEMENT_3D('',#2950,#2350,#2351);
#1921=AXIS2_PLACEMENT_3D('',#2951,#2352,#2353);
#1922=AXIS2_PLACEMENT_3D('',#2954,#2356,#2357);
#1923=AXIS2_PLACEMENT_3D('',#2955,#2358,#2359);
#1924=AXIS2_PLACEMENT_3D('',#2958,#2362,#2363);
#1925=AXIS2_PLACEMENT_3D('',#2960,#2365,#2366);
#1926=AXIS2_PLACEMENT_3D('',#2962,#2368,#2369);
#1927=AXIS2_PLACEMENT_3D('',#2964,#2371,#2372);
#1928=AXIS2_PLACEMENT_3D('',#2966,#2374,#2375);
#1929=AXIS2_PLACEMENT_3D('',#2969,#2378,#2379);
#1930=AXIS2_PLACEMENT_3D('',#2970,#2380,#2381);
#1931=AXIS2_PLACEMENT_3D('',#2971,#2382,#2383);
#1932=AXIS2_PLACEMENT_3D('',#2972,#2384,#2385);
#1933=AXIS2_PLACEMENT_3D('',#2974,#2387,#2388);
#1934=AXIS2_PLACEMENT_3D('',#2978,#2392,#2393);
#1935=AXIS2_PLACEMENT_3D('',#2979,#2394,#2395);
#1936=AXIS2_PLACEMENT_3D('',#2980,#2396,#2397);
#1937=AXIS2_PLACEMENT_3D('',#2981,#2398,#2399);
#1938=AXIS2_PLACEMENT_3D('',#2984,#2402,#2403);
#1939=AXIS2_PLACEMENT_3D('',#2988,#2406,#2407);
#1940=AXIS2_PLACEMENT_3D('',#2991,#2409,#2410);
#1941=AXIS2_PLACEMENT_3D('',#2993,#2412,#2413);
#1942=AXIS2_PLACEMENT_3D('',#2996,#2415,#2416);
#1943=AXIS2_PLACEMENT_3D('',#2999,#2418,#2419);
#1944=AXIS2_PLACEMENT_3D('',#3002,#2422,#2423);
#1945=AXIS2_PLACEMENT_3D('',#3006,#2426,#2427);
#1946=AXIS2_PLACEMENT_3D('',#3009,#2429,#2430);
#1947=AXIS2_PLACEMENT_3D('',#3011,#2432,#2433);
#1948=AXIS2_PLACEMENT_3D('',#3014,#2435,#2436);
#1949=AXIS2_PLACEMENT_3D('',#3017,#2438,#2439);
#1950=AXIS2_PLACEMENT_3D('',#3020,#2442,#2443);
#1951=AXIS2_PLACEMENT_3D('',#3022,#2445,#2446);
#1952=AXIS2_PLACEMENT_3D('',#3026,#2449,#2450);
#1953=AXIS2_PLACEMENT_3D('',#3029,#2452,#2453);
#1954=AXIS2_PLACEMENT_3D('',#3030,#2454,#2455);
#1955=AXIS2_PLACEMENT_3D('',#3032,#2457,#2458);
#1956=AXIS2_PLACEMENT_3D('',#3034,#2460,#2461);
#1957=AXIS2_PLACEMENT_3D('',#3035,#2462,#2463);
#1958=AXIS2_PLACEMENT_3D('',#3037,#2465,#2466);
#1959=AXIS2_PLACEMENT_3D('',#3039,#2468,#2469);
#1960=AXIS2_PLACEMENT_3D('',#3040,#2470,#2471);
#1961=AXIS2_PLACEMENT_3D('',#3044,#2474,#2475);
#1962=AXIS2_PLACEMENT_3D('',#3045,#2476,#2477);
#1963=AXIS2_PLACEMENT_3D('',#3048,#2479,#2480);
#1964=AXIS2_PLACEMENT_3D('',#3050,#2482,#2483);
#1965=DIRECTION('',(0.,0.,1.));
#1966=DIRECTION('',(1.,0.,0.));
#1967=DIRECTION('',(-1.,0.,0.));
#1968=DIRECTION('',(0.,1.,0.));
#1969=DIRECTION('',(-1.,0.,0.));
#1970=DIRECTION('',(-1.,0.,0.));
#1971=DIRECTION('',(0.,-1.,0.));
#1972=DIRECTION('',(-1.,0.,0.));
#1973=DIRECTION('',(-1.,0.,0.));
#1974=DIRECTION('',(1.,0.,0.));
#1975=DIRECTION('',(-1.,0.,0.));
#1976=DIRECTION('',(0.,-1.,0.));
#1977=DIRECTION('',(-1.,0.,0.));
#1978=DIRECTION('',(-0.999993652024832,3.62915322084835E-18,0.00356313205473601));
#1979=DIRECTION('',(-0.00356313205473601,-1.01852250416879E-15,-0.999993652024832));
#1980=DIRECTION('',(-1.,0.,0.));
#1981=DIRECTION('',(-1.,0.,0.));
#1982=DIRECTION('',(0.,-1.,0.));
#1983=DIRECTION('',(-0.00356313205473528,-1.01852250416879E-15,-0.999993652024832));
#1984=DIRECTION('',(-0.999993652024832,3.6291532208476E-18,0.00356313205473528));
#1985=DIRECTION('',(-1.,0.,0.));
#1986=DIRECTION('',(0.,-1.,0.));
#1987=DIRECTION('',(-1.,0.,0.));
#1988=DIRECTION('',(-0.00356313205473528,-1.01852250416879E-15,-0.999993652024832));
#1989=DIRECTION('',(-0.999993652024832,3.6291532208476E-18,0.00356313205473528));
#1990=DIRECTION('',(-1.,0.,0.));
#1991=DIRECTION('',(1.,-2.25751259251664E-16,2.30040897502556E-31));
#1992=DIRECTION('',(-2.25751259251664E-16,-1.,0.));
#1993=DIRECTION('',(-1.,0.,0.));
#1994=DIRECTION('',(-1.,0.,0.));
#1995=DIRECTION('',(0.,-1.,0.));
#1996=DIRECTION('',(1.,0.,0.));
#1997=DIRECTION('',(-1.,0.,0.));
#1998=DIRECTION('',(-1.,0.,0.));
#1999=DIRECTION('',(-1.,0.,0.));
#2000=DIRECTION('',(0.,-1.,0.));
#2001=DIRECTION('',(-1.,0.,0.));
#2002=DIRECTION('',(1.,-2.25751259251665E-16,2.30443780947588E-31));
#2003=DIRECTION('',(-2.25751259251665E-16,-1.,0.));
#2004=DIRECTION('',(-1.,0.,0.));
#2005=DIRECTION('',(-1.,0.,3.97359708169348E-16));
#2006=DIRECTION('',(3.97359708169348E-16,0.,1.));
#2007=DIRECTION('',(-1.,0.,0.));
#2008=DIRECTION('',(-1.,0.,0.));
#2009=DIRECTION('',(0.,1.,0.));
#2010=DIRECTION('',(-1.,0.,8.30348934244457E-16));
#2011=DIRECTION('',(8.30348934244457E-16,0.,1.));
#2012=DIRECTION('',(-1.,0.,0.));
#2013=DIRECTION('',(-1.,0.,0.));
#2014=DIRECTION('',(-1.,0.,0.));
#2015=DIRECTION('',(-1.,0.,0.));
#2016=DIRECTION('',(-1.,0.,0.));
#2017=DIRECTION('',(-1.,0.,0.));
#2018=DIRECTION('',(-1.,0.,0.));
#2019=DIRECTION('',(0.,1.,0.));
#2020=DIRECTION('',(-1.,0.,0.));
#2021=DIRECTION('',(-1.,0.,0.));
#2022=DIRECTION('',(-1.,0.,0.));
#2023=DIRECTION('',(-1.,0.,0.));
#2024=DIRECTION('',(-1.,0.,0.));
#2025=DIRECTION('',(-1.,0.,0.));
#2026=DIRECTION('',(-1.,0.,0.));
#2027=DIRECTION('',(0.,1.,0.));
#2028=DIRECTION('',(-1.,0.,0.));
#2029=DIRECTION('',(-1.,0.,0.));
#2030=DIRECTION('',(0.,1.,0.));
#2031=DIRECTION('',(-1.,0.,0.));
#2032=DIRECTION('',(-1.,0.,3.97359708169348E-16));
#2033=DIRECTION('',(3.97359708169348E-16,0.,1.));
#2034=DIRECTION('',(0.999993652024832,-3.62915322084751E-18,-0.00356313205473519));
#2035=DIRECTION('',(-0.00356313205473519,-1.01852250416879E-15,-0.999993652024832));
#2036=DIRECTION('',(0.999993652024832,-2.29381845544998E-16,-0.00356313205473553));
#2037=DIRECTION('',(-0.00356313205473553,-6.43760562087175E-14,-0.999993652024832));
#2038=DIRECTION('',(-0.00356313205473519,-1.01852250416879E-15,-0.999993652024832));
#2039=DIRECTION('',(-0.999993652024832,3.62915322084751E-18,0.00356313205473519));
#2040=DIRECTION('',(0.999993652024832,-2.29381845544999E-16,-0.00356313205473648));
#2041=DIRECTION('',(-0.00356313205473648,-6.43760562087007E-14,-0.999993652024832));
#2042=DIRECTION('',(0.999993652024832,-2.29381845544998E-16,-0.00356313205473601));
#2043=DIRECTION('',(-0.00356313205473601,-6.43760562087091E-14,-0.999993652024832));
#2044=DIRECTION('',(-0.00356313205473519,-1.01852250416879E-15,-0.999993652024832));
#2045=DIRECTION('',(-0.999993652024832,3.62915322084751E-18,0.00356313205473519));
#2046=DIRECTION('',(-0.999993652024832,2.29381845544998E-16,0.00356313205473601));
#2047=DIRECTION('',(-0.00356313205473601,-6.43760562087091E-14,-0.999993652024832));
#2048=DIRECTION('',(1.,-2.25751259251665E-16,2.30443780947588E-31));
#2049=DIRECTION('',(-2.25751259251665E-16,-1.,0.));
#2050=DIRECTION('',(1.,-2.25751259251665E-16,2.30443780947588E-31));
#2051=DIRECTION('',(-2.25751259251665E-16,-1.,0.));
#2052=DIRECTION('',(-1.,0.,0.));
#2053=DIRECTION('',(1.,0.,0.));
#2054=DIRECTION('',(0.,-1.,0.));
#2055=DIRECTION('',(-1.,0.,0.));
#2056=DIRECTION('',(1.,0.,0.));
#2057=DIRECTION('',(0.,-1.,0.));
#2058=DIRECTION('',(-1.,0.,0.));
#2059=DIRECTION('',(1.,0.,0.));
#2060=DIRECTION('',(0.,-1.,0.));
#2061=DIRECTION('',(1.,0.,0.));
#2062=DIRECTION('',(1.,0.,0.));
#2063=DIRECTION('',(0.,-1.,0.));
#2064=DIRECTION('',(-1.,0.,0.));
#2065=DIRECTION('',(1.,-2.25751259251664E-16,2.30040897502556E-31));
#2066=DIRECTION('',(-2.25751259251664E-16,-1.,0.));
#2067=DIRECTION('',(1.,-2.25751259251664E-16,2.30040897502556E-31));
#2068=DIRECTION('',(-2.25751259251664E-16,-1.,0.));
#2069=DIRECTION('',(-0.999993652024832,2.29381845544998E-16,0.00356313205473601));
#2070=DIRECTION('',(-0.00356313205473601,-6.43760562087091E-14,-0.999993652024832));
#2071=DIRECTION('',(-0.00356313205473519,-1.01852250416879E-15,-0.999993652024832));
#2072=DIRECTION('',(-0.999993652024832,3.62915322084751E-18,0.00356313205473519));
#2073=DIRECTION('',(0.999993652024832,-2.29381845544998E-16,-0.00356313205473601));
#2074=DIRECTION('',(-0.00356313205473601,-6.43760562087091E-14,-0.999993652024832));
#2075=DIRECTION('',(0.999993652024832,-2.29381845544998E-16,-0.00356313205473553));
#2076=DIRECTION('',(-0.00356313205473553,-6.43760562087175E-14,-0.999993652024832));
#2077=DIRECTION('',(-0.00356313205473519,-1.01852250416879E-15,-0.999993652024832));
#2078=DIRECTION('',(-0.999993652024832,3.62915322084751E-18,0.00356313205473519));
#2079=DIRECTION('',(-0.999993652024832,3.62915322084835E-18,0.00356313205473601));
#2080=DIRECTION('',(-0.00356313205473601,-1.01852250416879E-15,-0.999993652024832));
#2081=DIRECTION('',(-1.,0.,0.));
#2082=DIRECTION('',(1.,0.,0.));
#2083=DIRECTION('',(0.,-1.,0.));
#2084=DIRECTION('',(1.,0.,0.));
#2085=DIRECTION('',(1.,0.,0.));
#2086=DIRECTION('',(0.,-1.,0.));
#2087=DIRECTION('',(-1.,0.,0.));
#2088=DIRECTION('',(1.,0.,0.));
#2089=DIRECTION('',(0.,-1.,0.));
#2090=DIRECTION('',(-1.,0.,0.));
#2091=DIRECTION('',(1.,0.,0.));
#2092=DIRECTION('',(0.,-1.,0.));
#2093=DIRECTION('',(-0.00356313205473519,-1.01852250416879E-15,-0.999993652024832));
#2094=DIRECTION('',(-0.999993652024832,3.62915322084751E-18,0.00356313205473519));
#2095=DIRECTION('',(0.999993652024832,-2.29381845544998E-16,-0.00356313205473601));
#2096=DIRECTION('',(-0.00356313205473601,-6.43760562087091E-14,-0.999993652024832));
#2097=DIRECTION('',(-1.,0.,0.));
#2098=DIRECTION('',(0.,1.,0.));
#2099=DIRECTION('',(-1.,0.,0.));
#2100=DIRECTION('',(-1.,0.,0.));
#2101=DIRECTION('',(0.,1.,0.));
#2102=DIRECTION('',(-1.,0.,0.));
#2103=DIRECTION('',(-1.,0.,0.));
#2104=DIRECTION('',(0.,1.,0.));
#2105=DIRECTION('',(-1.,0.,0.));
#2106=DIRECTION('',(-1.,0.,0.));
#2107=DIRECTION('',(0.,1.,0.));
#2108=DIRECTION('',(-1.,0.,0.));
#2109=DIRECTION('',(-1.,0.,0.));
#2110=DIRECTION('',(-1.,0.,0.));
#2111=DIRECTION('',(0.,1.,0.));
#2112=DIRECTION('',(-1.,0.,0.));
#2113=DIRECTION('',(-1.,0.,0.));
#2114=DIRECTION('',(0.,1.,0.));
#2115=DIRECTION('',(0.00356313205473528,1.01852250416879E-15,0.999993652024832));
#2116=DIRECTION('',(0.999993652024832,0.,-0.00356313205473528));
#2117=DIRECTION('',(0.,1.,-1.0185289697654E-15));
#2118=DIRECTION('',(0.99999365202483,-5.93339264814049E-16,-0.00356313205473527));
#2119=DIRECTION('',(2.25751259251664E-16,1.,-1.01933335641987E-15));
#2120=DIRECTION('',(0.99999365202483,-5.93339264814049E-16,-0.00356313205473527));
#2121=DIRECTION('',(2.25751259251665E-16,1.,-1.01933335641987E-15));
#2122=DIRECTION('',(-0.00356313205473519,-1.01852250416879E-15,-0.999993652024832));
#2123=DIRECTION('',(-0.999993652024832,3.62915322084751E-18,0.00356313205473519));
#2124=DIRECTION('',(2.25751259251664E-16,1.,-1.01933335641987E-15));
#2125=DIRECTION('',(0.,1.01933335641987E-15,1.));
#2126=DIRECTION('',(2.25751259251664E-16,1.,-1.01933335641987E-15));
#2127=DIRECTION('',(0.0019292574351755,0.999998138957515,-6.87424264765015E-6));
#2128=DIRECTION('',(-0.999991790994161,0.00192926968213153,0.00356312542359505));
#2129=DIRECTION('',(2.25751259251664E-16,1.,-1.01933335641987E-15));
#2130=DIRECTION('',(2.25751259251666E-16,1.,-1.01933335641987E-15));
#2131=DIRECTION('',(0.003563132054736,1.22696300707596E-15,0.99999365202483));
#2132=DIRECTION('',(2.25751259251664E-16,1.,-1.01933335641987E-15));
#2133=DIRECTION('',(2.25751259251664E-16,1.,-1.01933335641987E-15));
#2134=DIRECTION('',(0.,1.01933335641987E-15,1.));
#2135=DIRECTION('',(2.25751259251664E-16,1.,-1.01933335641987E-15));
#2136=DIRECTION('',(0.0019292574351755,0.999998138957515,-6.87424264765015E-6));
#2137=DIRECTION('',(-0.999991790994161,0.00192926968213153,0.00356312542359505));
#2138=DIRECTION('',(2.25751259251664E-16,1.,-1.01933335641987E-15));
#2139=DIRECTION('',(1.,0.,0.));
#2140=DIRECTION('',(0.,0.,-1.));
#2141=DIRECTION('',(-1.,0.,0.));
#2142=DIRECTION('',(0.,-1.,0.));
#2143=DIRECTION('',(0.,-1.,1.01933335641987E-15));
#2144=DIRECTION('',(0.,1.02063018476702E-15,1.));
#2145=DIRECTION('',(0.,1.,-1.0185289697654E-15));
#2146=DIRECTION('',(-1.,0.,0.));
#2147=DIRECTION('',(0.,-1.,0.));
#2148=DIRECTION('',(0.999993652024832,-2.29381845544998E-16,-0.00356313205473601));
#2149=DIRECTION('',(-0.00356313205473601,0.,-0.999993652024832));
#2150=DIRECTION('',(0.00356313205473519,1.01852250416879E-15,0.999993652024832));
#2151=DIRECTION('',(2.25751259251666E-16,1.,-1.01933335641987E-15));
#2152=DIRECTION('',(0.003563132054736,1.22696300707596E-15,0.99999365202483));
#2153=DIRECTION('',(0.00356313205473519,1.01852250416879E-15,0.999993652024832));
#2154=DIRECTION('',(-1.,2.25751259251664E-16,5.80718051703352E-34));
#2155=DIRECTION('',(2.30443780947588E-31,-5.20229737356328E-47,-1.));
#2156=DIRECTION('',(2.25751259251666E-16,1.,-1.01933335641987E-15));
#2157=DIRECTION('',(0.003563132054736,1.22696300707596E-15,0.99999365202483));
#2158=DIRECTION('',(2.25751259251666E-16,1.,-1.01933335641987E-15));
#2159=DIRECTION('',(0.003563132054736,1.22696300707596E-15,0.99999365202483));
#2160=DIRECTION('',(0.00356313205473519,1.01852250416879E-15,0.999993652024832));
#2161=DIRECTION('',(2.25751259251666E-16,1.,-1.01933335641987E-15));
#2162=DIRECTION('',(0.003563132054736,1.22696300707596E-15,0.99999365202483));
#2163=DIRECTION('',(-0.003563132054736,-1.22696300707596E-15,-0.99999365202483));
#2164=DIRECTION('',(2.25751259251666E-16,1.,-1.01933335641987E-15));
#2165=DIRECTION('',(-0.704582777652092,1.2871480802627E-15,0.709621807328425));
#2166=DIRECTION('',(-0.99999365202483,5.93339264814049E-16,0.00356313205473518));
#2167=DIRECTION('',(0.003563132054736,1.22696300707596E-15,0.99999365202483));
#2168=DIRECTION('',(2.25751259251666E-16,1.,-1.01933335641987E-15));
#2169=DIRECTION('',(0.003563132054736,1.22696300707596E-15,0.99999365202483));
#2170=DIRECTION('',(-0.00356313205473648,-1.22696300707596E-15,-0.99999365202483));
#2171=DIRECTION('',(-0.99999365202483,5.93339264814049E-16,0.00356313205473518));
#2172=DIRECTION('',(0.00356313205473553,1.22696300707596E-15,0.99999365202483));
#2173=DIRECTION('',(2.30696506860714E-31,1.01933335641987E-15,1.));
#2174=DIRECTION('',(0.,-1.,1.01933335641987E-15));
#2175=DIRECTION('',(-1.,2.25751259251664E-16,5.80718051703352E-34));
#2176=DIRECTION('',(2.25751259251665E-16,1.,-1.01933335641987E-15));
#2177=DIRECTION('',(1.,0.,0.));
#2178=DIRECTION('',(0.,0.,-1.));
#2179=DIRECTION('',(1.,0.,0.));
#2180=DIRECTION('',(0.,-1.,0.));
#2181=DIRECTION('',(0.,-1.,1.01933335641987E-15));
#2182=DIRECTION('',(1.,0.,0.));
#2183=DIRECTION('',(0.,-1.,0.));
#2184=DIRECTION('',(1.,0.,0.));
#2185=DIRECTION('',(0.,0.,-1.));
#2186=DIRECTION('',(-1.,0.,0.));
#2187=DIRECTION('',(0.,-1.,0.));
#2188=DIRECTION('',(0.,-1.01933335641987E-15,-1.));
#2189=DIRECTION('',(-1.,0.,0.));
#2190=DIRECTION('',(0.,-1.,0.));
#2191=DIRECTION('',(-0.00356313205473519,-1.01852250416879E-15,-0.999993652024832));
#2192=DIRECTION('',(-0.999993652024832,0.,0.00356313205473519));
#2193=DIRECTION('',(2.31111593326469E-33,1.,-1.0185289697654E-15));
#2194=DIRECTION('',(2.25751259251664E-16,1.,-1.01933335641987E-15));
#2195=DIRECTION('',(-0.99999365202483,5.93339264814049E-16,0.00356313205473518));
#2196=DIRECTION('',(1.,0.,0.));
#2197=DIRECTION('',(0.,0.,-1.));
#2198=DIRECTION('',(2.25751259251665E-16,1.,-1.01933335641987E-15));
#2199=DIRECTION('',(1.,0.,0.));
#2200=DIRECTION('',(0.,-1.,0.));
#2201=DIRECTION('',(0.,1.,-1.01933335641987E-15));
#2202=DIRECTION('',(2.25751259251666E-16,1.,-1.01933335641987E-15));
#2203=DIRECTION('',(0.003563132054736,1.22696300707596E-15,0.99999365202483));
#2204=DIRECTION('',(-0.00356313205473601,-1.01852250416879E-15,-0.999993652024832));
#2205=DIRECTION('',(0.00356313205473553,1.22696300707596E-15,0.99999365202483));
#2206=DIRECTION('',(2.25751259251666E-16,1.,-1.01933335641987E-15));
#2207=DIRECTION('',(0.003563132054736,1.22696300707596E-15,0.99999365202483));
#2208=DIRECTION('',(-0.003563132054736,-1.22696300707596E-15,-0.99999365202483));
#2209=DIRECTION('',(-0.99999365202483,5.93339264814049E-16,0.00356313205473518));
#2210=DIRECTION('',(2.25751259251666E-16,1.,-1.01933335641987E-15));
#2211=DIRECTION('',(0.709621807328426,4.48039644874194E-16,0.704582777652092));
#2212=DIRECTION('',(0.003563132054736,1.22696300707596E-15,0.99999365202483));
#2213=DIRECTION('',(2.25751259251666E-16,1.,-1.01933335641987E-15));
#2214=DIRECTION('',(0.003563132054736,1.22696300707596E-15,0.99999365202483));
#2215=DIRECTION('',(0.99999365202483,-5.93339264814049E-16,-0.00356313205473527));
#2216=DIRECTION('',(0.,1.22777253615189E-15,1.));
#2217=DIRECTION('',(1.,-2.25751259251664E-16,2.30040897502556E-31));
#2218=DIRECTION('',(-2.25751259251664E-16,-1.,0.));
#2219=DIRECTION('',(7.48913064552126E-35,1.01933335641987E-15,1.));
#2220=DIRECTION('',(2.25751259251664E-16,1.,-1.01933335641987E-15));
#2221=DIRECTION('',(2.25751259251664E-16,1.,-1.01933335641987E-15));
#2222=DIRECTION('',(2.25751259251664E-16,1.,-1.01933335641987E-15));
#2223=DIRECTION('',(-1.,0.,0.));
#2224=DIRECTION('',(0.,1.,0.));
#2225=DIRECTION('',(0.00356313205473528,1.01852250416879E-15,0.999993652024832));
#2226=DIRECTION('',(-0.999993652024832,3.6291532208476E-18,0.00356313205473528));
#2227=DIRECTION('',(-1.,0.,0.));
#2228=DIRECTION('',(1.,0.,0.));
#2229=DIRECTION('',(0.,0.,-1.));
#2230=DIRECTION('',(0.,1.01933335641987E-15,1.));
#2231=DIRECTION('',(0.,1.,-1.0185289697654E-15));
#2232=DIRECTION('',(0.,1.,-1.0185289697654E-15));
#2233=DIRECTION('',(-0.00356313205473528,-1.01852250416879E-15,-0.999993652024832));
#2234=DIRECTION('',(-0.999993652024832,0.,0.00356313205473528));
#2235=DIRECTION('',(2.25751259251664E-16,1.,-1.01933335641987E-15));
#2236=DIRECTION('',(-1.,0.,0.));
#2237=DIRECTION('',(-2.25751259251674E-16,-1.,1.01933335641987E-15));
#2238=DIRECTION('',(2.25751259251665E-16,1.,-1.01933335641987E-15));
#2239=DIRECTION('',(2.25751259251665E-16,1.,-1.01933335641987E-15));
#2240=DIRECTION('',(2.25751259251665E-16,1.,-1.01933335641987E-15));
#2241=DIRECTION('',(0.,1.01933335641987E-15,1.));
#2242=DIRECTION('',(2.25751259251665E-16,1.,-1.01933335641987E-15));
#2243=DIRECTION('',(1.,0.,0.));
#2244=DIRECTION('',(0.,0.,-1.));
#2245=DIRECTION('',(1.,0.,0.));
#2246=DIRECTION('',(0.,-1.,0.));
#2247=DIRECTION('',(0.,1.,-1.01933335641987E-15));
#2248=DIRECTION('',(1.,0.,0.));
#2249=DIRECTION('',(0.,-1.,0.));
#2250=DIRECTION('',(0.,0.999138129230199,-0.0415090197231675));
#2251=DIRECTION('',(0.,0.0415090197231675,0.999138129230199));
#2252=DIRECTION('',(0.,-0.0415090197231675,-0.999138129230199));
#2253=DIRECTION('',(0.,-0.0415090197231675,-0.999138129230199));
#2254=DIRECTION('',(0.,-0.999138129230199,-0.0415090197231684));
#2255=DIRECTION('',(0.,0.0415090197231684,-0.999138129230199));
#2256=DIRECTION('',(0.,-0.0415090197231684,0.999138129230199));
#2257=DIRECTION('',(0.,-0.0415090197231684,0.999138129230199));
#2258=DIRECTION('',(1.,0.,0.));
#2259=DIRECTION('',(0.,0.,-1.));
#2260=DIRECTION('',(1.,0.,0.));
#2261=DIRECTION('',(0.,-1.,0.));
#2262=DIRECTION('',(1.,0.,0.));
#2263=DIRECTION('',(0.,-1.,0.));
#2264=DIRECTION('',(-1.,0.,0.));
#2265=DIRECTION('',(0.,1.,0.));
#2266=DIRECTION('',(-1.,0.,0.));
#2267=DIRECTION('',(0.,-1.,0.));
#2268=DIRECTION('',(-1.,0.,0.));
#2269=DIRECTION('',(0.,1.,0.));
#2270=DIRECTION('',(-1.,0.,0.));
#2271=DIRECTION('',(0.,1.,0.));
#2272=DIRECTION('',(-1.,0.,0.));
#2273=DIRECTION('',(0.,1.,0.));
#2274=DIRECTION('',(-1.,0.,0.));
#2275=DIRECTION('',(0.,-1.,0.));
#2276=DIRECTION('',(1.,0.,0.));
#2277=DIRECTION('',(0.,0.,-1.));
#2278=DIRECTION('',(1.,0.,0.));
#2279=DIRECTION('',(0.,0.,-1.));
#2280=DIRECTION('',(-1.,0.,0.));
#2281=DIRECTION('',(0.,-1.,0.));
#2282=DIRECTION('',(-1.,0.,0.));
#2283=DIRECTION('',(0.,-1.,0.));
#2284=DIRECTION('',(1.,0.,0.));
#2285=DIRECTION('',(0.,-1.,0.));
#2286=DIRECTION('',(1.,0.,0.));
#2287=DIRECTION('',(0.,-1.,0.));
#2288=DIRECTION('',(1.,0.,0.));
#2289=DIRECTION('',(0.,-1.,0.));
#2290=DIRECTION('',(1.,0.,0.));
#2291=DIRECTION('',(0.,-1.,0.));
#2292=DIRECTION('',(1.,0.,0.));
#2293=DIRECTION('',(0.,-1.,0.));
#2294=DIRECTION('',(1.,0.,0.));
#2295=DIRECTION('',(0.,-1.,0.));
#2296=DIRECTION('',(1.,0.,0.));
#2297=DIRECTION('',(0.,0.,-1.));
#2298=DIRECTION('',(0.,0.,-1.));
#2299=DIRECTION('',(0.,1.,0.));
#2300=DIRECTION('',(0.,1.,0.));
#2301=DIRECTION('',(0.,1.,0.));
#2302=DIRECTION('',(-1.,0.,3.97359708169348E-16));
#2303=DIRECTION('',(3.97359708169348E-16,0.,1.));
#2304=DIRECTION('',(0.,1.,0.));
#2305=DIRECTION('',(0.,0.,-1.));
#2306=DIRECTION('',(0.,1.,0.));
#2307=DIRECTION('',(0.,1.,0.));
#2308=DIRECTION('',(-1.,0.,0.));
#2309=DIRECTION('',(0.,1.,0.));
#2310=DIRECTION('',(2.25751259251665E-16,1.,-1.01933335641987E-15));
#2311=DIRECTION('',(0.,1.01933335641987E-15,1.));
#2312=DIRECTION('',(-2.30419804532805E-31,-1.01933335641987E-15,-1.));
#2313=DIRECTION('',(0.,1.,-1.01933335641987E-15));
#2314=DIRECTION('',(-2.30419804532805E-31,-1.01933335641987E-15,-1.));
#2315=DIRECTION('',(0.,1.,-1.01933335641987E-15));
#2316=DIRECTION('',(2.25751259251664E-16,1.,-1.01933335641987E-15));
#2317=DIRECTION('',(1.,-2.25751259251664E-16,-3.0401572379452E-34));
#2318=DIRECTION('',(-2.30419804532805E-31,-1.01933335641987E-15,-1.));
#2319=DIRECTION('',(0.,1.,-1.01933335641987E-15));
#2320=DIRECTION('',(-0.00356313205473519,-1.01852250416879E-15,-0.999993652024832));
#2321=DIRECTION('',(-0.999993652024832,0.,0.00356313205473519));
#2322=DIRECTION('',(2.25751259251664E-16,1.,-1.01933335641987E-15));
#2323=DIRECTION('',(2.25751259251664E-16,1.,-1.01933335641987E-15));
#2324=DIRECTION('',(0.999993652024832,-2.29381845544998E-16,-0.00356313205473601));
#2325=DIRECTION('',(-0.00356313205473601,0.,-0.999993652024832));
#2326=DIRECTION('',(2.25751259251664E-16,1.,-1.01933335641987E-15));
#2327=DIRECTION('',(0.999993652024832,-2.29381845544998E-16,-0.00356313205473553));
#2328=DIRECTION('',(-0.00356313205473553,0.,-0.999993652024832));
#2329=DIRECTION('',(2.25751259251664E-16,1.,-1.01933335641987E-15));
#2330=DIRECTION('',(-0.999993652024832,2.29381845544998E-16,0.00356313205473601));
#2331=DIRECTION('',(0.00356313205473601,0.,0.999993652024832));
#2332=DIRECTION('',(2.25751259251664E-16,1.,-1.01933335641987E-15));
#2333=DIRECTION('',(2.25751259251664E-16,1.,-1.01933335641987E-15));
#2334=DIRECTION('',(2.25751259251664E-16,1.,-1.01933335641987E-15));
#2335=DIRECTION('',(0.,1.01933335641987E-15,1.));
#2336=DIRECTION('',(2.25751259251666E-16,1.,-1.01933335641987E-15));
#2337=DIRECTION('',(0.003563132054736,1.22696300707596E-15,0.99999365202483));
#2338=DIRECTION('',(2.25751259251664E-16,1.,-1.01933335641987E-15));
#2339=DIRECTION('',(-0.709621807328438,0.,-0.704582777652081));
#2340=DIRECTION('',(2.25751259251664E-16,1.,-1.01933335641987E-15));
#2341=DIRECTION('',(0.,1.01933335641987E-15,1.));
#2342=DIRECTION('',(2.25751259251666E-16,1.,-1.01933335641987E-15));
#2343=DIRECTION('',(0.003563132054736,1.22696300707596E-15,0.99999365202483));
#2344=DIRECTION('',(-2.25751259251664E-16,-1.,1.01933335641987E-15));
#2345=DIRECTION('',(0.,-1.01933335641987E-15,-1.));
#2346=DIRECTION('',(-0.00356313205473601,-1.01852250416879E-15,-0.999993652024832));
#2347=DIRECTION('',(-2.25751259251664E-16,-1.,1.01933335641987E-15));
#2348=DIRECTION('',(0.,-1.01933335641987E-15,-1.));
#2349=DIRECTION('',(-0.00356313205473601,-1.01852250416879E-15,-0.999993652024832));
#2350=DIRECTION('',(-0.999993652024832,3.62915322084835E-18,0.00356313205473601));
#2351=DIRECTION('',(0.00356313205473601,0.,0.999993652024832));
#2352=DIRECTION('',(1.,-2.25751259251665E-16,2.30443780947588E-31));
#2353=DIRECTION('',(-2.25751259251665E-16,-1.,0.));
#2354=DIRECTION('',(2.25751259251664E-16,1.,-1.01933335641987E-15));
#2355=DIRECTION('',(2.25751259251665E-16,1.,-1.01933335641987E-15));
#2356=DIRECTION('',(2.30696506860714E-31,1.01933335641987E-15,1.));
#2357=DIRECTION('',(0.,-1.,1.01933335641987E-15));
#2358=DIRECTION('',(-0.00356313205473519,-1.01852250416879E-15,-0.999993652024832));
#2359=DIRECTION('',(-0.999993652024832,0.,0.00356313205473519));
#2360=DIRECTION('',(2.25751259251664E-16,1.,-1.01933335641987E-15));
#2361=DIRECTION('',(2.25751259251664E-16,1.,-1.01933335641987E-15));
#2362=DIRECTION('',(0.999993652024832,-2.29381845544998E-16,-0.00356313205473553));
#2363=DIRECTION('',(-0.00356313205473553,0.,-0.999993652024832));
#2364=DIRECTION('',(2.25751259251664E-16,1.,-1.01933335641987E-15));
#2365=DIRECTION('',(-0.00356313205473519,-1.01852250416879E-15,-0.999993652024832));
#2366=DIRECTION('',(-0.999993652024832,0.,0.00356313205473519));
#2367=DIRECTION('',(2.25751259251664E-16,1.,-1.01933335641987E-15));
#2368=DIRECTION('',(0.999993652024832,-2.29381845544999E-16,-0.00356313205473648));
#2369=DIRECTION('',(-0.00356313205473648,0.,-0.999993652024832));
#2370=DIRECTION('',(2.25751259251664E-16,1.,-1.01933335641987E-15));
#2371=DIRECTION('',(0.999993652024832,-2.29381845544998E-16,-0.00356313205473601));
#2372=DIRECTION('',(-0.00356313205473601,0.,-0.999993652024832));
#2373=DIRECTION('',(2.25751259251664E-16,1.,-1.01933335641987E-15));
#2374=DIRECTION('',(-0.999993652024832,2.29381845544998E-16,0.00356313205473601));
#2375=DIRECTION('',(0.00356313205473601,0.,0.999993652024832));
#2376=DIRECTION('',(2.25751259251664E-16,1.,-1.01933335641987E-15));
#2377=DIRECTION('',(2.25751259251664E-16,1.,-1.01933335641987E-15));
#2378=DIRECTION('',(2.25751259251664E-16,1.,-1.01933335641987E-15));
#2379=DIRECTION('',(0.704582777652133,0.,-0.709621807328386));
#2380=DIRECTION('',(2.25751259251664E-16,1.,-1.01933335641987E-15));
#2381=DIRECTION('',(0.,1.01933335641987E-15,1.));
#2382=DIRECTION('',(2.25751259251664E-16,1.,-1.01933335641987E-15));
#2383=DIRECTION('',(0.,1.01933335641987E-15,1.));
#2384=DIRECTION('',(0.999993652024832,-2.29381845544997E-16,-0.00356313205473519));
#2385=DIRECTION('',(-0.00356313205473519,0.,-0.999993652024832));
#2386=DIRECTION('',(0.00356313205473519,1.01852250416879E-15,0.999993652024832));
#2387=DIRECTION('',(0.999993652024832,-3.62915322084751E-18,-0.00356313205473519));
#2388=DIRECTION('',(-0.00356313205473519,0.,-0.999993652024832));
#2389=DIRECTION('',(0.00356313205473519,1.01852250416879E-15,0.999993652024832));
#2390=DIRECTION('',(0.00356313205473519,1.01852250416879E-15,0.999993652024832));
#2391=DIRECTION('',(0.00356313205473519,1.01852250416879E-15,0.999993652024832));
#2392=DIRECTION('',(0.0019292574351755,0.999998138957515,-6.87424264765015E-6));
#2393=DIRECTION('',(-0.999998138981143,0.00192925743522108,0.));
#2394=DIRECTION('',(5.89706368128058E-16,1.,-1.02063018476702E-15));
#2395=DIRECTION('',(0.,1.02063018476702E-15,1.));
#2396=DIRECTION('',(0.0019292574351755,0.999998138957515,-6.87424264765015E-6));
#2397=DIRECTION('',(-0.999998138981143,0.00192925743522108,0.));
#2398=DIRECTION('',(5.8328458694129E-16,0.,1.));
#2399=DIRECTION('',(1.,0.,-5.8328458694129E-16));
#2400=DIRECTION('',(0.,1.,0.));
#2401=DIRECTION('',(0.,1.,0.));
#2402=DIRECTION('',(-1.,0.,0.));
#2403=DIRECTION('',(0.,1.,0.));
#2404=DIRECTION('',(0.,1.,0.));
#2405=DIRECTION('',(2.25751259251665E-16,1.,5.20229737356328E-47));
#2406=DIRECTION('',(1.,-2.25751259251665E-16,2.30443780947588E-31));
#2407=DIRECTION('',(-2.25751259251665E-16,-1.,0.));
#2408=DIRECTION('',(-2.25751259251665E-16,-1.,-1.06429039871131E-16));
#2409=DIRECTION('',(-9.49877605585626E-17,0.,-1.));
#2410=DIRECTION('',(-1.,0.,9.49877605585626E-17));
#2411=DIRECTION('',(0.,1.,0.));
#2412=DIRECTION('',(-1.,0.,0.));
#2413=DIRECTION('',(0.,1.,0.));
#2414=DIRECTION('',(0.,-1.,-1.06429039871131E-16));
#2415=DIRECTION('',(-1.,0.,0.));
#2416=DIRECTION('',(0.,1.,0.));
#2417=DIRECTION('',(0.,1.,0.));
#2418=DIRECTION('',(1.89975521117125E-16,0.,1.));
#2419=DIRECTION('',(1.,0.,-1.89975521117125E-16));
#2420=DIRECTION('',(0.,1.,0.));
#2421=DIRECTION('',(0.,1.,0.));
#2422=DIRECTION('',(-1.,0.,0.));
#2423=DIRECTION('',(0.,1.,0.));
#2424=DIRECTION('',(0.,1.,0.));
#2425=DIRECTION('',(2.25751259251665E-16,1.,5.20229737356328E-47));
#2426=DIRECTION('',(1.,-2.25751259251665E-16,2.30443780947588E-31));
#2427=DIRECTION('',(-2.25751259251665E-16,-1.,0.));
#2428=DIRECTION('',(-2.25751259251665E-16,-1.,-1.06429039871131E-16));
#2429=DIRECTION('',(-1.89975521117125E-16,0.,-1.));
#2430=DIRECTION('',(-1.,0.,1.89975521117125E-16));
#2431=DIRECTION('',(0.,1.,0.));
#2432=DIRECTION('',(-1.,0.,0.));
#2433=DIRECTION('',(0.,1.,0.));
#2434=DIRECTION('',(0.,-1.,-1.06429039871131E-16));
#2435=DIRECTION('',(-1.,0.,0.));
#2436=DIRECTION('',(0.,1.,0.));
#2437=DIRECTION('',(0.,1.,8.31731597189169E-63));
#2438=DIRECTION('',(-1.,0.,0.));
#2439=DIRECTION('',(0.,1.,0.));
#2440=DIRECTION('',(0.,1.,0.));
#2441=DIRECTION('',(0.,1.,0.));
#2442=DIRECTION('',(-9.49877605585626E-17,0.,-1.));
#2443=DIRECTION('',(-1.,0.,9.49877605585626E-17));
#2444=DIRECTION('',(0.,1.,0.));
#2445=DIRECTION('',(-1.,0.,0.));
#2446=DIRECTION('',(0.,1.,0.));
#2447=DIRECTION('',(0.,1.,0.));
#2448=DIRECTION('',(2.25751259251665E-16,1.,5.20229737356328E-47));
#2449=DIRECTION('',(1.,-2.25751259251665E-16,2.30443780947588E-31));
#2450=DIRECTION('',(-2.25751259251665E-16,-1.,0.));
#2451=DIRECTION('',(-2.25751259251665E-16,-1.,-1.06429039871131E-16));
#2452=DIRECTION('',(-9.49877605585626E-17,0.,-1.));
#2453=DIRECTION('',(-1.,0.,9.49877605585626E-17));
#2454=DIRECTION('',(2.30443780947588E-31,8.31731597189168E-63,-1.));
#2455=DIRECTION('',(-1.,0.,-2.30443780947588E-31));
#2456=DIRECTION('',(1.,-2.25751259251665E-16,2.30443780947588E-31));
#2457=DIRECTION('',(1.,-2.25751259251665E-16,2.30443780947588E-31));
#2458=DIRECTION('',(-2.25751259251665E-16,-1.,0.));
#2459=DIRECTION('',(1.,-2.25751259251665E-16,2.30443780947588E-31));
#2460=DIRECTION('',(-2.54470270719442E-31,-1.06429039871131E-16,1.));
#2461=DIRECTION('',(0.,-1.,-1.06429039871131E-16));
#2462=DIRECTION('',(2.30443780947588E-31,0.,-1.));
#2463=DIRECTION('',(-1.,0.,-2.30443780947588E-31));
#2464=DIRECTION('',(1.,-2.25751259251665E-16,2.30443780947588E-31));
#2465=DIRECTION('',(1.,-2.25751259251665E-16,2.30443780947588E-31));
#2466=DIRECTION('',(-2.25751259251665E-16,-1.,0.));
#2467=DIRECTION('',(1.,-2.25751259251665E-16,2.30443780947588E-31));
#2468=DIRECTION('',(-2.54470270719442E-31,-1.06429039871131E-16,1.));
#2469=DIRECTION('',(0.,-1.,-1.06429039871131E-16));
#2470=DIRECTION('',(2.30443780947588E-31,8.31731597189169E-63,-1.));
#2471=DIRECTION('',(-1.,0.,-2.30443780947588E-31));
#2472=DIRECTION('',(6.90627445303466E-78,1.,8.31731597189169E-63));
#2473=DIRECTION('',(1.,-2.25751259251665E-16,2.30443780947588E-31));
#2474=DIRECTION('',(1.,-2.25751259251665E-16,2.30443780947588E-31));
#2475=DIRECTION('',(-2.25751259251665E-16,-1.,0.));
#2476=DIRECTION('',(-1.,0.,8.30348934244457E-16));
#2477=DIRECTION('',(8.30348934244457E-16,0.,1.));
#2478=DIRECTION('',(1.,-2.25751259251665E-16,2.30443780947588E-31));
#2479=DIRECTION('',(-2.54470270719442E-31,-1.06429039871131E-16,1.));
#2480=DIRECTION('',(0.,-1.,-1.06429039871131E-16));
#2481=DIRECTION('',(-8.83732398296541E-32,-1.,-1.06429039871131E-16));
#2482=DIRECTION('',(-1.,0.,8.30348934244457E-16));
#2483=DIRECTION('',(8.30348934244457E-16,0.,1.));
#2484=CARTESIAN_POINT('',(0.,0.,0.));
#2485=CARTESIAN_POINT('',(104.775,-2.60208521396521E-15,-4.69424683195086E-15));
#2486=CARTESIAN_POINT('',(104.775,-38.7102886082537,10.0952256470919));
#2487=CARTESIAN_POINT('',(111.125,-38.7102886082537,10.0952256470919));
#2488=CARTESIAN_POINT('',(94.2870602011681,-38.7102886082537,10.0952256470919));
#2489=CARTESIAN_POINT('',(111.125,-2.60208521396521E-15,-4.69424683195086E-15));
#2490=CARTESIAN_POINT('',(111.125,-6.18839772261479,39.5234583333334));
#2491=CARTESIAN_POINT('',(111.125,-6.18839772261479,39.5234583333334));
#2492=CARTESIAN_POINT('',(104.775,-6.18839772261479,39.5234583333334));
#2493=CARTESIAN_POINT('',(104.775,-6.18839772261479,39.5234583333334));
#2494=CARTESIAN_POINT('',(-104.775,-6.18839772261479,39.5234583333334));
#2495=CARTESIAN_POINT('',(-111.125,-6.18839772261479,39.5234583333334));
#2496=CARTESIAN_POINT('',(-111.125,-6.18839772261479,39.5234583333334));
#2497=CARTESIAN_POINT('',(-111.125,-2.60208521396521E-15,-4.69424683195086E-15));
#2498=CARTESIAN_POINT('',(-111.125,-8.226,39.1501334480484));
#2499=CARTESIAN_POINT('',(104.775,-8.226,39.1501334480484));
#2500=CARTESIAN_POINT('',(-111.045189009981,-8.226,39.1501334480485));
#2501=CARTESIAN_POINT('',(-111.184686990947,-2.60208521396521E-15,-4.69424683195086E-15));
#2502=CARTESIAN_POINT('',(-111.121877529971,-35.912,17.6274865196373));
#2503=CARTESIAN_POINT('',(104.775,-35.912,17.6274865196373));
#2504=CARTESIAN_POINT('',(-111.125,-35.912,17.6274865196373));
#2505=CARTESIAN_POINT('',(-111.125,-2.60208521396521E-15,-4.69424683195086E-15));
#2506=CARTESIAN_POINT('',(-111.125,-38.798466762471,9.7508462136082));
#2507=CARTESIAN_POINT('',(2625.45174363207,-2.60208521396521E-15,-4.69424683195086E-15));
#2508=CARTESIAN_POINT('',(-111.021123896201,-38.7985597809585,9.75047608698347));
#2509=CARTESIAN_POINT('',(-111.125,-38.8039186206941,9.72912764221693));
#2510=CARTESIAN_POINT('',(-111.090414767905,-38.8020882332626,9.73642800948009));
#2511=CARTESIAN_POINT('',(-111.055789410358,-38.8003018403255,9.74354417990411));
#2512=CARTESIAN_POINT('',(-111.0211238962,-38.7985597809656,9.75047608698356));
#2513=CARTESIAN_POINT('',(-111.125,-38.8039186206941,9.72912764221692));
#2514=CARTESIAN_POINT('',(-111.125,-2.60208521396521E-15,-4.69424683195086E-15));
#2515=CARTESIAN_POINT('',(-111.125,-38.8089978806306,9.70884691923861));
#2516=CARTESIAN_POINT('',(104.775,-38.8089978806306,9.70884691923861));
#2517=CARTESIAN_POINT('',(-106.924687935336,-38.8089978806236,9.70884691923861));
#2518=CARTESIAN_POINT('',(-107.05297851508,-38.802110347019,9.73633697122341));
#2519=CARTESIAN_POINT('',(-107.010103028995,-38.804341512372,9.72744513392492));
#2520=CARTESIAN_POINT('',(-106.967339788761,-38.8066377226875,9.71828113582224));
#2521=CARTESIAN_POINT('',(-106.924687935337,-38.8089978806306,9.70884691923875));
#2522=CARTESIAN_POINT('',(-107.05297851508,-38.8021103470244,9.7363369712234));
#2523=CARTESIAN_POINT('',(2625.45174363207,-2.60208521396521E-15,-4.69424683195086E-15));
#2524=CARTESIAN_POINT('',(-99.3378904811998,-38.8089978806399,9.70884691923861));
#2525=CARTESIAN_POINT('',(104.775,-38.8089978806306,9.70884691923861));
#2526=CARTESIAN_POINT('',(-99.0361049771307,-38.8089978806306,9.70884691923861));
#2527=CARTESIAN_POINT('',(-99.0361049771307,-2.60208521396521E-15,-4.69424683195086E-15));
#2528=CARTESIAN_POINT('',(-99.0361049771307,-25.6227147021866,-30.7225733995438));
#2529=CARTESIAN_POINT('',(104.775,-25.6227147021866,-30.7225733995438));
#2530=CARTESIAN_POINT('',(-111.125,-25.6227147021866,-30.7225733995438));
#2531=CARTESIAN_POINT('',(-111.125,-2.60208521396521E-15,-4.69424683195086E-15));
#2532=CARTESIAN_POINT('',(-111.125,-6.18839772261479,-39.5234583333334));
#2533=CARTESIAN_POINT('',(-111.125,-6.18839772261479,-39.5234583333334));
#2534=CARTESIAN_POINT('',(-104.775,-6.18839772261479,-39.5234583333334));
#2535=CARTESIAN_POINT('',(104.775,-6.18839772261479,-39.5234583333334));
#2536=CARTESIAN_POINT('',(104.775,-6.18839772261479,-39.5234583333334));
#2537=CARTESIAN_POINT('',(111.125,-6.18839772261479,-39.5234583333334));
#2538=CARTESIAN_POINT('',(111.125,-6.18839772261479,-39.5234583333334));
#2539=CARTESIAN_POINT('',(111.125,-2.60208521396521E-15,-4.69424683195086E-15));
#2540=CARTESIAN_POINT('',(111.125,-25.9132319356172,-30.4779335856437));
#2541=CARTESIAN_POINT('',(104.775,-25.9132319356172,-30.4779335856437));
#2542=CARTESIAN_POINT('',(94.2870602011681,-25.9132319356183,-30.4779335856437));
#2543=CARTESIAN_POINT('',(94.2870602011681,-2.60208521396521E-15,-4.69424683195086E-15));
#2544=CARTESIAN_POINT('',(104.775,-19.5101101995863,-34.925));
#2545=CARTESIAN_POINT('',(-69.85,-19.5101101995863,-34.925));
#2546=CARTESIAN_POINT('',(0.,-19.5101101995863,-34.925));
#2547=CARTESIAN_POINT('',(-69.85,-2.60208521396521E-15,-4.69424683195086E-15));
#2548=CARTESIAN_POINT('',(-69.85,-19.5101101995863,34.925));
#2549=CARTESIAN_POINT('',(104.775,-19.5101101995863,34.925));
#2550=CARTESIAN_POINT('',(0.,-19.5101101995862,34.925));
#2551=CARTESIAN_POINT('',(0.,-2.60208521396521E-15,-4.69424683195086E-15));
#2552=CARTESIAN_POINT('',(30.367960201168,-2.60208521396521E-15,-4.69424683195086E-15));
#2553=CARTESIAN_POINT('',(30.367960201168,-39.7862015541821,4.1783));
#2554=CARTESIAN_POINT('',(30.367960201168,-39.7862015541821,-4.1783));
#2555=CARTESIAN_POINT('',(104.775,-39.7862015541821,4.1783));
#2556=CARTESIAN_POINT('',(39.499260201168,-39.7862015541821,4.1783));
#2557=CARTESIAN_POINT('',(104.775,-39.7862015541821,4.1783));
#2558=CARTESIAN_POINT('',(48.630560201168,-39.7862015541821,4.1783));
#2559=CARTESIAN_POINT('',(104.775,-39.7862015541821,4.1783));
#2560=CARTESIAN_POINT('',(57.761860201168,-39.7862015541821,4.1783));
#2561=CARTESIAN_POINT('',(104.775,-39.7862015541821,4.1783));
#2562=CARTESIAN_POINT('',(66.893160201168,-39.7862015541821,4.1783));
#2563=CARTESIAN_POINT('',(104.775,-39.7862015541821,4.1783));
#2564=CARTESIAN_POINT('',(76.024460201168,-39.7862015541821,4.1783));
#2565=CARTESIAN_POINT('',(104.775,-39.7862015541821,4.1783));
#2566=CARTESIAN_POINT('',(85.1557602011681,-39.7862015541821,4.1783));
#2567=CARTESIAN_POINT('',(85.1557602011681,-2.60208521396521E-15,-4.69424683195086E-15));
#2568=CARTESIAN_POINT('',(85.1557602011681,-39.7862015541821,-4.1783));
#2569=CARTESIAN_POINT('',(104.775,-39.7862015541821,-4.1783));
#2570=CARTESIAN_POINT('',(76.024460201168,-39.7862015541821,-4.1783));
#2571=CARTESIAN_POINT('',(104.775,-39.7862015541821,-4.1783));
#2572=CARTESIAN_POINT('',(66.893160201168,-39.7862015541821,-4.1783));
#2573=CARTESIAN_POINT('',(104.775,-39.7862015541821,-4.1783));
#2574=CARTESIAN_POINT('',(57.761860201168,-39.7862015541821,-4.1783));
#2575=CARTESIAN_POINT('',(104.775,-39.7862015541821,-4.1783));
#2576=CARTESIAN_POINT('',(48.630560201168,-39.7862015541821,-4.1783));
#2577=CARTESIAN_POINT('',(104.775,-39.7862015541821,-4.1783));
#2578=CARTESIAN_POINT('',(39.499260201168,-39.7862015541821,-4.1783));
#2579=CARTESIAN_POINT('',(104.775,-39.7862015541821,-4.1783));
#2580=CARTESIAN_POINT('',(104.775,-3.90312782094781E-15,-1.10815227237846E-15));
#2581=CARTESIAN_POINT('',(104.775,-9.50380976240579,-34.925));
#2582=CARTESIAN_POINT('',(0.,-9.50380976240576,-34.925));
#2583=CARTESIAN_POINT('',(-69.85,-9.50380976240576,-34.925));
#2584=CARTESIAN_POINT('',(0.,-3.90312782094781E-15,-1.10815227237846E-15));
#2585=CARTESIAN_POINT('',(0.,-9.50380976240576,34.925));
#2586=CARTESIAN_POINT('',(104.775,-9.50380976240579,34.925));
#2587=CARTESIAN_POINT('',(-69.85,-9.50380976240581,34.925));
#2588=CARTESIAN_POINT('',(-69.85,-3.90312782094781E-15,-1.10815227237846E-15));
#2589=CARTESIAN_POINT('',(111.119518334362,-32.6154276401606,15.6943271550407));
#2590=CARTESIAN_POINT('',(110.964168644971,-32.4980759585561,15.9382035087074));
#2591=CARTESIAN_POINT('',(110.761462261154,-32.3926936004593,16.1501444766361));
#2592=CARTESIAN_POINT('',(110.512519370472,-32.3074579657121,16.3188904277755));
#2593=CARTESIAN_POINT('',(111.119518334362,-32.6154276401607,15.6943271550406));
#2594=CARTESIAN_POINT('',(110.512519370472,-32.3074579657122,16.3188904277755));
#2595=CARTESIAN_POINT('',(111.063597019212,-3.90312782094781E-15,-1.10815227237846E-15));
#2596=CARTESIAN_POINT('',(111.111240752542,-33.6346315342943,13.3712223282784));
#2597=CARTESIAN_POINT('',(108.112534605613,-32.3031370696752,16.3274419447069));
#2598=CARTESIAN_POINT('',(107.575231967667,-32.4844142662448,15.9687928588167));
#2599=CARTESIAN_POINT('',(106.910104843504,-33.0393944840145,14.8337936854528));
#2600=CARTESIAN_POINT('',(107.38710794504,-33.6952040982157,13.235511986495));
#2601=CARTESIAN_POINT('',(108.485199571917,-33.980207228355,12.4683986324419));
#2602=CARTESIAN_POINT('',(109.842212951389,-34.0526789579374,12.2666641098934));
#2603=CARTESIAN_POINT('',(110.765738615211,-33.8469006660896,12.8372700942379));
#2604=CARTESIAN_POINT('',(111.111240752542,-33.6346315342943,13.3712223282785));
#2605=CARTESIAN_POINT('',(108.112534605613,-32.3031370696753,16.3274419447069));
#2606=CARTESIAN_POINT('',(108.05435740454,-3.90312782094781E-15,-1.10815227237846E-15));
#2607=CARTESIAN_POINT('',(108.115798590364,-31.8235828841916,17.243479852193));
#2608=CARTESIAN_POINT('',(4947.5015205132,-3.90312782094781E-15,-1.10815227237846E-15));
#2609=CARTESIAN_POINT('',(100.515846834975,-31.8088948908186,17.270559655809));
#2610=CARTESIAN_POINT('',(100.454309159623,-3.90312782094781E-15,-1.10815227237846E-15));
#2611=CARTESIAN_POINT('',(100.512582850224,-32.289435476385,16.3545217483229));
#2612=CARTESIAN_POINT('',(100.512582850224,-32.289435476385,16.3545217483229));
#2613=CARTESIAN_POINT('',(100.900021467838,-32.422454555215,16.0918964616222));
#2614=CARTESIAN_POINT('',(101.456993423175,-32.7897545123014,15.3491644534999));
#2615=CARTESIAN_POINT('',(101.518733941464,-33.3984956161654,13.9769896551394));
#2616=CARTESIAN_POINT('',(100.742040462939,-33.8736770337205,12.7653562618541));
#2617=CARTESIAN_POINT('',(99.3025936881207,-34.0570648454226,12.2532237625498));
#2618=CARTESIAN_POINT('',(97.8620218690507,-33.8716777023998,12.7708844556964));
#2619=CARTESIAN_POINT('',(97.0900250345315,-33.3931278329221,13.98996149747));
#2620=CARTESIAN_POINT('',(97.1596834522829,-32.7839068601527,15.3615909313878));
#2621=CARTESIAN_POINT('',(97.7228714717902,-32.4169507229222,16.1029310589181));
#2622=CARTESIAN_POINT('',(98.1125980853645,-32.2851027304532,16.3630732652542));
#2623=CARTESIAN_POINT('',(98.1125980853645,-32.2851027304533,16.3630732652542));
#2624=CARTESIAN_POINT('',(98.0542939243857,-3.90312782094781E-15,-1.10815227237846E-15));
#2625=CARTESIAN_POINT('',(98.1158620701157,-31.8042503775845,17.2791111727404));
#2626=CARTESIAN_POINT('',(4947.5015205132,-3.90312782094781E-15,-1.10815227237846E-15));
#2627=CARTESIAN_POINT('',(94.5156108315172,-31.7972774924235,17.2919394247671));
#2628=CARTESIAN_POINT('',(94.5156108156535,-31.7972774924235,17.2919356139697));
#2629=CARTESIAN_POINT('',(94.4026962903807,-31.7970218732285,17.2924056593514));
#2630=CARTESIAN_POINT('',(94.3154756649954,-31.8515454677229,17.1921419763157));
#2631=CARTESIAN_POINT('',(94.3151821611609,-31.9047007118635,17.092925363624));
#2632=CARTESIAN_POINT('',(94.3151745426401,-31.9047001376319,17.0929264354525));
#2633=CARTESIAN_POINT('',(94.254269801927,-3.90312782094781E-15,-1.10815227237846E-15));
#2634=CARTESIAN_POINT('',(94.28865042677,-34.7586599876131,10.0952256470919));
#2635=CARTESIAN_POINT('',(94.2870602011681,-3.90312782094781E-15,-1.10815227237846E-15));
#2636=CARTESIAN_POINT('',(94.2878522822846,-34.8169191487792,9.89245754492393));
#2637=CARTESIAN_POINT('',(94.2870602011681,-3.90312782094781E-15,-1.10815227237846E-15));
#2638=CARTESIAN_POINT('',(94.2870602011681,-19.5236674154486,-30.4779335856437));
#2639=CARTESIAN_POINT('',(104.775,-19.5236674154496,-30.4779335856437));
#2640=CARTESIAN_POINT('',(111.125,-19.5236674154367,-30.4779335856437));
#2641=CARTESIAN_POINT('',(111.125,-1.46532092015761E-11,-8.62886151420383E-11));
#2642=CARTESIAN_POINT('',(111.125,-5.88446419593693,-35.7134583333333));
#2643=CARTESIAN_POINT('',(111.125,-5.88446419593693,-35.7134583333333));
#2644=CARTESIAN_POINT('',(104.775,-5.88446419593693,-35.7134583333333));
#2645=CARTESIAN_POINT('',(104.775,-1.46532092015761E-11,-8.62886151420383E-11));
#2646=CARTESIAN_POINT('',(104.775,-6.35,-35.6336291303595));
#2647=CARTESIAN_POINT('',(104.775,-6.35,-35.6336291303595));
#2648=CARTESIAN_POINT('',(-104.775,-6.35,-35.6336291303595));
#2649=CARTESIAN_POINT('',(-104.775,-1.46532092015761E-11,-8.62886151420383E-11));
#2650=CARTESIAN_POINT('',(-104.775,-5.88446419593693,-35.7134583333333));
#2651=CARTESIAN_POINT('',(-111.125,-5.88446419593693,-35.7134583333333));
#2652=CARTESIAN_POINT('',(-111.125,-5.88446419593693,-35.7134583333333));
#2653=CARTESIAN_POINT('',(-111.125,-1.46532092015761E-11,-8.62886151420383E-11));
#2654=CARTESIAN_POINT('',(-111.125,-19.1363922594927,-30.7225733995438));
#2655=CARTESIAN_POINT('',(104.775,-19.1363922595051,-30.7225733995438));
#2656=CARTESIAN_POINT('',(-99.0361049771307,-19.1363922595051,-30.7225733995438));
#2657=CARTESIAN_POINT('',(-99.0361049771307,-3.90312782094781E-15,-1.10815227237846E-15));
#2658=CARTESIAN_POINT('',(-99.0365332332707,-34.9238547432364,9.50804548416054));
#2659=CARTESIAN_POINT('',(-99.0361049771307,-3.90312782094781E-15,-1.10815227237846E-15));
#2660=CARTESIAN_POINT('',(-99.0366079219259,-34.8685577060306,9.7088469192386));
#2661=CARTESIAN_POINT('',(-99.0717049899962,-3.90312782094781E-15,-1.10815227237846E-15));
#2662=CARTESIAN_POINT('',(-99.0121717843792,-32.1079522620681,16.708004864039));
#2663=CARTESIAN_POINT('',(-99.0121755951766,-32.1079522620682,16.7080048799028));
#2664=CARTESIAN_POINT('',(-99.0117603831772,-32.0560493286495,16.8077473039951));
#2665=CARTESIAN_POINT('',(-99.0982702030626,-32.0030343140505,16.9080992378402));
#2666=CARTESIAN_POINT('',(-99.2111853716516,-32.0028576920931,16.9084335329929));
#2667=CARTESIAN_POINT('',(-99.2111847736938,-32.0028536661713,16.9084411529161));
#2668=CARTESIAN_POINT('',(4646.14586593716,-3.90312782094781E-15,-1.10815227237846E-15));
#2669=CARTESIAN_POINT('',(-102.811436012292,-31.9960726765856,16.9212694049429));
#2670=CARTESIAN_POINT('',(-102.871729112455,-3.90312782094781E-15,-1.10815227237846E-15));
#2671=CARTESIAN_POINT('',(-102.814699997043,-32.4639891219921,16.0052314974568));
#2672=CARTESIAN_POINT('',(-105.214684761903,-32.4597716961795,16.0137830143881));
#2673=CARTESIAN_POINT('',(-105.603930432133,-32.5879525099731,15.7539618373537));
#2674=CARTESIAN_POINT('',(-106.167356790537,-32.9444750992606,15.0139856944067));
#2675=CARTESIAN_POINT('',(-106.237027547208,-33.5378338970498,13.6391754846102));
#2676=CARTESIAN_POINT('',(-105.465930645467,-34.0003610813678,12.4240597594232));
#2677=CARTESIAN_POINT('',(-104.034373024098,-34.1802945668727,11.9051633762418));
#2678=CARTESIAN_POINT('',(-102.593370287024,-34.0058149706019,12.4088531996156));
#2679=CARTESIAN_POINT('',(-101.80912116658,-33.5448161447434,13.6219835227966));
#2680=CARTESIAN_POINT('',(-101.868750078855,-32.9518649283794,14.9978918164035));
#2681=CARTESIAN_POINT('',(-102.427478245341,-32.5933948362679,15.7427532133255));
#2682=CARTESIAN_POINT('',(-102.814699997043,-32.4639891219921,16.0052314974568));
#2683=CARTESIAN_POINT('',(-105.214684761903,-32.4597716961795,16.0137830143881));
#2684=CARTESIAN_POINT('',(-105.271744347692,-3.90312782094781E-15,-1.10815227237846E-15));
#2685=CARTESIAN_POINT('',(-105.211420777152,-31.9915487051388,16.9298209218743));
#2686=CARTESIAN_POINT('',(4646.14586593716,-3.90312782094781E-15,-1.10815227237846E-15));
#2687=CARTESIAN_POINT('',(-111.124288350219,-31.9803904620459,16.9508893836013));
#2688=CARTESIAN_POINT('',(-111.184686990947,-3.90312782094781E-15,-1.10815227237846E-15));
#2689=CARTESIAN_POINT('',(-111.059093448507,-8.226,35.2478502748749));
#2690=CARTESIAN_POINT('',(104.775,-8.226,35.2478502748749));
#2691=CARTESIAN_POINT('',(-111.125,-8.226,35.2478502747022));
#2692=CARTESIAN_POINT('',(-111.125,-1.46532092015761E-11,-8.62886151420383E-11));
#2693=CARTESIAN_POINT('',(-111.125,-5.88446419593694,35.7134583333333));
#2694=CARTESIAN_POINT('',(-111.125,-5.88446419593694,35.7134583333333));
#2695=CARTESIAN_POINT('',(-104.775,-5.88446419593694,35.7134583333333));
#2696=CARTESIAN_POINT('',(-104.775,-1.46532092015761E-11,-8.62886151420383E-11));
#2697=CARTESIAN_POINT('',(-104.775,-6.35000000000723,35.6336291301855));
#2698=CARTESIAN_POINT('',(104.775,-6.35,35.6336291303595));
#2699=CARTESIAN_POINT('',(104.775,-6.35,35.6336291303595));
#2700=CARTESIAN_POINT('',(104.775,-1.46532092015761E-11,-8.62886151420383E-11));
#2701=CARTESIAN_POINT('',(104.775,-5.88446419593694,35.7134583333333));
#2702=CARTESIAN_POINT('',(111.125,-5.88446419593694,35.7134583333333));
#2703=CARTESIAN_POINT('',(111.125,-5.88446419593694,35.7134583333333));
#2704=CARTESIAN_POINT('',(111.125,-1.46532092015761E-11,-8.62886151420383E-11));
#2705=CARTESIAN_POINT('',(111.125,-31.8293903557384,17.2327576021266));
#2706=CARTESIAN_POINT('',(4947.5015205132,-3.90312782094781E-15,-1.10815227237846E-15));
#2707=CARTESIAN_POINT('',(110.515783355224,-31.8282150030189,17.2349283352616));
#2708=CARTESIAN_POINT('',(110.454372639777,-3.90312782094781E-15,-1.10815227237846E-15));
#2709=CARTESIAN_POINT('',(39.499260201168,-3.90312782094781E-15,-1.10815227237846E-15));
#2710=CARTESIAN_POINT('',(39.499260201168,-35.9530226004713,-4.1783));
#2711=CARTESIAN_POINT('',(39.499260201168,-35.9530226004713,4.1783));
#2712=CARTESIAN_POINT('',(104.775,-35.9530226004713,-4.1783));
#2713=CARTESIAN_POINT('',(48.630560201168,-35.9530226004713,-4.1783));
#2714=CARTESIAN_POINT('',(48.630560201168,-3.90312782094781E-15,-1.10815227237846E-15));
#2715=CARTESIAN_POINT('',(48.630560201168,-35.9530226004713,4.1783));
#2716=CARTESIAN_POINT('',(104.775,-35.9530226004713,4.1783));
#2717=CARTESIAN_POINT('',(57.761860201168,-3.90312782094781E-15,-1.10815227237846E-15));
#2718=CARTESIAN_POINT('',(57.761860201168,-35.9530226004713,-4.1783));
#2719=CARTESIAN_POINT('',(57.761860201168,-35.9530226004713,4.1783));
#2720=CARTESIAN_POINT('',(104.775,-35.9530226004713,-4.1783));
#2721=CARTESIAN_POINT('',(66.893160201168,-35.9530226004713,-4.1783));
#2722=CARTESIAN_POINT('',(66.893160201168,-3.90312782094781E-15,-1.10815227237846E-15));
#2723=CARTESIAN_POINT('',(66.893160201168,-35.9530226004713,4.1783));
#2724=CARTESIAN_POINT('',(104.775,-35.9530226004713,4.1783));
#2725=CARTESIAN_POINT('',(104.775,-35.9530226004713,-4.1783));
#2726=CARTESIAN_POINT('',(85.1557602011681,-35.9530226004713,-4.1783));
#2727=CARTESIAN_POINT('',(76.024460201168,-35.9530226004713,-4.1783));
#2728=CARTESIAN_POINT('',(85.1557602011681,-3.90312782094781E-15,-1.10815227237846E-15));
#2729=CARTESIAN_POINT('',(85.1557602011681,-35.9530226004713,4.1783));
#2730=CARTESIAN_POINT('',(104.775,-35.9530226004713,4.1783));
#2731=CARTESIAN_POINT('',(76.024460201168,-35.9530226004713,4.1783));
#2732=CARTESIAN_POINT('',(76.024460201168,-3.90312782094781E-15,-1.10815227237846E-15));
#2733=CARTESIAN_POINT('',(104.290168161876,-35.277,10.0570654594222));
#2734=CARTESIAN_POINT('',(111.099345449206,-35.277,10.0328033075478));
#2735=CARTESIAN_POINT('',(111.099345449206,-35.277,10.0328033075478));
#2736=CARTESIAN_POINT('',(111.099345449206,-31.8293903557384,10.0328033075478));
#2737=CARTESIAN_POINT('',(104.290168161876,-35.277,10.0570654594222));
#2738=CARTESIAN_POINT('',(94.4902303720322,-35.277,10.0919841535586));
#2739=CARTESIAN_POINT('',(94.4902303720322,-35.277,10.0919841535586));
#2740=CARTESIAN_POINT('',(94.4902303720322,-8.353,10.0919841535586));
#2741=CARTESIAN_POINT('',(104.290168161876,-8.353,10.0570654594222));
#2742=CARTESIAN_POINT('',(110.490128804429,-8.353,10.0349740406828));
#2743=CARTESIAN_POINT('',(110.490128804429,-35.277,10.0349740406828));
#2744=CARTESIAN_POINT('',(110.490128804429,-31.8282150030189,10.0349740406828));
#2745=CARTESIAN_POINT('',(4947.4758659624,-1.12364898509632E-14,-7.19995429457881));
#2746=CARTESIAN_POINT('',(109.306170516246,-35.277,14.5392212332603));
#2747=CARTESIAN_POINT('',(111.111240752542,-35.277,13.3712223282784));
#2748=CARTESIAN_POINT('',(111.111240752542,-31.8293903557384,13.3712223282784));
#2749=CARTESIAN_POINT('',(109.306170516246,-31.8258998990227,14.5392212332603));
#2750=CARTESIAN_POINT('',(110.499806426879,-31.8282150030189,12.7510005218136));
#2751=CARTESIAN_POINT('',(110.499806426879,-35.277,12.7510005218136));
#2752=CARTESIAN_POINT('',(110.499806426879,-8.353,12.7510005218136));
#2753=CARTESIAN_POINT('',(109.306170516246,-8.353,14.5392212332602));
#2754=CARTESIAN_POINT('',(108.112534605613,-8.353,16.3274419447068));
#2755=CARTESIAN_POINT('',(108.112534605613,-35.277,16.3274419447069));
#2756=CARTESIAN_POINT('',(109.306170516246,-35.277,14.5392212332603));
#2757=CARTESIAN_POINT('',(110.512519370472,-35.277,16.3188904277755));
#2758=CARTESIAN_POINT('',(110.512519370472,-31.8282150030189,16.3188904277755));
#2759=CARTESIAN_POINT('',(109.306170516246,-31.8258998990227,14.5392212332603));
#2760=CARTESIAN_POINT('',(111.119518334362,-31.8293903557384,15.6943271550406));
#2761=CARTESIAN_POINT('',(111.119518334362,-35.277,15.6943271550406));
#2762=CARTESIAN_POINT('',(111.125,-19.859242913127,0.));
#2763=CARTESIAN_POINT('',(111.125,-4.27707894602213E-15,38.1));
#2764=CARTESIAN_POINT('',(111.125,-3.175,38.1));
#2765=CARTESIAN_POINT('',(111.125,-19.859242913127,10.0952256470919));
#2766=CARTESIAN_POINT('',(111.125,-35.2770000000007,10.0952256470919));
#2767=CARTESIAN_POINT('',(111.125,-35.277,1.57358282642683E-14));
#2768=CARTESIAN_POINT('',(111.125,-35.277,17.2327576021266));
#2769=CARTESIAN_POINT('',(111.125,-19.859242913127,17.2327576021265));
#2770=CARTESIAN_POINT('',(111.125,0.,38.1));
#2771=CARTESIAN_POINT('',(110.417975380321,-35.277,-10.21489741282));
#2772=CARTESIAN_POINT('',(110.425279801033,-31.8282150030189,-8.16491042616911));
#2773=CARTESIAN_POINT('',(104.21778474345,-35.277,-10.2573539404153));
#2774=CARTESIAN_POINT('',(111.03449644581,-35.277,-8.16708115930415));
#2775=CARTESIAN_POINT('',(111.099567869657,-35.277,10.0952256470919));
#2776=CARTESIAN_POINT('',(104.347217828035,-35.2770000000007,10.0952256470919));
#2777=CARTESIAN_POINT('',(94.2889060711057,-35.277,10.0952190700135));
#2778=CARTESIAN_POINT('',(94.2870602011681,-35.2770000000007,-10.1913539692501));
#2779=CARTESIAN_POINT('',(94.2882896109872,-35.277,9.89269961841564));
#2780=CARTESIAN_POINT('',(94.4895177456213,-35.277,9.89198542315363));
#2781=CARTESIAN_POINT('',(104.21778474345,-8.353,-10.2573539404153));
#2782=CARTESIAN_POINT('',(110.425279801033,-8.353,-8.16491042616913));
#2783=CARTESIAN_POINT('',(94.4895177456213,-8.353,9.8919854231536));
#2784=CARTESIAN_POINT('',(94.2895190208064,-8.353,9.89269961841564));
#2785=CARTESIAN_POINT('',(94.2180782175189,-8.353,-10.1571746735333));
#2786=CARTESIAN_POINT('',(94.3151745426401,-8.353,17.0929264354525));
#2787=CARTESIAN_POINT('',(94.5154457859026,-8.353,17.0916642723051));
#2788=CARTESIAN_POINT('',(94.5156108315172,-8.353,17.2919394247671));
#2789=CARTESIAN_POINT('',(114.315759232918,-8.353,17.2213884334536));
#2790=CARTESIAN_POINT('',(98.1158620701157,-8.353,17.2791111727403));
#2791=CARTESIAN_POINT('',(98.0180540952132,-8.353,-10.1707145753413));
#2792=CARTESIAN_POINT('',(98.1125980853645,-8.353,16.3630732652542));
#2793=CARTESIAN_POINT('',(99.3062339959977,-8.353,14.5748525538076));
#2794=CARTESIAN_POINT('',(100.512582850224,-8.353,16.3545217483228));
#2795=CARTESIAN_POINT('',(100.418038860073,-8.353,-10.1792660922727));
#2796=CARTESIAN_POINT('',(100.515846834975,-8.353,17.2705596558089));
#2797=CARTESIAN_POINT('',(114.315759232918,-8.353,17.2213884334536));
#2798=CARTESIAN_POINT('',(108.115798590364,-8.353,17.243479852193));
#2799=CARTESIAN_POINT('',(108.017990615461,-8.353,-10.2063458958886));
#2800=CARTESIAN_POINT('',(104.34721782803,-25399.353,10.0952256471178));
#2801=CARTESIAN_POINT('',(104.347217828035,-35.2770000000007,10.0952256470919));
#2802=CARTESIAN_POINT('',(94.2870602011623,-25399.353,10.0952256471178));
#2803=CARTESIAN_POINT('',(111.125,-19.859242913127,0.));
#2804=CARTESIAN_POINT('',(111.125,3.88825358729285E-16,-38.1));
#2805=CARTESIAN_POINT('',(111.125,-3.175,-38.1));
#2806=CARTESIAN_POINT('',(111.125,-19.859242913127,-30.4779335856437));
#2807=CARTESIAN_POINT('',(111.125,1.04083408558608E-14,-38.1));
#2808=CARTESIAN_POINT('',(-111.125,-19.859242913127,0.));
#2809=CARTESIAN_POINT('',(-111.125,-4.27707894602213E-15,38.1));
#2810=CARTESIAN_POINT('',(-111.125,-3.175,38.1));
#2811=CARTESIAN_POINT('',(-111.125,-8.226,-1.18581525446853E-14));
#2812=CARTESIAN_POINT('',(-111.125,0.,38.1));
#2813=CARTESIAN_POINT('',(-99.011460134598,-35.912,16.9077295031349));
#2814=CARTESIAN_POINT('',(-111.124288350219,-35.912,16.9508893836013));
#2815=CARTESIAN_POINT('',(-111.124288350219,-8.226,16.9508893836013));
#2816=CARTESIAN_POINT('',(-105.211420777152,-35.912,16.9298209218743));
#2817=CARTESIAN_POINT('',(-105.211420777152,-8.226,16.9298209218742));
#2818=CARTESIAN_POINT('',(-99.011460134598,-8.226,16.9077295031348));
#2819=CARTESIAN_POINT('',(-111.125,-19.859242913127,0.));
#2820=CARTESIAN_POINT('',(-111.125,-25399.226,9.72912764224277));
#2821=CARTESIAN_POINT('',(-111.125,-34.8629043585651,9.72912764221692));
#2822=CARTESIAN_POINT('',(-111.125,-1.46532092015761E-11,-8.62886151420383E-11));
#2823=CARTESIAN_POINT('',(-111.125,-34.8685577060306,9.7088469192386));
#2824=CARTESIAN_POINT('',(-111.125,-19.859242913127,9.70884691923859));
#2825=CARTESIAN_POINT('',(-109.109434624065,-8.226,-10.5710128707341));
#2826=CARTESIAN_POINT('',(-111.03449644581,-8.226,42.1510035059361));
#2827=CARTESIAN_POINT('',(-111.125,-8.226,16.7511647445054));
#2828=CARTESIAN_POINT('',(-105.309228752054,-8.226,-10.5200048262074));
#2829=CARTESIAN_POINT('',(-105.214684761903,-8.226,16.0137830143881));
#2830=CARTESIAN_POINT('',(-104.02104885127,-8.226,14.2255623029415));
#2831=CARTESIAN_POINT('',(-102.814699997043,-8.226,16.0052314974568));
#2832=CARTESIAN_POINT('',(-102.909243987195,-8.226,-10.5285563431388));
#2833=CARTESIAN_POINT('',(-102.811436012292,-8.226,16.9212694049429));
#2834=CARTESIAN_POINT('',(-99.011460134598,-8.226,16.9077295031348));
#2835=CARTESIAN_POINT('',(-99.2111847736938,-8.226,16.908441152916));
#2836=CARTESIAN_POINT('',(-99.2124469368411,-8.226,16.7081699096535));
#2837=CARTESIAN_POINT('',(-99.0121717843792,-8.226,16.708004864039));
#2838=CARTESIAN_POINT('',(-99.1092681095005,-8.226,-10.5420962449468));
#2839=CARTESIAN_POINT('',(-99.0378273034179,-8.226,9.50777883142772));
#2840=CARTESIAN_POINT('',(-99.237826042208,-8.226,9.50848910456204));
#2841=CARTESIAN_POINT('',(-99.237113415797,-8.226,9.708487834967));
#2842=CARTESIAN_POINT('',(-109.03705120564,-8.226,9.7434065291034));
#2843=CARTESIAN_POINT('',(-111.125,-8.226,9.75084621360816));
#2844=CARTESIAN_POINT('',(-111.125,-8.226,-10.499034905337));
#2845=CARTESIAN_POINT('',(-99.0361049771307,-62.726,-10.5068632401525));
#2846=CARTESIAN_POINT('',(-99.0361049771307,-35.912,-10.5068632401526));
#2847=CARTESIAN_POINT('',(-99.0369661402743,-35.912,9.50777883142775));
#2848=CARTESIAN_POINT('',(-99.0361049771307,-35.912,9.7088469192386));
#2849=CARTESIAN_POINT('',(-99.0378273034179,-35.912,9.50777883142775));
#2850=CARTESIAN_POINT('',(-99.0361049771307,-62.726,-30.7225733995437));
#2851=CARTESIAN_POINT('',(-99.0361049771307,-62.726,9.70884691923863));
#2852=CARTESIAN_POINT('',(104.775,-3.90312782094781E-15,-1.10815227237846E-15));
#2853=CARTESIAN_POINT('',(-111.021123896201,-34.8569396401444,9.75047608698348));
#2854=CARTESIAN_POINT('',(-111.055789930486,-34.8588787205409,9.74354407589655));
#2855=CARTESIAN_POINT('',(-111.090415285396,-34.8608670888658,9.73642790024502));
#2856=CARTESIAN_POINT('',(-111.125,-34.8629043586657,9.72912764221577));
#2857=CARTESIAN_POINT('',(-111.021123896201,-34.8569396401515,9.75047608698347));
#2858=CARTESIAN_POINT('',(2625.45174363207,-3.90312782094781E-15,-1.10815227237846E-15));
#2859=CARTESIAN_POINT('',(-107.052978515081,-34.8608916607535,9.7363369712234));
#2860=CARTESIAN_POINT('',(-106.924687935337,-34.8685577060306,9.70884691923874));
#2861=CARTESIAN_POINT('',(-106.967368955125,-34.8659290340764,9.71828758716661));
#2862=CARTESIAN_POINT('',(-107.010132379351,-34.8633733718069,9.72745122082015));
#2863=CARTESIAN_POINT('',(-107.052978515081,-34.8608916607534,9.73633697122354));
#2864=CARTESIAN_POINT('',(-106.924687935337,-34.8685577060306,9.7088469192387));
#2865=CARTESIAN_POINT('',(104.775,-34.8685577060306,9.7088469192386));
#2866=CARTESIAN_POINT('',(-111.125,-19.859242913127,0.));
#2867=CARTESIAN_POINT('',(-111.125,-35.912,1.63631107611551E-14));
#2868=CARTESIAN_POINT('',(-111.125,-35.912,16.7511647445055));
#2869=CARTESIAN_POINT('',(-111.125,-35.912,16.7511647445055));
#2870=CARTESIAN_POINT('',(-111.125,-19.859242913127,9.75084621360818));
#2871=CARTESIAN_POINT('',(-109.037051205646,-25399.226,9.74340652912929));
#2872=CARTESIAN_POINT('',(-99.237113415797,-35.912,9.70848783496703));
#2873=CARTESIAN_POINT('',(-99.237113415797,-34.8686076969822,9.70848783496703));
#2874=CARTESIAN_POINT('',(104.775,-34.8685577060306,9.7088469192386));
#2875=CARTESIAN_POINT('',(-99.3378904812001,-34.8685577060307,9.7088469192386));
#2876=CARTESIAN_POINT('',(-99.3378904812055,-25399.226,9.70884691926446));
#2877=CARTESIAN_POINT('',(-107.052978515086,-25399.226,9.73633697124925));
#2878=CARTESIAN_POINT('',(-111.021123896206,-25399.226,9.75047608700932));
#2879=CARTESIAN_POINT('',(-109.071761406852,-25399.226,0.00198231765231888));
#2880=CARTESIAN_POINT('',(-106.924687935342,-25399.226,9.70884691926446));
#2881=CARTESIAN_POINT('',(-111.125,-19.859242913127,0.));
#2882=CARTESIAN_POINT('',(-111.125,3.88825358729285E-16,-38.1));
#2883=CARTESIAN_POINT('',(-111.125,-3.175,-38.1));
#2884=CARTESIAN_POINT('',(-111.125,-19.859242913127,-30.7225733995438));
#2885=CARTESIAN_POINT('',(-111.125,1.04083408558608E-14,-38.1));
#2886=CARTESIAN_POINT('',(104.775,-6.2691988613074,37.5785437318464));
#2887=CARTESIAN_POINT('',(-104.775,-6.2691988613074,37.5785437318464));
#2888=CARTESIAN_POINT('',(104.775,-6.2691988613074,37.5785437318464));
#2889=CARTESIAN_POINT('',(104.775,-6.2691988613074,-37.5785437318464));
#2890=CARTESIAN_POINT('',(-104.775,-6.2691988613074,-37.5785437318464));
#2891=CARTESIAN_POINT('',(104.775,-6.2691988613074,-37.5785437318464));
#2892=CARTESIAN_POINT('',(104.775,-19.859242913127,0.));
#2893=CARTESIAN_POINT('',(104.775,3.88825358729285E-16,-38.1));
#2894=CARTESIAN_POINT('',(104.775,-3.175,-38.1));
#2895=CARTESIAN_POINT('',(104.775,1.04083408558608E-14,-38.1));
#2896=CARTESIAN_POINT('',(111.125,0.,38.1));
#2897=CARTESIAN_POINT('',(104.775,0.,38.1));
#2898=CARTESIAN_POINT('',(111.125,1.04083408558608E-14,-38.1));
#2899=CARTESIAN_POINT('',(111.125,3.88825358729285E-16,-38.1));
#2900=CARTESIAN_POINT('',(111.125,-4.27707894602213E-15,38.1));
#2901=CARTESIAN_POINT('',(104.775,-4.27707894602213E-15,38.1));
#2902=CARTESIAN_POINT('',(104.775,-3.175,38.1));
#2903=CARTESIAN_POINT('',(104.775,-19.859242913127,0.));
#2904=CARTESIAN_POINT('',(-104.775,-19.859242913127,0.));
#2905=CARTESIAN_POINT('',(-104.775,-4.27707894602213E-15,38.1));
#2906=CARTESIAN_POINT('',(-104.775,-3.175,38.1));
#2907=CARTESIAN_POINT('',(-104.775,0.,38.1));
#2908=CARTESIAN_POINT('',(-111.125,0.,38.1));
#2909=CARTESIAN_POINT('',(-111.125,1.04083408558608E-14,-38.1));
#2910=CARTESIAN_POINT('',(-104.775,1.04083408558608E-14,-38.1));
#2911=CARTESIAN_POINT('',(-111.125,3.88825358729285E-16,-38.1));
#2912=CARTESIAN_POINT('',(-104.775,3.88825358729285E-16,-38.1));
#2913=CARTESIAN_POINT('',(-104.775,-3.175,-38.1));
#2914=CARTESIAN_POINT('',(-111.125,-4.27707894602213E-15,38.1));
#2915=CARTESIAN_POINT('',(-104.775,-19.859242913127,0.));
#2916=CARTESIAN_POINT('',(-17.4625,-50.8,-34.925));
#2917=CARTESIAN_POINT('',(0.,-50.8,-34.925));
#2918=CARTESIAN_POINT('',(-69.85,-50.8,-34.925));
#2919=CARTESIAN_POINT('',(-69.85,-50.8,0.));
#2920=CARTESIAN_POINT('',(-69.85,-50.8,34.925));
#2921=CARTESIAN_POINT('',(-52.3875,-50.8,34.925));
#2922=CARTESIAN_POINT('',(0.,-50.8,34.925));
#2923=CARTESIAN_POINT('',(0.,-50.8,0.));
#2924=CARTESIAN_POINT('',(-109.071761406852,-25399.226,0.00198231765231888));
#2925=CARTESIAN_POINT('',(-109.108343462413,-62.726,9.70884691923863));
#2926=CARTESIAN_POINT('',(-109.108343462413,-62.726,9.70884691923863));
#2927=CARTESIAN_POINT('',(-99.237113415797,-35.912,9.70848783496703));
#2928=CARTESIAN_POINT('',(-99.237113415797,-35.912,9.70866737710281));
#2929=CARTESIAN_POINT('',(-109.108343462413,-35.912,9.7088469192386));
#2930=CARTESIAN_POINT('',(-109.108343462413,-62.726,-30.7225733995437));
#2931=CARTESIAN_POINT('',(-99.011460134598,-35.912,16.9077295031349));
#2932=CARTESIAN_POINT('',(-99.2111847736938,-35.912,16.9084411529161));
#2933=CARTESIAN_POINT('',(-102.811436012292,-35.912,16.9212694049429));
#2934=CARTESIAN_POINT('',(-102.909243987195,-35.912,-10.5285563431387));
#2935=CARTESIAN_POINT('',(-102.814699997043,-35.912,16.0052314974568));
#2936=CARTESIAN_POINT('',(-105.309228752054,-35.912,-10.5200048262074));
#2937=CARTESIAN_POINT('',(-105.214684761903,-35.912,16.0137830143881));
#2938=CARTESIAN_POINT('',(-99.1092681095005,-35.912,-10.5420962449467));
#2939=CARTESIAN_POINT('',(-99.0378273034179,-35.912,9.50777883142775));
#2940=CARTESIAN_POINT('',(-99.0121717843792,-35.912,16.7080048640391));
#2941=CARTESIAN_POINT('',(-99.237826042208,-35.912,9.50848910456206));
#2942=CARTESIAN_POINT('',(-99.237826042208,-35.912,9.50848910456206));
#2943=CARTESIAN_POINT('',(-99.2117762980974,-35.912,16.7088357861866));
#2944=CARTESIAN_POINT('',(-104.02104885127,-35.912,14.2255623029415));
#2945=CARTESIAN_POINT('',(-109.109434624065,-35.912,-10.571012870734));
#2946=CARTESIAN_POINT('',(-111.006840936672,-35.912,42.1509049650796));
#2947=CARTESIAN_POINT('',(-111.03449644581,-35.912,42.1510035059362));
#2948=CARTESIAN_POINT('',(-111.006840936672,-8.226,42.1509049650795));
#2949=CARTESIAN_POINT('',(-111.03449644581,-8.226,42.1510035059361));
#2950=CARTESIAN_POINT('',(-111.03449644581,-35.912,42.1510035059362));
#2951=CARTESIAN_POINT('',(94.2870602011623,-25399.353,-10.1913539692501));
#2952=CARTESIAN_POINT('',(94.2895190208064,-35.277,9.89269961841566));
#2953=CARTESIAN_POINT('',(94.2870602011623,-25399.353,-30.4779335856179));
#2954=CARTESIAN_POINT('',(104.34721782803,-25399.353,-30.4779335856179));
#2955=CARTESIAN_POINT('',(114.315759232918,-35.277,17.2213884334537));
#2956=CARTESIAN_POINT('',(98.1158620701157,-35.277,17.2791111727404));
#2957=CARTESIAN_POINT('',(94.5156108315172,-35.277,17.2919394247671));
#2958=CARTESIAN_POINT('',(108.017990615461,-35.277,-10.2063458958886));
#2959=CARTESIAN_POINT('',(108.115798590364,-35.277,17.243479852193));
#2960=CARTESIAN_POINT('',(114.315759232918,-35.277,17.2213884334537));
#2961=CARTESIAN_POINT('',(100.515846834975,-35.277,17.270559655809));
#2962=CARTESIAN_POINT('',(100.418038860073,-35.277,-10.1792660922726));
#2963=CARTESIAN_POINT('',(100.512582850224,-35.277,16.3545217483229));
#2964=CARTESIAN_POINT('',(98.0180540952132,-35.277,-10.1707145753413));
#2965=CARTESIAN_POINT('',(98.1125980853645,-35.277,16.3630732652542));
#2966=CARTESIAN_POINT('',(94.2180782175189,-35.277,-10.1571746735333));
#2967=CARTESIAN_POINT('',(94.3151745426401,-35.277,17.0929264354525));
#2968=CARTESIAN_POINT('',(94.2895190208064,-35.277,9.89269961841566));
#2969=CARTESIAN_POINT('',(94.5147799093696,-35.277,17.0923349110488));
#2970=CARTESIAN_POINT('',(94.4895177456213,-35.277,9.89198542315363));
#2971=CARTESIAN_POINT('',(99.3062339959977,-35.277,14.5748525538076));
#2972=CARTESIAN_POINT('',(110.425279801033,-35.277,-8.1649104261691));
#2973=CARTESIAN_POINT('',(110.425279801033,-31.8282150030189,-8.16491042616911));
#2974=CARTESIAN_POINT('',(111.03449644581,-19.859242913127,-8.16708115930416));
#2975=CARTESIAN_POINT('',(111.03449644581,-31.8293903557384,-8.16708115930415));
#2976=CARTESIAN_POINT('',(111.03449644581,-31.8293903557384,-8.16708115930415));
#2977=CARTESIAN_POINT('',(111.03449644581,-35.277,-8.16708115930415));
#2978=CARTESIAN_POINT('',(110.800717652295,-31.82880269795,11.7131134515643));
#2979=CARTESIAN_POINT('',(114.225255678728,-35.277,-8.1784503279771));
#2980=CARTESIAN_POINT('',(110.817631587695,-31.82880269795,16.4600124638283));
#2981=CARTESIAN_POINT('',(47.887045150876,-50.8,-4.1783));
#2982=CARTESIAN_POINT('',(39.499260201168,-50.8,-4.1783));
#2983=CARTESIAN_POINT('',(48.630560201168,-50.8,-4.1783));
#2984=CARTESIAN_POINT('',(39.499260201168,-50.8,3.29597460435593E-14));
#2985=CARTESIAN_POINT('',(39.499260201168,-50.8,4.1783));
#2986=CARTESIAN_POINT('',(39.499260201168,-41.2399672872442,4.1783));
#2987=CARTESIAN_POINT('',(39.499260201168,-45.3148031545913,4.1783));
#2988=CARTESIAN_POINT('',(39.499260201168,-83.185,-1.26255077818003E-29));
#2989=CARTESIAN_POINT('',(39.499260201168,-45.3148031545913,-4.1783));
#2990=CARTESIAN_POINT('',(39.499260201168,-41.2399672872442,-4.1783));
#2991=CARTESIAN_POINT('',(44.064910201168,-50.8,4.1783));
#2992=CARTESIAN_POINT('',(48.630560201168,-50.8,4.1783));
#2993=CARTESIAN_POINT('',(48.630560201168,-50.8,2.77555756156289E-14));
#2994=CARTESIAN_POINT('',(48.630560201168,-41.2399672872442,-4.1783));
#2995=CARTESIAN_POINT('',(48.630560201168,-45.3148031545913,-4.1783));
#2996=CARTESIAN_POINT('',(48.630560201168,-83.185,-1.05212564848336E-29));
#2997=CARTESIAN_POINT('',(48.630560201168,-45.3148031545913,4.1783));
#2998=CARTESIAN_POINT('',(48.630560201168,-41.2399672872442,4.1783));
#2999=CARTESIAN_POINT('',(62.327510201168,-50.8,-4.1783));
#3000=CARTESIAN_POINT('',(57.761860201168,-50.8,-4.1783));
#3001=CARTESIAN_POINT('',(66.893160201168,-50.8,-4.1783));
#3002=CARTESIAN_POINT('',(57.761860201168,-50.8,2.42861286636753E-14));
#3003=CARTESIAN_POINT('',(57.761860201168,-50.8,4.1783));
#3004=CARTESIAN_POINT('',(57.761860201168,-41.2399672872442,4.1783));
#3005=CARTESIAN_POINT('',(57.761860201168,-45.3148031545913,4.1783));
#3006=CARTESIAN_POINT('',(57.761860201168,-83.185,-8.41700518786685E-30));
#3007=CARTESIAN_POINT('',(57.761860201168,-45.3148031545913,-4.1783));
#3008=CARTESIAN_POINT('',(57.761860201168,-41.2399672872442,-4.1783));
#3009=CARTESIAN_POINT('',(62.327510201168,-50.8,4.1783));
#3010=CARTESIAN_POINT('',(66.893160201168,-50.8,4.1783));
#3011=CARTESIAN_POINT('',(66.893160201168,-50.8,2.16840434497101E-14));
#3012=CARTESIAN_POINT('',(66.893160201168,-41.2399672872442,-4.1783));
#3013=CARTESIAN_POINT('',(66.893160201168,-45.3148031545913,-4.1783));
#3014=CARTESIAN_POINT('',(66.893160201168,-83.185,-6.31275389090014E-30));
#3015=CARTESIAN_POINT('',(66.893160201168,-45.3148031545913,4.1783));
#3016=CARTESIAN_POINT('',(66.893160201168,-41.2399672872442,4.1783));
#3017=CARTESIAN_POINT('',(85.1557602011681,-50.8,1.90819582357449E-14));
#3018=CARTESIAN_POINT('',(85.1557602011681,-50.8,-4.1783));
#3019=CARTESIAN_POINT('',(85.1557602011681,-50.8,4.1783));
#3020=CARTESIAN_POINT('',(80.5901102011681,-50.8,-4.1783));
#3021=CARTESIAN_POINT('',(76.024460201168,-50.8,-4.1783));
#3022=CARTESIAN_POINT('',(76.024460201168,-50.8,1.99493199737333E-14));
#3023=CARTESIAN_POINT('',(76.024460201168,-50.8,4.1783));
#3024=CARTESIAN_POINT('',(76.024460201168,-41.2399672872442,4.1783));
#3025=CARTESIAN_POINT('',(76.024460201168,-45.3148031545913,4.1783));
#3026=CARTESIAN_POINT('',(76.024460201168,-83.185,-4.20850259393342E-30));
#3027=CARTESIAN_POINT('',(76.024460201168,-45.3148031545913,-4.1783));
#3028=CARTESIAN_POINT('',(76.024460201168,-41.2399672872442,-4.1783));
#3029=CARTESIAN_POINT('',(80.5901102011681,-50.8,4.1783));
#3030=CARTESIAN_POINT('',(66.891160201168,-41.2399672872442,4.1783));
#3031=CARTESIAN_POINT('',(66.891160201168,-45.3148031545913,4.1783));
#3032=CARTESIAN_POINT('',(66.891160201168,-83.185,-6.31321477846203E-30));
#3033=CARTESIAN_POINT('',(66.891160201168,-45.3148031545913,-4.1783));
#3034=CARTESIAN_POINT('',(66.891160201168,-41.2399672872442,-4.1783));
#3035=CARTESIAN_POINT('',(48.628560201168,-41.2399672872442,4.1783));
#3036=CARTESIAN_POINT('',(48.628560201168,-45.3148031545913,4.1783));
#3037=CARTESIAN_POINT('',(48.628560201168,-83.185,-1.05217173723955E-29));
#3038=CARTESIAN_POINT('',(48.628560201168,-45.3148031545913,-4.1783));
#3039=CARTESIAN_POINT('',(48.628560201168,-41.2399672872442,-4.1783));
#3040=CARTESIAN_POINT('',(30.365960201168,-41.2399672872442,4.1783));
#3041=CARTESIAN_POINT('',(30.367960201168,-41.2399672872442,4.1783));
#3042=CARTESIAN_POINT('',(30.367960201168,-45.3148031545913,4.1783));
#3043=CARTESIAN_POINT('',(30.365960201168,-45.3148031545913,4.1783));
#3044=CARTESIAN_POINT('',(30.365960201168,-83.185,-1.47302199663289E-29));
#3045=CARTESIAN_POINT('',(30.367960201168,-83.185,-1.4729759078767E-29));
#3046=CARTESIAN_POINT('',(30.367960201168,-45.3148031545913,-4.1783));
#3047=CARTESIAN_POINT('',(30.365960201168,-45.3148031545913,-4.1783));
#3048=CARTESIAN_POINT('',(30.365960201168,-41.2399672872442,-4.1783));
#3049=CARTESIAN_POINT('',(30.367960201168,-41.2399672872442,-4.1783));
#3050=CARTESIAN_POINT('',(30.367960201168,-50.8,3.90312782094781E-14));
#3051=MECHANICAL_DESIGN_GEOMETRIC_PRESENTATION_REPRESENTATION('',(#1775),
#3052);
#3052=(
GEOMETRIC_REPRESENTATION_CONTEXT(3)
GLOBAL_UNCERTAINTY_ASSIGNED_CONTEXT((#3053))
GLOBAL_UNIT_ASSIGNED_CONTEXT((#3056,#3055,#3054))
REPRESENTATION_CONTEXT('Part 8','TOP_LEVEL_ASSEMBLY_PART')
);
#3053=UNCERTAINTY_MEASURE_WITH_UNIT(LENGTH_MEASURE(0.0236917633102648),
#3056,'DISTANCE_ACCURACY_VALUE','Maximum Tolerance applied to model');
#3054=(
NAMED_UNIT(*)
SI_UNIT($,.STERADIAN.)
SOLID_ANGLE_UNIT()
);
#3055=(
NAMED_UNIT(*)
PLANE_ANGLE_UNIT()
SI_UNIT($,.RADIAN.)
);
#3056=(
LENGTH_UNIT()
NAMED_UNIT(*)
SI_UNIT(.MILLI.,.METRE.)
);
#3057=PRODUCT_DEFINITION_SHAPE('','',#3058);
#3058=PRODUCT_DEFINITION('','',#3060,#3059);
#3059=PRODUCT_DEFINITION_CONTEXT('',#3066,'design');
#3060=PRODUCT_DEFINITION_FORMATION_WITH_SPECIFIED_SOURCE('','',#3062,
 .NOT_KNOWN.);
#3061=PRODUCT_RELATED_PRODUCT_CATEGORY('','',(#3062));
#3062=PRODUCT('Part 8','Part 8','Part 8',(#3064));
#3063=PRODUCT_CATEGORY('','');
#3064=PRODUCT_CONTEXT('',#3066,'mechanical');
#3065=APPLICATION_PROTOCOL_DEFINITION('international standard',
'ap242_managed_model_based_3d_engineering',2020,#3066);
#3066=APPLICATION_CONTEXT('managed model based 3d engineering');
ENDSEC;
END-ISO-10303-21;
